substance,interactant,niveau,description,conduite
ABATACEPT,ANTI-TNF ALPHA,AD,Majoration de l'immunodépression.,
ABATACEPT,VACCINS VIVANTS ATTÉNUÉS,AD,"Risque de maladie vaccinale généralisée, éventuellement mortelle.",ainsi que pendant les 3 mois suivant l'arrêt du traitement.
ABIRATERONE,INDUCTEURS ENZYMATIQUES PUISSANTS,AD,"Diminution notable des concentrations plasmatiques de l'abiratérone, avec risque de moindre efficacité.",
ABIRATERONE,METOPROLOL,PE,"Chez l'insuffisant cardiaque, risque d'augmentation des effets indésirables du métoprolol, par diminution de son métabolisme hépatique par l'abiratérone.","Surveillance clinique. Si besoin, adaptation de la posologie du métoprolol pendant le traitement par l'abiratérone."
ABIRATERONE,PROPAFENONE,PE,"Risque d'augmentation des effets indésirables de la propafénone, par diminution de son métabolisme hépatique par l'abiratérone.","Surveillance clinique. Si besoin, adaptation de la posologie de la propafénone pendant le traitement par l'abiratérone."
ABIRATERONE,RIFAMPICINE,AD,"Diminution notable des concentrations plasmatiques de l'abiratérone, avec risque de moindre efficacité.",
ABROCITINIB,FLUCONAZOLE,PE,Risque de majoration des effets indésirables de l'abrocitinib par diminution de son métabolisme.,Réduire la posologie de l'abrocitinib de moitié en cas de traitement par le fluconazole.
ABROCITINIB,FLUVOXAMINE,PE,Risque de majoration des effets indésirables de l'abrocitinib par diminution de son métabolisme.,Réduire la posologie de l'abrocitinib de moitié en cas de traitement par la fluvoxamine.
ACETAZOLAMIDE,ACIDE ACETYLSALICYLIQUE,AD,"Majoration des effets indésirables, et notamment de l'acidose métabolique, de l'acide acétylsalicylique à doses élevées et de l'acétazolamide, par diminution de l'élimination de l'acide acétylsalicylique par l'acétazolamide.",
ACETAZOLAMIDE,CARBAMAZEPINE,PE,Augmentation des concentrations plasmatiques de carbamazépine avec signes de surdosage.,"Surveillance clinique et, si besoin, contrôle des concentrations plasmatiques de carbamazépine et réduction éventuelle de sa posologie."
ACETAZOLAMIDE,LITHIUM,PE,Diminution de la lithémie avec risque de baisse de l'efficacité thérapeutique.,Surveillance stricte de la lithémie et adaptation éventuelle de la posologie du lithium.
ACETAZOLAMIDE,"VALPROÏQUE (ACIDE) ET, PAR EXTRAPOLATION, VALPROMIDE",PE,"Augmentation de l'hyperammoniémie, avec risque accru d'encéphalopathie.",Surveillance clinique et biologique régulière.
ACIDE ACETOHYDROXAMIQUE,FER,APEC,Diminution de l'absorption digestive de ces deux médicaments par chélation du fer.,
ACIDE ACETYLSALICYLIQUE,ACETAZOLAMIDE,AD,"Majoration des effets indésirables, et notamment de l'acidose métabolique, de l'acide acétylsalicylique à doses élevées et de l'acétazolamide, par diminution de l'élimination de l'acide acétylsalicylique par l'acétazolamide.",
ACIDE ACETYLSALICYLIQUE,ANTAGONISTES DES RÉCEPTEURS DE L'ANGIOTENSINE II,PE,"Pour des doses anti-inflammatoires d'acide acétylsalicylique (>= 1g par prise et/ou >= 3g par jour) ou pour des doses antalgiques ou antipyrétiques (>= 500 mg par prise et/ou < 3g par jour) : Insuffisance rénale aiguë chez le patient à risque (âgé, déshydraté, sous diurétiques, avec une fonction rénale altérée), par diminution de la filtration glomérulaire secondaire à une diminution de la synthèse des prostaglandines rénales. Par ailleurs, réduction de l'effet antihypertenseur.",Hydrater le malade et surveiller la fonction rénale en début de traitement et régulièrement pendant l'association.
ACIDE ACETYLSALICYLIQUE,ANTICOAGULANTS ORAUX,APEC,"Majoration du risque hémorragique, notamment en cas d'antécédent d'ulcère gastro-duodénal.","CI - ASDEC - APEC Contre-indication avec : - des doses anti-inflammatoires d'acide acétylsalicylique (>=1g par prise et/ou >=3g par jour) - des doses antalgiques ou antipyrétiques (>=500 mg par prise et/ou <3g par jour) et en cas d'antécédent d'ulcère gastro-duodénal Association déconseillée avec : - des doses antalgiques ou antipyrétiques (>=500 mg par prise et/ou <3g par jour) en l'absence d'antécédent d'ulcère gastro-duodénal - des doses antiagrégantes (de 50 mg à 375 mg par jour) et en cas d'antécédent d'ulcère gastro-duodénal. Nécessité d'un contrôle le cas échéant, en particulier du temps de saignement. avec : - des doses antiagrégantes (de 50 mg à 375 mg par jour)"
ACIDE ACETYLSALICYLIQUE,ANTI-INFLAMMATOIRES NON STÉROÏDIENS,APEC,Majoration du risque ulcérogène et hémorragique digestif.,ASDEC - APEC Association déconseillée avec : - des doses anti-inflammatoires d'acide acétylsalicylique (>=1g par prise et/ou >=3g par jour) - des doses antalgiques ou antipyrétiques (>=500 mg par prise et/ou <3g par jour) avec : - des doses antiagrégantes (de 50 mg à 375 mg par jour en 1 ou plusieurs prises)
ACIDE ACETYLSALICYLIQUE,CLOPIDOGREL,PE,Majoration du risque hémorragique par addition des activités antiagrégantes plaquettaires.,ASDEC - PE Association déconseillée : - en dehors des indications validées pour cette association dans les syndromes coronariens aigus. : - dans les indications validées pour cette association dans les syndromes coronariens aigus. Surveillance clinique.
ACIDE ACETYLSALICYLIQUE,DEFERASIROX,APEC,Majoration du risque ulcérogène et hémorragique digestif.,A prendre en compte : - Pour des doses anti-inflammatoires d'acide acétylsalicylique ( 1g par prise et/ou 3g par jour) - Pour des doses antalgiques ou antipyrétiques d'acide acétylsalicylique ( 500 mg par prise et/ou <3g par jour) et ( 500 mg par prise et/ou <3g par jour)
ACIDE ACETYLSALICYLIQUE,DIURÉTIQUES,PE,"Pour des doses anti-inflammatoires d'acide acétylsalicylique (>= 1g par prise et/ou >= 3g par jour) ou pour des doses antalgiques ou antipyrétiques (>= 500 mg par prise et/ou < 3g par jour) : Insuffisance rénale aiguë chez le patient à risque (âgé, déshydraté, avec une fonction rénale altérée), par diminution de la filtration glomérulaire secondaire à une diminution de la synthèse des prostaglandines rénales. Par ailleurs, réduction de l'effet antihypertenseur.",Hydrater le malade et surveiller la fonction rénale en début de traitement et régulièrement pendant l'association.
ACIDE ACETYLSALICYLIQUE,GLUCOCORTICOÏDES (SAUF HYDROCORTISONE),APEC,Majoration du risque hémorragique.,ASDEC - APEC Association déconseillée avec : - des doses anti-inflammatoires d'acide acétylsalicylique (>=1g par prise et/ou >=3g par jour) avec : - des doses antalgiques ou antipyrétiques (>=500 mg par prise et/ou <3g par jour).
ACIDE ACETYLSALICYLIQUE,HÉPARINES (DOSES CURATIVES ET/OU SUJET ÂGÉ),APEC,Augmentation du risque hémorragique (inhibition de la fonction plaquettaire et agression de la muqueuse gastroduodénale par l'acide acétylsalicylique.,ASDEC - APEC Association déconseillée avec : - des doses anti-inflammatoires d'acide acétylsalicylique (>=1g par prise et/ou >=3g par jour) - des doses antalgiques ou antipyrétiques (>=500 mg par prise et/ou <3g par jour) Utiliser un autre anti-inflammatoire ou un autre antalgique ou antipyrétique. avec : - des doses antiagrégantes (de 50 mg à 375 mg par jour).
ACIDE ACETYLSALICYLIQUE,HÉPARINES (DOSES PRÉVENTIVES),APEC,"L'utilisation conjointe de médicaments agissant à divers niveaux de l'hémostase majore le risque de saignement. Ainsi, chez le sujet de moins de 65 ans, l'association de l'héparine à doses préventives, ou de substances apparentées, à l'acide acétylsalicylique, quelle que soit la dose, doit être prise en compte en maintenant une surveillance clinique et éventuellement biologique.",
ACIDE ACETYLSALICYLIQUE,INHIBITEURS DE L'ENZYME DE CONVERSION,PE,"Pour des doses anti-inflammatoires d'acide acétylsalicylique (>= 1g par prise et/ou >= 3g par jour) ou pour des doses antalgiques ou antipyrétiques (>= 500 mg par prise et/ou < 3g par jour) : Insuffisance rénale aiguë chez le patient à risque (âgé, déshydraté, sous diurétiques, avec une fonction rénale altérée), par diminution de la filtration glomérulaire secondaire à une diminution de la synthèse des prostaglandines rénales. Par ailleurs, réduction de l'effet antihypertenseur.",Hydrater le malade et surveiller la fonction rénale en début de traitement et régulièrement pendant l'association.
ACIDE ACETYLSALICYLIQUE,NICORANDIL,AD,Majoration du risque ulcérogène et hémorragique digestif.,
ACIDE ACETYLSALICYLIQUE,PEMETREXED,PE,Risque de majoration de la toxicité du pemetrexed (diminution de sa clairance rénale par l'acide acétylsalicylique à doses anti- inflammatoires).,ASDEC - PE Association déconseillée : - en cas de fonction rénale faible à modérée . : - en cas de fonction rénale normale. Surveillance biologique de la fonction rénale.
ACIDE ACETYLSALICYLIQUE,PROBENECIDE,AD,Diminution de l'effet uricosurique par compétition de l'élimination de l'acide urique au niveau des tubules rénaux.,
ACIDE ACETYLSALICYLIQUE,TICAGRELOR,PE,Majoration du risque hémorragique par addition des activités antiagrégantes plaquettaires.,ASDEC - PE Association déconseillée : - en dehors des indications validées pour cette association dans les syndromes coronariens aigus. : - dans les indications validées pour cette association dans les syndromes coronariens aigus. Surveillance clinique.
ACIDE ACETYLSALICYLIQUE,TICLOPIDINE,AD,Majoration du risque hémorragique par addition des activités antiagrégantes plaquettaires.,"Si l'association ne peut être évitée, surveillance clinique étroite."
ACIDE ASCORBIQUE,CICLOSPORINE,APEC,"Risque de diminution des concentrations sanguines de la ciclosporine, notamment en cas d'association avec la vitamine E.",
ACIDE ASCORBIQUE,DÉFÉRIPRONE,PE,"Par extrapolation à partir de l'interaction avec la déféroxamine : avec l'acide ascorbique à fortes doses et par voie IV, risque d'anomalies de la fonction cardiaque, voire insuffisance cardiaque aiguë (en général réversible à l'arrêt de la vitamine C).",
ACIDE ASCORBIQUE,DÉFÉROXAMINE,PE,"Avec l'acide ascorbique à fortes doses et par voie IV : anomalies de la fonction cardiaque, voire insuffisance cardiaque aiguë (en général réversible à l'arrêt de la vitamine C).","En cas d'hémochromatose, ne donner de la vitamine C qu'après avoir commencé le traitement par la déféroxamine. Surveiller la fonction cardiaque en cas d'association."
ACIDE CHOLIQUE,"PHÉNOBARBITAL (ET, PAR EXTRAPOLATION, PRIMIDONE)",CI,Effet antagoniste du barbiturique.,
ACIDE CLODRONIQUE,ESTRAMUSTINE,PE,Risque d'augmentation des concentrations plasmatiques d'estramustine par le clodronate.,Surveillance clinique au cours de l'association.
ACIDE FOLINIQUE,"FLUOROURACILE (ET, PAR EXTRAPOLATION, AUTRES FLUOROPYRIMIDINES)",APEC,"Potentialisation des effets, à la fois cytostatiques et indésirables, du fluoro-uracile.",
ACIDE FUSIDIQUE,INHIBITEURS DE L'HMG-COA RÉDUCTASE (STATINES),CI,Risque majoré d'effets indésirables (concentration-dépendants) à type de rhabdomyolyse.,Arrêter le traitement par l'inhibiteur de l'HMG Co-A réductase avant d'initier un traitement par acide fusidique ou utiliser un autre antibiotique.
ACIDE FUSIDIQUE,OMBITASVIR + PARITAPRÉVIR,CI,Augmentation des concentrations plasmatiques de l'acide fusidique par diminution de son métabolisme hépatique par la bithérapie.,
ACIDE NICOTINIQUE,ALCOOL (BOISSON OU EXCIPIENT),APEC,"Risque de prurit, de rougeur et de chaleur, lié à une potentialisation de l'effet vasodilatateur.",
ACIDE URSODESOXYCHOLIQUE,CICLOSPORINE,APEC,Risque de variation des concentrations sanguines de ciclosporine.,
ACITRETINE,ALCOOL (BOISSON OU EXCIPIENT),CI,"Chez la femme en âge de procréer, risque de transformation de l'acitrétine en étrétinate, puissant tératogène dont la demi-vie très prolongée (120 jours) expose à un risque tératogène majeur en cas de grossesse, pendant le traitement et les 2 mois suivant son arrêt.",
ACITRETINE,METHOTREXATE,CI,Risque de majoration de l'hépatotoxicité du méthotrexate.,
ADRÉNALINE (VOIE BUCCO-DENTAIRE OU SOUS-CUTANÉE),ANESTHÉSIQUES VOLATILS HALOGÉNÉS,PE,Troubles du rythme ventriculaire graves par augmentation de l'excitabilité cardiaque.,"Limiter l'apport, par exemple : moins de 0,1 mg d'adrénaline en 10 minutes ou 0,3 mg en 1 heure chez l'adulte."
ADRÉNALINE (VOIE BUCCO-DENTAIRE OU SOUS-CUTANÉE),ANTIDÉPRESSEURS IMIPRAMINIQUES,PE,Troubles du rythme ventriculaire graves par augmentation de l'excitabilité cardiaque.,"Limiter l'apport, par exemple : moins de 0,1 mg d'adrénaline en 10 minutes ou 0,3 mg en 1 heure chez l'adulte."
ADRÉNALINE (VOIE BUCCO-DENTAIRE OU SOUS-CUTANÉE),IMAO IRRÉVERSIBLES,PE,Troubles du rythme ventriculaire graves par augmentation de l'excitabilité cardiaque.,"Limiter l'apport, par exemple : moins de 0,1 mg d'adrénaline en 10 minutes ou 0,3 mg en 1 heure chez l'adulte."
ADRÉNALINE (VOIE BUCCO-DENTAIRE OU SOUS-CUTANÉE),MÉDICAMENTS MIXTES ADRÉNERGIQUES-SÉROTONINERGIQUES,PE,Troubles du rythme ventriculaire graves par augmentation de l'excitabilité cardiaque.,"Limiter l'apport, par exemple : moins de 0,1 mg d'adrénaline en 10 minutes ou 0,3 mg en 1 heure chez l'adulte."
AFATINIB,AMIODARONE,PE,Augmentation des concentrations plasmatiques d'afatinib par augmentation de son absorption par l'amiodarone.,"Il est recommandé d'administrer l'amiodarone le plus à distance possible de l'afatinib, en respectant de préférence un intervalle de 6 heures ou de 12 heures par rapport à la prise d'afatinib."
AFATINIB,CICLOSPORINE,PE,Augmentation des concentrations plasmatique d'afatinib par augmentation de son absorption par la ciclosporine.,"Il est recommandé d'administrer la ciclosporine le plus à distance possible de l'afatinib, en respectant de préférence un intervalle de 6 heures ou de 12 heures par rapport à la prise d'afatinib."
AFATINIB,ERYTHROMYCINE,PE,Augmentation des concentrations plasmatique d'afatinib par augmentation de son absorption par l'érythromycine.,"Il est recommandé d'administrer l'érythromycine le plus à distance possible de l'afatinib, en respectant de préférence un intervalle de 6 heures ou de 12 heures par rapport à la prise d'afatinib."
AFATINIB,INDUCTEURS ENZYMATIQUES PUISSANTS,PE,Diminution des concentrations plasmatiques de l'afatinib par augmentation de son métabolisme par ces substances.,Surveillance clinique pendant l'association et 1 à 2 semaines après leur arrêt.
AFATINIB,INHIBITEURS DE PROTÉASES BOOSTÉS PAR RITONAVIR,PE,Augmentation des concentrations plasmatiques d'afatinib par augmentation de son absorption par l'inhibiteur de protéases.,"Il est recommandé d'administrer l'inhibiteur de protéases le plus à distance possible de l'afatinib, en respectant de préférence un intervalle de 6 heures ou de 12 heures par rapport à la prise d'afatinib."
AFATINIB,ITRACONAZOLE,PE,Augmentation des concentrations plasmatique d'afatinib par augmentation de son absorption par l'itraconazole.,"Il est recommandé d'administrer l'itraconazole le plus à distance possible de l'afatinib, en respectant de préférence un intervalle de 6 heures ou de 12 heures par rapport à la prise d'afatinib."
AFATINIB,KETOCONAZOLE,PE,Augmentation des concentrations plasmatique d'afatinib par augmentation de son absorption par le kétoconazole.,"Il est recommandé d'administrer le kétoconazole le plus à distance possible de l'afatinib, en respectant de préférence un intervalle de 6 heures ou de 12 heures par rapport à la prise d'afatinib."
AFATINIB,PRIMIDONE,PE,Diminution des concentrations plasmatiques de l'afatinib par augmentation de son métabolisme par la primidone.,Surveillance clinique pendant l'association et 1 à 2 semaines après leur arrêt.
AFATINIB,RIFAMPICINE,PE,Diminution des concentrations plasmatiques de l'afatinib par augmentation de son métabolisme par la rifampicine.,Surveillance clinique pendant l'association et 1 à 2 semaines après leur arrêt.
AFATINIB,VERAPAMIL,PE,Augmentation des concentrations plasmatique d'afatinib par augmentation de son absorption par le vérapamil.,"Il est recommandé d'administrer le vérapamil le plus à distance possible de l'afatinib, en respectant de préférence un intervalle de 6 heures ou de 12 heures par rapport à la prise d'afatinib."
AGOMELATINE,CIPROFLOXACINE,AD,"Augmentation des concentrations d'agomélatine, avec risque de majoration des effets indésirables.",
AGOMELATINE,FLUVOXAMINE,CI,"Augmentation des concentrations d'agomélatine, avec risque de majoration des effets indésirables.",
ALBENDAZOLE,INDUCTEURS ENZYMATIQUES PUISSANTS,PE,"Diminution importante des concentrations plasmatiques de l'albendazole et de son métabolite actif par l'inducteur, avec risque de baisse de son efficacité.",Surveillance clinique de la réponse thérapeutique et adaptation éventuelle de la posologie de l'albendazole pendant le traitement avec l'inducteur enzymatique et après son arrêt.
ALBENDAZOLE,INHIBITEURS DE PROTÉASES BOOSTÉS PAR RITONAVIR,PE,"Diminution importante des concentrations plasmatiques de l'albendazole et de son métabolite actif par le ritonavir, avec risque de baisse de son efficacité.",Surveillance clinique de la réponse thérapeutique et adaptation éventuelle de la posologie de l'albendazole pendant le traitement avec l'inducteur enzymatique et après son arrêt.
ALBENDAZOLE,RIFAMPICINE,PE,"Diminution importante des concentrations plasmatiques de l'albendazole et de son métabolite actif par l'inducteur, avec risque de baisse de son efficacité.",Surveillance clinique de la réponse thérapeutique et adaptation éventuelle de la posologie de l'albendazole pendant le traitement avec l'inducteur enzymatique et après son arrêt.
ALCALINISANTS URINAIRES,HYDROQUINIDINE,PE,Augmentation des concentrations plasmatiques de l'hydroquinidine et risque de surdosage (diminution de l'excrétion rénale de l'hydroquinidine par alcalinisation des urines).,"Surveillance clinique, ECG et éventuellement contrôle des concentrations de l'hydroquinidine ; si besoin, adaptation de la posologie pendant le traitement alcalinisant et après son arrêt."
ALCALINISANTS URINAIRES,QUINIDINE,PE,Augmentation des concentrations plasmatiques de la quinidine et risque de surdosage (diminution de l'excrétion rénale de la quinidine par alcalinisation des urines).,"Surveillance clinique, ECG et éventuellement contrôle de la quinidinémie ; si besoin, adaptation de la posologie pendant le traitement alcalinisant et après son arrêt."
ALCALOÏDES DE L'ERGOT DE SEIGLE DOPAMINERGIQUES,ALCALOÏDES DE L'ERGOT DE SEIGLE VASOCONSTRICTEURS,AD,Risque de vasoconstriction et/ou de poussées hypertensives.,
ALCALOÏDES DE L'ERGOT DE SEIGLE DOPAMINERGIQUES,ANTIPARKINSONIENS ANTICHOLINERGIQUES,PE,Risque de majoration des troubles neuropsychiques.,"Surveillance clinique et biologique régulière, notamment en début d'association."
ALCALOÏDES DE L'ERGOT DE SEIGLE DOPAMINERGIQUES,MACROLIDES (SAUF SPIRAMYCINE),AD,Augmentation des concentrations plasmatiques du dopaminergique avec accroissement possible de son activité ou apparition de signes de surdosage.,
ALCALOÏDES DE L'ERGOT DE SEIGLE DOPAMINERGIQUES,SYMPATHOMIMÉTIQUES ALPHA (VOIES ORALE ET/OU NASALE),AD,Risque de vasoconstriction et/ou de poussées hypertensives.,
ALCALOÏDES DE L'ERGOT DE SEIGLE DOPAMINERGIQUES,SYMPATHOMIMÉTIQUES INDIRECTS,AD,Risque de vasoconstriction et/ou de poussées hypertensives.,
ALCALOÏDES DE L'ERGOT DE SEIGLE VASOCONSTRICTEURS,ALCALOÏDES DE L'ERGOT DE SEIGLE DOPAMINERGIQUES,AD,Risque de vasoconstriction et/ou de poussées hypertensives.,
ALCALOÏDES DE L'ERGOT DE SEIGLE VASOCONSTRICTEURS,INHIBITEURS PUISSANTS DU CYP3A4,CI,"Risque de vasoconstriction coronaire ou des extrémités (ergotisme), ou de poussées hypertensives.",
ALCALOÏDES DE L'ERGOT DE SEIGLE VASOCONSTRICTEURS,LÉTERMOVIR,CI,"Risque de vasoconstriction coronaire ou des extrémités (ergotisme), ou de poussées hypertensives.",
ALCALOÏDES DE L'ERGOT DE SEIGLE VASOCONSTRICTEURS,OMBITASVIR + PARITAPRÉVIR,CI,Augmentation des concentrations plasmatiques de l'alcaloïde de l'ergot de seigle vasoconstricteur par diminution de son métabolisme hépatique par la bithérapie.,
ALCALOÏDES DE L'ERGOT DE SEIGLE VASOCONSTRICTEURS,SYMPATHOMIMÉTIQUES ALPHA (VOIES ORALE ET/OU NASALE),AD,Risque de vasoconstriction et/ou de poussées hypertensives.,
ALCALOÏDES DE L'ERGOT DE SEIGLE VASOCONSTRICTEURS,SYMPATHOMIMÉTIQUES INDIRECTS,AD,Risque de vasoconstriction et/ou de poussées hypertensives.,
ALCALOÏDES DE L'ERGOT DE SEIGLE VASOCONSTRICTEURS,TRIPTANS,CI,"Risque d'hypertension artérielle, de vasoconstriction artérielle coronaire.","Respecter un délai de 6 à 24 heures, selon le triptan, entre la prise de celui-ci et celle de l'alcaloïde ergoté"
ALCOOL (BOISSON OU EXCIPIENT),ACIDE NICOTINIQUE,APEC,"Risque de prurit, de rougeur et de chaleur, lié à une potentialisation de l'effet vasodilatateur.",
ALCOOL (BOISSON OU EXCIPIENT),ACITRETINE,CI,"Chez la femme en âge de procréer, risque de transformation de l'acitrétine en étrétinate, puissant tératogène dont la demi-vie très prolongée (120 jours) expose à un risque tératogène majeur en cas de grossesse, pendant le traitement et les 2 mois suivant son arrêt.",
ALCOOL (BOISSON OU EXCIPIENT),ANTABUSE (RÉACTION),AD,"Effet antabuse (chaleur, rougeurs, vomissements, tachycardie).",Eviter la prise de boissons alcoolisées et de médicaments contenant de l'alcool. Tenir compte de l'élimination complète des médicaments en se référant à leur demi-vie avant la reprise de boissons alcoolisées ou du médicament contenant de l'alcool.
ALCOOL (BOISSON OU EXCIPIENT),IMAO IRRÉVERSIBLES,AD,"Majoration des effets hypertenseurs et/ou hyperthermiques de la tyramine présente dans certaines boissons alcoolisées (chianti, certaines bières, etc).",Eviter la prise de boissons alcoolisées et de médicaments contenant de l'alcool.
ALCOOL (BOISSON OU EXCIPIENT),INSULINE,AD,Augmentation de la réaction hypoglycémique (inhibition des réactions de compensation pouvant faciliter la survenue de coma hypoglycémique).,Eviter la prise de boissons alcoolisées et de médicaments contenant de l'alcool.
ALCOOL (BOISSON OU EXCIPIENT),MÉDICAMENTS SÉDATIFS,AD,Majoration par l'alcool de l'effet sédatif de ces substances. L'altération de la vigilance peut rendre dangereuses la conduite de véhicules et l'utilisation de machines.,Eviter la prise de boissons alcoolisées et de médicaments contenant de l'alcool.
ALCOOL (BOISSON OU EXCIPIENT),METFORMINE,AD,"Risque majoré d'acidose lactique lors d'intoxication alcoolique aiguë, particulièrement en cas de jeûne ou dénutrition, ou bien d'insuffisance hépatocellulaire.",Eviter la prise de boissons alcoolisées et de médicaments contenant de l'alcool.
ALCOOL (BOISSON OU EXCIPIENT),SULFAMIDES HYPOGLYCÉMIANTS,AD,"Effet antabuse, notamment pour glibenclamide, glipizide, tolbutamide. Augmentation de la réaction hypoglycémique (inhibition des réactions de compensation) pouvant faciliter la survenue de coma hypoglycémique.",Eviter la prise de boissons alcoolisées et de médicaments contenant de l'alcool.
ALDESLEUKINE,PRODUITS DE CONTRASTE IODÉS,APEC,"Majoration du risque de réaction aux produits de contraste en cas de traitement antérieur par interleukine 2 : éruption cutanée ou plus rarement hypotension, oligurie voire insuffisance rénale.",
ALFENTANIL,CIMETIDINE,PE,Avec la cimétidine utilisée à des doses supérieures ou égales à 800 mg/j : augmentation de l'effet dépresseur respiratoire de l'analgésique opiacé par diminution de son métabolisme hépatique.,Adapter la posologie de l'alfentanil en cas de traitement par la cimétidine.
ALFENTANIL,DILTIAZEM,PE,Augmentation de l'effet dépresseur respiratoire de l'analgésique opiacé par diminution de son métabolisme hépatique.,Adapter la posologie de l'alfentanil en cas de traitement par le diltiazem.
ALFENTANIL,ERYTHROMYCINE,PE,Augmentation de l'effet dépresseur respiratoire de l'analgésique opiacé par diminution de son métabolisme hépatique.,Adapter la posologie de l'alfentanil en cas de traitement par l'érythromycine.
ALFENTANIL,FLUCONAZOLE,PE,Augmentation de l'effet dépresseur respiratoire de l'analgésique opiacé par diminution de son métabolisme hépatique.,Adapter la posologie de l'alfentanil en cas de traitement par le fluconazole.
ALFENTANIL,INHIBITEURS PUISSANTS DU CYP3A4,PE,Augmentation de l'effet dépresseur respiratoire de l'analgésique opiacé par diminution de son métabolisme hépatique.,Surveillance clinique et adaptation de la posologie de l'analgésique opiacé en cas de traitement par un inhibiteur puissant du CYP3A4.
ALFUZOSINE,INHIBITEURS PUISSANTS DU CYP3A4,AD,Risque d'augmentation des concentrations plasmatiques de l'alfuzosine et de ses effets indésirables.,
ALFUZOSINE,OMBITASVIR + PARITAPRÉVIR,CI,Augmentation des concentrations plasmatiques de l'afuzosine par diminution de son métabolisme hépatique par la bithérapie.,
ALLOPURINOL,ANTIVITAMINES K,PE,Augmentation du risque hémorragique.,Contrôle plus fréquent de l'INR. Adaptation éventuelle de la posologie de l'antivitamine K pendant le traitement par l'allopurinol et 8 jours après son arrêt.
ALLOPURINOL,DIDANOSINE,AD,Augmentation des concentrations plasmatiques de didanosine et de ses effets indésirables.,
ALLOPURINOL,PÉNICILLINES A,APEC,Risque accru de réactions cutanées.,
ALLOPURINOL,VIDARABINE,AD,"Risque accru de troubles neurologiques (tremblements, confusion) par inhibition partielle du métabolisme de l'antiviral.",
ALPHABLOQUANTS À VISÉE UROLOGIQUE,ANTIHYPERTENSEURS ALPHA-BLOQUANTS,AD,Majoration de l'effet hypotenseur. Risque d'hypotension orthostatique sévère.,
ALPHABLOQUANTS À VISÉE UROLOGIQUE,ANTIHYPERTENSEURS SAUF ALPHA-BLOQUANTS,APEC,Majoration de l'effet hypotenseur. Risque d'hypotension orthostatique majoré.,
ALPHABLOQUANTS À VISÉE UROLOGIQUE,INHIBITEURS DE LA PHOSPHODIESTERASE DE TYPE 5,PE,"Risque d'hypotension orthostatique, notamment chez le sujet âgé.",ASDEC - PE Association déconseillée : - avec la doxazosine : - avec les autres alpha-bloquants Débuter le traitement aux posologies minimales recommandées et adapter progressivement les doses si besoin.
ALPRAZOLAM,INHIBITEURS PUISSANTS DU CYP3A4,APEC,Possible augmentation de l'effet sédatif de l'alprazolam.,
ALUMINIUM (SELS),CITRATES,PE,"Risque de facilitation du passage systémique de l'aluminium, notamment en cas de fonction rénale altérée.","Prendre les topiques gastro-intestinaux à base d'aluminium à distance des citrates (plus de 2 heures si possible), y compris les citrates naturels (jus d'agrumes)."
AMBRISENTAN,CICLOSPORINE,APEC,"Doublement des concentrations d'ambrisentan, avec majoration de l'effet vasodilatateur (céphalées).",
AMINOSIDES,AUTRES AMINOSIDES,APEC,Risque accru de néphrotoxicité et d'ototoxicité (l'ototoxicité est cumulative en cas d'administrations successives).,CI - APEC Contre-indication : - en cas d'administration simultanée : - en cas d'administrations successives
AMINOSIDES,AMPHOTERICINE B,APEC,Avec l'amphotéricine B administrée par voie IV : risque accru de néphrotoxicité.,
AMINOSIDES,ATALUREN,CI,Risque de potentialisation de la toxicité rénale de l'aminoside.,
AMINOSIDES,BOTULIQUE (TOXINE),AD,Risque d'augmentation des effets de la toxine botulique avec les aminosides (par extrapolation à partir des effets observés au cours du botulisme).,Utiliser un autre antibiotique.
AMINOSIDES,CEFALOTINE,PE,L'augmentation de la néphrotoxicité des aminosides par la céfalotine est discutée.,Surveillance de la fonction rénale.
AMINOSIDES,CICLOSPORINE,APEC,"Augmentation de la créatininémie plus importante que sous ciclosporine seule, avec majoration du risque néphrotoxique.",
AMINOSIDES,CURARES,PE,"Potentialisation des curares lorque l'antibiotique est administré par voie parentérale et/ou péritonéale avant, pendant ou après l'agent curarisant.",Surveiller le degré de curarisation en fin d'anesthésie.
AMINOSIDES,DIURÉTIQUES DE L'ANSE,PE,Augmentation des risques néphrotoxiques et ototoxiques de l'aminoside (insuffisance rénale fonctionnelle liée à la déshydratation entraînée par le diurétique).,"Association possible sous contrôle de l'état d'hydratation, des fonctions rénale et cochléovestibulaire, et éventuellement, des concentrations plasmatiques de l'aminoside."
AMINOSIDES,ORGANOPLATINES,APEC,"Addition des effets néphrotoxiques et/ou ototoxiques, notamment en cas d'insuffisance rénale préalable.",
AMINOSIDES,POLYMYXINE B,AD,Addition des effets néphrotoxiques.,"Si l'association ne peut être évitée, surveillance stricte avec une justification bactériologique indiscutable."
AMINOSIDES,TACROLIMUS,APEC,Augmentation de la créatininémie plus importante que sous tacrolimus seul (synergie des effets néphrotoxiques des deux substances).,
AMIODARONE,AFATINIB,PE,Augmentation des concentrations plasmatiques d'afatinib par augmentation de son absorption par l'amiodarone.,"Il est recommandé d'administrer l'amiodarone le plus à distance possible de l'afatinib, en respectant de préférence un intervalle de 6 heures ou de 12 heures par rapport à la prise d'afatinib."
AMIODARONE,ANTIVITAMINES K,PE,Augmentation de l'effet de l'antivitamine K et du risque hémorragique.,Contrôle plus fréquent de l'INR. Adaptation éventuelle de la posologie de l'antivitamine K pendant le traitement par l'amiodarone et jusqu'à 4 semaines après son arrêt.
AMIODARONE,BÊTA-BLOQUANTS (SAUF ESMOLOL ET SOTALOL) (Y COMPRIS COLLYRES),PE,Troubles de l'automatisme et de la conduction (suppression des mécanismes sympathiques compensateurs).,Surveillance clinique et ECG.
AMIODARONE,BÊTA-BLOQUANTS DANS L'INSUFFISANCE CARDIAQUE,PE,Troubles de l'automatisme et de la conduction cardiaque avec risque de bradycardie excessive.,Surveillance clinique et ECG régulière.
AMIODARONE,CICLOSPORINE,AD,"Augmentation des concentrations sanguines de ciclosporine, par diminution de son métabolisme hépatique, avec risque d'effets néphrotoxiques.","Dosage des concentrations sanguines de ciclosporine, contrôle de la fonction rénale et adaptation de la posologie de la ciclosporine pendant le traitement par l'amiodarone."
AMIODARONE,COBICISTAT,CI,Risque de majoration des effets indésirables de l'amiodarone par diminution de son métabolisme par le cobicistat.,
AMIODARONE,DABIGATRAN,PE,"Augmentation des concentrations plasmatiques de dabigatran, avec majoration du risque de saignement.","Dans l'indication post-chirurgicale : surveillance clinique et adaptation de la posologie du dabigatran si nécessaire, sans excéder 150 mg/j."
AMIODARONE,DIGOXINE,PE,"Dépression de l'automatisme (bradycardie excessive) et troubles de la conduction auriculo-ventriculaire. De plus, augmentation de la digoxinémie par diminution de la clairance de la digoxine.","Surveillance clinique, ECG et, s'il y a lieu, contrôle de la digoxinémie et adaptation de la posologie de la digoxine."
AMIODARONE,DILTIAZEM,PE,"Pour diltiazem voie injectable : risque de bradycardie et de bloc auriculo-ventriculaire Pour diltiazem per os : risque de bradycardie ou de bloc auriculo- ventriculaire, notamment chez les personnes âgées.","ASDEC - PE Association déconseillée avec : - le diltiazem IV Si l'association ne peut être évitée, surveillance clinique et ECG continu. avec : - le diltiazem per os Surveillance clinique et ECG."
AMIODARONE,DOCETAXEL,PE,Risque de majoration des effets indésirables du docétaxel par diminution de son métabolisme hépatique par l'amiodarone,Surveillance clinique et adaptation éventuelle de la posologie du docétaxel.
AMIODARONE,ESMOLOL,PE,"Troubles de la contractilité, de l'automatisme et de la conduction (suppression des mécanismes sympathiques compensateurs).",Surveillance clinique et ECG.
AMIODARONE,FIDAXOMICINE,AD,Augmentation des concentrations plasmatiques de la fidaxomicine.,
AMIODARONE,FLUCONAZOLE,PE,Risque d'allongement de l'intervalle QT.,"Surveillance clinique, particulièrement aux fortes doses de fluconazole (800 mg/j)."
AMIODARONE,IBRUTINIB,AD,Risque d'augmentation des concentrations plasmatiques d'ibrutinib par diminution de son métabolisme hépatique par l'amiodarone.,"Si l'association ne peut être évitée, surveillance clinique étroite et réduction de la dose d'ibrutinib à 280 mg par jour pendant la durée de l'association."
AMIODARONE,LIDOCAINE,PE,"Risque d'augmentation des concentrations plasmatiques de lidocaïne, avec possibilité d'effets indésirables neurologiques et cardiaques, par diminution de son métabolisme hépatique par l'amiodarone.","Surveillance clinique, ECG et éventuellement contrôle des concentrations plasmatiques de lidocaïne. Si besoin, adaptation de la posologie de la lidocaïne pendant le traitement par amiodarone et après son arrêt."
AMIODARONE,NINTÉDANIB,PE,Augmentation des concentrations plasmatiques du nintédanib par augmentation de son absorption par l'amiodarone.,Surveillance clinique pendant l'association.
AMIODARONE,OLAPARIB,AD,Augmentation des concentrations plasmatiques d'olaparib par l' amiodarone,"Si l'association ne peut être évitée, limiter la dose d'olaparib à 200 mg 2 fois par jour avec l'amiodarone."
AMIODARONE,OMBITASVIR + PARITAPRÉVIR,CI,Augmentation des concentrations plasmatiques de l'amiodarone par diminution de son métabolisme hépatique par la bithérapie.,
AMIODARONE,ORLISTAT,PE,Risque de diminution des concentrations plasmatiques de l'amiodarone et de son métabolite actif.,"Surveillance clinique et, si besoin, ECG."
AMIODARONE,PACLITAXEL,PE,Risque de majoration des effets indésirables du paclitaxel par diminution de son métabolisme hépatique par l'amiodarone.,Surveillance clinique et adaptation éventuelle de la posologie du paclitaxel.
AMIODARONE,"PHÉNYTOÏNE (ET, PAR EXTRAPOLATION, FOSPHÉNYTOÏNE)",AD,"Majoration du risque de troubles du rythme ventriculaire par potentialisation des effets antiarythmiques, ainsi que des effets indésirables neurologiques, par diminution du métabolisme hépatique de la phénytoïne par l'amiodarone.",
AMIODARONE,SIMVASTATINE,PE,Risque majoré d'effets indésirables (concentration-dépendants) à type de rhabdomyolyse (diminution du métabolisme hépatique de la simvastatine).,Ne pas dépasser la posologie de 20 mg/j de simvastatine ou utiliser une autre statine non concernée par ce type d'interaction.
AMIODARONE,SOFOSBUVIR,AD,"Survenue de bradycardie éventuellement brutale, pouvant avoir des conséquences fatales.","Si l'association ne peut être évitée, surveillance clinique et ECG étroite, en particulier pendant les premières semaines de traitement. Une surveillance continue en milieu hospitalier est requise pendant les 48 heures qui suivent la co-adminsitration. Prendre en compte la longue demi-vie de l'amiodarone chez les patients l'ayant arrêtée au cours des derniers mois et qui doivent débuter un traitement contenant du sofosbuvir."
AMIODARONE,TACROLIMUS,PE,Augmentation des concentrations sanguines de tacrolimus par inhibition de son métabolisme par l'amiodarone.,"Dosage des concentrations sanguines de tacrolimus, contrôle de la fonction rénale et adaptation de la posologie de tacrolimus pendant l'association et à l'arrêt de l'amiodarone."
AMIODARONE,TALAZOPARIB,PE,Augmentation des concentrations de talazoparib avec risque de majoration de la toxicité.,Réduire la dose de talazoparib.
AMIODARONE,TAMSULOSINE,PE,"Risque de majoration des effets indésirables de la tamsulosine, par inhibition de son métabolisme hépatique.","Surveillance clinique et adaptation de la posologie de la tamsulosine pendant le traitement par l'inhibiteur enzymatique et après son arrêt, le cas échéant."
AMIODARONE,TOLVAPTAN,PE,"Augmentation des concentrations de tolvaptan, avec risque de majoration importante des effets indésirables, notamment diurèse importante, déshydratation, insuffisance rénale aiguë.",Réduire la posologie de tolvaptan de moitié.
AMIODARONE,VÉNÉTOCLAX,PE,Risque d'augmentation des effets indésirables du vénétoclax par diminution de son métabolisme hépatique.,"Surveillance clinique et biologique régulière, notamment hématologique, et adaptation de la posologie du vénétoclax."
AMIODARONE,VERAPAMIL,PE,"Pour vérapamil voie injectable : -risque de bradycardie ou de bloc auriculo-ventriculaire. Pour vérapamil per os : -risque de bradycardie ou de bloc auriculo-ventriculaire, notamment chez les personnes âgées.","ASDEC - PE Association déconseillée avec : - le vérapamil IV Si l'association ne peut être évitée, surveillance clinique et ECG continu. avec : - le vérapamil per os Surveillance clinique et ECG."
AMIODARONE,VORICONAZOLE,PE,"Risque majoré de troubles du rythme ventriculaire, notamment de torsades de pointes, par possible diminution du métabolisme de l'amiodarone.","Surveillance clinique et ECG, et adaptation éventuelle de la posologie de l'amiodarone."
AMLODIPINE,SIMVASTATINE,PE,Risque majoré d'effets indésirables (dose-dépendants) à type de rhabdomyolyse (diminution du métabolisme hépatique de l'hypocholestérolémiant).,Ne pas dépasser la posologie de 20 mg/j de simvastatine ou utiliser une autre statine non concernée par ce type d'interaction.
AMPHOTERICINE B,AMINOSIDES,APEC,Avec l'amphotéricine B administrée par voie IV : risque accru de néphrotoxicité.,
AMPHOTERICINE B,CICLOSPORINE,APEC,Avec l'amphotéricine B administrée par voie IV : augmentation de la créatininémie plus importante que sous ciclosporine seule (synergie des effets néphrotoxiques des deux substances).,
AMPHOTERICINE B,TACROLIMUS,APEC,Avec l'amphotéricine B administrée par voie IV : augmentation de la créatininémie plus importante que sous tacrolimus seul (synergie des effets néphrotoxiques des deux substances).,
AMPHOTERICINE B,ZIDOVUDINE,PE,Avec l'amphotéricine B administrée par voie IV : augmentation de la toxicité hématologique (addition d'effets de toxicité médullaire).,Contrôle plus fréquent de l'hémogramme.
ANAGRELIDE,ANTIAGRÉGANTS PLAQUETTAIRES,AD,Majoration des événements hémorragiques.,
ANAGRELIDE,OMEPRAZOLE,APEC,Risque de moindre efficacité de l'anagrélide par augmentation de son métabolisme par l'oméprazole.,Préférer un autre inhibiteur de la pompe à protons.
ANAGRELIDE,SUBSTANCES SUSCEPTIBLES DE DONNER DES TORSADES DE POINTES,PE,"Risque majoré de troubles du rythme ventriculaire, notamment de torsades de pointes.",Surveillance clinique et électrocardiographique pendant l'association.
ANAKINRA,ANTI-TNF ALPHA,AD,Risque accru d'infections graves et de neutropénies.,
ANAKINRA,ETANERCEPT,AD,Risque accru d'infections graves et de neutropénies.,
ANALGÉSIQUES MORPHINIQUES AGONISTES,AUTRES ANALGÉSIQUES MORPHINIQUES AGONISTES,APEC,"Risque majoré de dépression respiratoire, pouvant être fatale en cas de surdosage.",
ANALGÉSIQUES MORPHINIQUES AGONISTES,ANTITUSSIFS MORPHINE-LIKE,APEC,"Risque majoré de dépression respiratoire, pouvant être fatale en cas de surdosage.",
ANALGÉSIQUES MORPHINIQUES AGONISTES,ANTITUSSIFS MORPHINIQUES VRAIS,APEC,"Risque majoré de dépression respiratoire, pouvant être fatale en cas de surdosage.",
ANALGÉSIQUES MORPHINIQUES DE PALIER II,MORPHINIQUES AGONISTES-ANTAGONISTES,AD,"Diminution de l'effet antalgique par blocage compétitif des récepteurs, avec risque d'apparition d'un syndrome de sevrage.",
ANALGÉSIQUES MORPHINIQUES DE PALIER II,MORPHINIQUES ANTAGONISTES PARTIELS,AD,Risque de diminution de l'effet antalgique.,
ANALGÉSIQUES MORPHINIQUES DE PALIER III,MORPHINIQUES AGONISTES-ANTAGONISTES,CI,"Diminution de l'effet antalgique par blocage compétitif des récepteurs, avec risque d'apparition d'un syndrome de sevrage.",
ANALGÉSIQUES MORPHINIQUES DE PALIER III,MORPHINIQUES ANTAGONISTES PARTIELS,CI,Risque de diminution de l'effet antalgique.,
ANALOGUES DE LA SOMATOSTATINE,CICLOSPORINE,PE,Avec la ciclosporine administrée par voie orale : baisse des concentrations sanguines de ciclosporine (diminution de son absorption intestinale).,Augmentation des doses de ciclosporine sous contrôle des concentrations plasmatiques et réduction de la posologie après l'arrêt du traitement par l'analogue de la somatostatine.
ANALOGUES DE LA SOMATOSTATINE,INSULINE,PE,"Risque d'hypoglycémie ou d'hyperglycémie : diminution ou augmentation des besoins en insuline, par diminution ou augmentation de la sécrétion de glucagon endogène.","Prévenir le patient du risque d'hypoglycémie ou d'hyperglycémie, renforcer l'autosurveillance glycémique et adapter si besoin la posologie de l'insuline pendant le traitement par l'analogue de la somatostatine."
ANALOGUES DE LA SOMATOSTATINE,REPAGLINIDE,PE,"Risque d'hypoglycémie ou d'hyperglycémie : diminution ou augmentation des besoins en repaglidine, par diminution ou augmentation de la sécrétion de glucagon endogène.",Renforcer l'autosurveillance glycémique et adapter si besoin la posologie de la repaglidine pendant le traitement par l'analogue de la somatostatine.
ANALOGUES DE LA SOMATOSTATINE,SULFAMIDES HYPOGLYCÉMIANTS,PE,"Risque d'hypoglycémie ou d'hyperglycémie : diminution ou augmentation des besoins en sulfamide hypoglycemiant, par diminution ou augmentation de la sécrétion de glucagon endogène.",Renforcer l'autosurveillance glycémique et adapter si besoin la posologie du sulfamide hypoglycemiant pendant le traitement par l'analogue de la somatostatine.
ANDROGÈNES,ANTIVITAMINES K,PE,Augmentation du risque hémorragique par effet direct sur la coagulation et/ou les systèmes fibrinolytiques.,Contrôle plus fréquent de l'INR. Adaptation de la posologie de l'antivitamine K pendant le traitement par l'androgène et après son arrêt.
ANDROGÈNES,INDUCTEURS ENZYMATIQUES,PE,"Risque de diminution des concentrations plasmatiques de l'androgène et par conséquent de son efficacité, par augmentation de son métabolisme hépatique par l'inducteur.",Surveillance clinique et biologique pendant l'association et 1 à 2 semaines après l'arrêt de l'inducteur.
ANESTHÉSIQUES VOLATILS HALOGÉNÉS,ADRÉNALINE (VOIE BUCCO-DENTAIRE OU SOUS-CUTANÉE),PE,Troubles du rythme ventriculaire graves par augmentation de l'excitabilité cardiaque.,"Limiter l'apport, par exemple : moins de 0,1 mg d'adrénaline en 10 minutes ou 0,3 mg en 1 heure chez l'adulte."
ANESTHÉSIQUES VOLATILS HALOGÉNÉS,BÊTA-BLOQUANTS (SAUF ESMOLOL) (Y COMPRIS COLLYRES),PE,Réduction des réactions cardiovasculaires de compensation par les bêta-bloquants. L'inhibition bêta-adrénergique peut être levée durant l'intervention par les bêta-mimétiques.,"En règle générale, ne pas arrêter le traitement bêta-bloquant et, de toute façon, éviter l'arrêt brutal. Informer l'anesthésiste de ce traitement."
ANESTHÉSIQUES VOLATILS HALOGÉNÉS,BÊTA-BLOQUANTS DANS L'INSUFFISANCE CARDIAQUE,PE,Réduction des réactions cardiovasculaires de compensation par les bêta-bloquants. L'inhibition bêta-adrénergique peut être levée durant l'intervention par les bêta-stimulants.,"En règle générale, ne pas arrêter le traitement bêta-bloquant et, de toute façon, éviter l'arrêt brutal. Informer l'anesthésiste de ce traitement."
ANESTHÉSIQUES VOLATILS HALOGÉNÉS,ISONIAZIDE,PE,"Potentialisation de l'effet hépatotoxique de l'isonazide, avec formation accrue de métabolites toxiques de l'isoniazide.","En cas d'intervention programmée, arrêter, par prudence, le traitement par l'isoniazide une semaine avant l'intervention et ne le reprendre que 15 jours après."
ANESTHÉSIQUES VOLATILS HALOGÉNÉS,ISOPRENALINE,AD,Troubles du rythme ventriculaire graves par augmentation de l'excitabilité cardiaque.,
ANESTHÉSIQUES VOLATILS HALOGÉNÉS,SYMPATHOMIMÉTIQUES ALPHA ET BÊTA (VOIE IM ET IV),APEC,Décrit avec l'halothane et le cyclopropane. Troubles du rythme ventriculaire graves par augmentation de l'excitabilité cardiaque.,
ANESTHÉSIQUES VOLATILS HALOGÉNÉS,SYMPATHOMIMÉTIQUES INDIRECTS,PE,Poussée hypertensive peropératoire.,"En cas d'intervention programmée, il est préférable d'interrompre le traitement quelques jours avant l'intervention."
ANTABUSE (RÉACTION),ALCOOL (BOISSON OU EXCIPIENT),AD,"Effet antabuse (chaleur, rougeurs, vomissements, tachycardie).",Eviter la prise de boissons alcoolisées et de médicaments contenant de l'alcool. Tenir compte de l'élimination complète des médicaments en se référant à leur demi-vie avant la reprise de boissons alcoolisées ou du médicament contenant de l'alcool.
ANTAGONISTES DES CANAUX CALCIQUES,IDÉLALISIB,PE,"Majoration des effets indésirables de l'antagoniste des canaux calciques, à type d'hypotension orthostatique, notamment chez le sujet âgé.",Surveillance clinique et adaptation de la posologie de l'antagoniste calcique pendant le traitement par l'idélalisib et après son arrêt.
ANTAGONISTES DES CANAUX CALCIQUES,INDUCTEURS ENZYMATIQUES PUISSANTS,PE,Diminution des concentrations plasmatiques de l'antagoniste du calcium par augmentation de son métabolisme hépatique.,ASDEC - PE Association déconseillée avec la nimodipine : Surveillance clinique et adaptation éventuelle de la posologie de l'antagoniste du calcium pendant le traitement par l'inducteur et après son arrêt.
ANTAGONISTES DES CANAUX CALCIQUES,INHIBITEURS PUISSANTS DU CYP3A4,PE,"Majoration des effets indésirables de l'antagoniste des canaux calciques, le plus souvent à type d'hypotension et d'oedèmes, notamment chez le sujet âgé.",ASDEC - PE Association déconseillée: - avec la lercanidipine. : - avec les autres antagonistes des canaux calciques. Surveillance clinique et adaptation posologique pendant le traitement par l'inhibiteur enzymatique et après son arrêt.
ANTAGONISTES DES CANAUX CALCIQUES,RIFAMPICINE,PE,Diminution des concentrations plasmatiques de l'antagoniste du calcium par augmentation de son métabolisme hépatique.,ASDEC - PE Association déconseillée avec la nimodipine : Surveillance clinique et adaptation éventuelle de la posologie de l'antagoniste du calcium pendant le traitement par la rifampicine et après son arrêt.
ANTAGONISTES DES RÉCEPTEURS DE L'ANGIOTENSINE II,ACIDE ACETYLSALICYLIQUE,PE,"Pour des doses anti-inflammatoires d'acide acétylsalicylique (>= 1g par prise et/ou >= 3g par jour) ou pour des doses antalgiques ou antipyrétiques (>= 500 mg par prise et/ou < 3g par jour) : Insuffisance rénale aiguë chez le patient à risque (âgé, déshydraté, sous diurétiques, avec une fonction rénale altérée), par diminution de la filtration glomérulaire secondaire à une diminution de la synthèse des prostaglandines rénales. Par ailleurs, réduction de l'effet antihypertenseur.",Hydrater le malade et surveiller la fonction rénale en début de traitement et régulièrement pendant l'association.
ANTAGONISTES DES RÉCEPTEURS DE L'ANGIOTENSINE II,ANTI-INFLAMMATOIRES NON STÉROÏDIENS,PE,"Insuffisance rénale aiguë chez le patient à risque (sujet âgé, déshydratation, traitement associé avec diurétiques, altération de la fonction rénale), par diminution de la filtration glomérulaire secondaire à une diminution de la synthèse des prostaglandines rénales. Ces effets sont généralement réversibles. Par ailleurs, réduction de l'effet antihypertenseur.",Hydrater le malade et surveiller la fonction rénale en début de traitement et régulièrement pendant l'association.
ANTAGONISTES DES RÉCEPTEURS DE L'ANGIOTENSINE II,DIURÉTIQUES ÉPARGNEURS DE POTASSIUM (SEULS OU ASSOCIÉS),PE,Risque d'hyperkaliémie (potentiellement létale) surtout en cas d'insuffisance rénale (addition des effets hyperkaliémiants).,"ASDEC - PE Association déconseillée : - si l'association est justifiée, contrôle strict de la kaliémie et de la fonction rénale. : - pour la spironolactone à des doses comprises entre 12,5 mg et 50 mg/jour, et pour l'éplérénone utilisées dans le traitement de l'insuffisance cardiaque, ainsi qu'en cas d'hypokaliémie : contrôle strict de la kaliémie et de la fonction rénale."
ANTAGONISTES DES RÉCEPTEURS DE L'ANGIOTENSINE II,DIURÉTIQUES HYPOKALIÉMIANTS,PE,Risque d'hypotension artérielle brutale et/ou d'insuffisance rénale aiguë lors de l'instauration ou de l'augmentation de la posologie d'un traitement par un antagoniste de l'angiotensine II en cas de déplétion hydrosodée préexistante.,"Dans l'hypertension artérielle, lorsqu'un traitement diurétique préalable a pu entraîner une déplétion hydrosodée, il faut : - soit arrêter le diurétique avant de débuter le traitement par l'antagoniste de l'angiotensine II, et réintroduire un diurétique hypokaliémiant si nécessaire ultérieurement ; - soit administrer des doses initiales réduites d'antagoniste de l'angiotensine II et augmenter progressivement la posologie. Dans tous les cas : surveiller la fonction rénale (créatininémie) dans les premières semaines du traitement par l'antagoniste de l'angiotensine II."
ANTAGONISTES DES RÉCEPTEURS DE L'ANGIOTENSINE II,EPLERENONE,PE,"Majoration du risque d'hyperkaliémie, notamment chez le sujet âgé.",Contrôle strict de la kaliémie et de la fonction rénale pendant l'association.
ANTAGONISTES DES RÉCEPTEURS DE L'ANGIOTENSINE II,INHIBITEURS DE L'ENZYME DE CONVERSION,APEC,"Dans les indications où cette association est possible, risque accru de dégradation de la fonction rénale, voire insuffisance rénale aiguë, et majoration de l'hyperkaliémie, ainsi que de l'hypotension et des syncopes.",
ANTAGONISTES DES RÉCEPTEURS DE L'ANGIOTENSINE II,LITHIUM,AD,Augmentation de la lithémie pouvant atteindre des valeurs toxiques (diminution de l'excrétion rénale du lithium).,"Si l'usage d'un antagoniste de l'angiotensine II est indispensable, surveillance stricte de la lithémie et adaptation de la posologie."
ANTAGONISTES DES RÉCEPTEURS DE L'ANGIOTENSINE II,POTASSIUM,AD,"Pour une quantité de potassium > à 1 mmol/prise, hyperkaliémie potentiellement létale, notamment chez l'insuffisant rénale (addition des effets hyperkaliémiants).",Sauf en cas d'hypokaliémie.
ANTIAGRÉGANTS PLAQUETTAIRES,ANAGRELIDE,AD,Majoration des événements hémorragiques.,
ANTIAGRÉGANTS PLAQUETTAIRES,ANTICOAGULANTS ORAUX,APEC,Augmentation du risque hémorragique.,
ANTIAGRÉGANTS PLAQUETTAIRES,ANTI-INFLAMMATOIRES NON STÉROÏDIENS,APEC,"Augmentation du risque hémorragique, notamment gastro-intestinal.",
ANTIAGRÉGANTS PLAQUETTAIRES,COBIMÉTINIB,PE,Augmentation du risque hémorragique.,Surveillance clinique.
ANTIAGRÉGANTS PLAQUETTAIRES,DÉFIBROTIDE,AD,Risque hémorragique accru.,
ANTIAGRÉGANTS PLAQUETTAIRES,HÉPARINES,APEC,Augmentation du risque hémorragique.,
ANTIAGRÉGANTS PLAQUETTAIRES,IBRUTINIB,PE,Augmentation du risque hémorragique.,Surveillance clinique.
ANTIAGRÉGANTS PLAQUETTAIRES,INHIBITEURS SÉLECTIFS DE LA RECAPTURE DE LA SÉROTONINE,APEC,Augmentation du risque hémorragique.,
ANTIAGRÉGANTS PLAQUETTAIRES,MÉDICAMENTS MIXTES ADRÉNERGIQUES-SÉROTONINERGIQUES,APEC,Augmentation du risque hémorragique.,
ANTIAGRÉGANTS PLAQUETTAIRES,THROMBOLYTIQUES,APEC,Augmentation du risque hémorragique.,
ANTIARYTHMIQUES CLASSE IA,ESMOLOL,PE,"Troubles de la contractilité, de l'automatisme et de la conduction (suppression des mécanismes sympathiques compensateurs).",Surveillance clinique et ECG.
ANTIARYTHMIQUES CLASSE IA,INDUCTEURS ENZYMATIQUES PUISSANTS,PE,"Diminution des concentrations plasmatiques et de l'efficacité de l'antiarythmique, par augmentation de son métabolisme hépatique par l'inducteur.","Surveillance clinique, ECG et contrôle des concentrations plasmatiques ; si besoin, adaptation de la posologie de l'antiarythmique pendant le traitement par l'inducteur et après son arrêt."
ANTIARYTHMIQUES CLASSE IA,RIFAMPICINE,PE,Diminution des concentrations plasmatiques et de l'efficacité de l'antiarythmique (augmentation de son métabolisme hépatique).,"Surveillance clinique, ECG et éventuellement de la concentration plasmatique de l'antiarythmique. Si besoin, adaptation de la posologie de l'antiarythmique pendant le traitement par la rifampicine et après son arrêt (risque de surdosage en antiarythmique)."
ANTICHOLINESTÉRASIQUES,BÊTA-BLOQUANTS DANS L'INSUFFISANCE CARDIAQUE,PE,Risque de bradycardie excessive (addition des effets bradycardisants).,"Surveillance clinique régulière, notamment en début d'association."
ANTICHOLINESTÉRASIQUES,MÉDICAMENTS ATROPINIQUES,APEC,Risque de moindre efficacité de l'anticholinestérasique par antagonisme des récepteurs de l'acétylcholine par l'atropinique.,
ANTICHOLINESTÉRASIQUES,PILOCARPINE,APEC,"Risque d'addition des effets indésirables cholinergiques, notamment digestifs.",
ANTICHOLINESTÉRASIQUES,SUXAMETHONIUM,APEC,"Risque d'allongement du bloc moteur, majoré en cas de déficit partiel en pseudocholinestérase.",
ANTICOAGULANTS ORAUX,AUTRES ANTICOAGULANTS ORAUX,APEC,Risque de majoration des événements hémorragiques lors du relais d'un anticoagulant oral par un autre.,"Tenir compte de la demi-vie de l'anticoagulant oral et observer, le cas échéant, un délai de carence avant le début du traitement par l'autre. Penser à informer le patient."
ANTICOAGULANTS ORAUX,ACIDE ACETYLSALICYLIQUE,APEC,"Majoration du risque hémorragique, notamment en cas d'antécédent d'ulcère gastro-duodénal.","CI - ASDEC - APEC Contre-indication avec : - des doses anti-inflammatoires d'acide acétylsalicylique (>=1g par prise et/ou >=3g par jour) - des doses antalgiques ou antipyrétiques (>=500 mg par prise et/ou <3g par jour) et en cas d'antécédent d'ulcère gastro-duodénal Association déconseillée avec : - des doses antalgiques ou antipyrétiques (>=500 mg par prise et/ou <3g par jour) en l'absence d'antécédent d'ulcère gastro-duodénal - des doses antiagrégantes (de 50 mg à 375 mg par jour) et en cas d'antécédent d'ulcère gastro-duodénal. Nécessité d'un contrôle le cas échéant, en particulier du temps de saignement. avec : - des doses antiagrégantes (de 50 mg à 375 mg par jour)"
ANTICOAGULANTS ORAUX,ANTIAGRÉGANTS PLAQUETTAIRES,APEC,Augmentation du risque hémorragique.,
ANTICOAGULANTS ORAUX,ANTI-INFLAMMATOIRES NON STÉROÏDIENS,AD,Augmentation du risque hémorragique de l'anticoagulant oral (agression de la muqueuse gastroduodénale par les anti- inflammatoires non stéroïdiens).,"Si l'association ne peut être évitée, surveillance clinique étroite, voire biologique ."
ANTICOAGULANTS ORAUX,COBIMÉTINIB,PE,Augmentation du risque hémorragique.,"Surveillance clinique et le cas échéant, contrôle plus fréquent de l'INR."
ANTICOAGULANTS ORAUX,DÉFIBROTIDE,AD,Risque hémorragique accru.,
ANTICOAGULANTS ORAUX,GLUCOCORTICOÏDES (SAUF HYDROCORTISONE),PE,"Glucocorticoïdes (voies générale et rectale) : impact éventuel de la corticothérapie sur le métabolisme de l'antivitamine K et sur celui des facteurs de la coagulation. Risque hémorragique propre à la corticothérapie (muqueuse digestive, fragilité vasculaire) à fortes doses ou en traitement prolongé supérieur à 10 jours.","Lorsque l'association est justifiée, renforcer la surveillance : le cas échéant, avec les antivitamines K, contrôle biologique au 8e jour, puis tous les 15 jours pendant la corticothérapie et après son arrêt."
ANTICOAGULANTS ORAUX,IBRUTINIB,AD,Augmentation du risque hémorragique.,"Si l'association ne peut être évitée, surveillance clinique et biologique étroite (pour les antivitamines K, contrôle plus fréquent de l'INR)."
ANTICOAGULANTS ORAUX,IMATINIB,AD,"Augmentation du risque hémorragique. Pour l'apixaban et le rivaroxaban, risque de diminution de leur métabolisme par l'imatinib, se surajoutant au risque pharmacodynamique.","Si l'association ne peut être évitée, surveillance clinique et biologique étroite (pour les antivitamines K, contrôle plus fréquent de l'INR)."
ANTICOAGULANTS ORAUX,INHIBITEURS SÉLECTIFS DE LA RECAPTURE DE LA SÉROTONINE,APEC,Augmentation du risque hémorragique.,
ANTICOAGULANTS ORAUX,IPILIMUMAB,PE,Augmentation du risque d'hémorragies digestives.,Surveillance clinique étroite.
ANTICOAGULANTS ORAUX,MÉDICAMENTS MIXTES ADRÉNERGIQUES-SÉROTONINERGIQUES,APEC,Augmentation du risque hémorragique.,
ANTICOAGULANTS ORAUX,THROMBOLYTIQUES,APEC,Augmentation du risque hémorragique.,
ANTICOAGULANTS ORAUX,TRAMADOL,APEC,Augmentation du risque hémorragique,Surveillance particulièrement chez le sujet âgé.
ANTICONVULSIVANTS MÉTABOLISÉS,MILLEPERTUIS,CI,Risque de diminution des concentrations plasmatiques et de l'efficacité de l'anticonvulsivant.,
ANTICORPS MONOCLONAUX (HORS ANTI-TNF ALPHA),VACCINS VIVANTS ATTÉNUÉS,APEC,"Risque de maladie vaccinale généralisée, éventuellement mortelle.","ASDEC - APEC Association déconseillée avec : - anifrolumab, atézolizumab, bélimumab, bimékizumab, blinatumomab, canakinumab, durvalumab, guselkumab, inébilizumab, inotuzumab, ixékizumab, obinutuzumab, ocrélizumab, ofatumumab, rituximab, sacituzumab, spésolimab, tafasitamab, tézépelumab, tocilizumab, ustékinumab avec : - alemtuzumab, amivantamab, brentuximab, cetuximab, daratumumab, dénosumab, ibritumomab, ipilimumab, natalizumab, nivolumab, panitumumab, pembrolizumab, ramucirumab, satralizumab, sécukinumab, siltuximab, tralokinumab, védolizumab"
ANTIDÉPRESSEURS IMIPRAMINIQUES,ADRÉNALINE (VOIE BUCCO-DENTAIRE OU SOUS-CUTANÉE),PE,Troubles du rythme ventriculaire graves par augmentation de l'excitabilité cardiaque.,"Limiter l'apport, par exemple : moins de 0,1 mg d'adrénaline en 10 minutes ou 0,3 mg en 1 heure chez l'adulte."
ANTIDÉPRESSEURS IMIPRAMINIQUES,ANTIHYPERTENSEURS CENTRAUX,AD,Risque d'inhibition de l'effet antihypertenseur par l'antidépresseur (antagonisme au niveau des récepteurs adrénergiques).,
ANTIDÉPRESSEURS IMIPRAMINIQUES,BÊTA-BLOQUANTS DANS L'INSUFFISANCE CARDIAQUE,APEC,"Effet vasodilatateur et risque d'hypotension, notamment orthostatique (effet additif).",
ANTIDÉPRESSEURS IMIPRAMINIQUES,INHIBITEURS SÉLECTIFS DE LA RECAPTURE DE LA SÉROTONINE,PE,Augmentation des concentrations plasmatiques de l'antidépresseur imipraminique avec risque de convulsions et augmentation des effets indésirables.,"Surveillance clinique accrue et, si nécessaire, adaptation posologique."
ANTIDÉPRESSEURS IMIPRAMINIQUES,ORLISTAT,APEC,Risque d'échec thérapeutique en cas de traitement concomitant par orlistat.,
ANTIDÉPRESSEURS IMIPRAMINIQUES,SYMPATHOMIMÉTIQUES ALPHA ET BÊTA (VOIE IM ET IV),AD,Hypertension paroxystique avec possibilité de troubles du rythme (inhibition de l'entrée du sympathomimétique dans la fibre sympathique).,
ANTIHYPERTENSEURS ALPHA-BLOQUANTS,ALPHABLOQUANTS À VISÉE UROLOGIQUE,AD,Majoration de l'effet hypotenseur. Risque d'hypotension orthostatique sévère.,
ANTIHYPERTENSEURS ALPHA-BLOQUANTS,ANTIHYPERTENSEURS SAUF ALPHA-BLOQUANTS,APEC,Majoration de l'effet hypotenseur. Risque majoré d'hypotension orthostatique.,
ANTIHYPERTENSEURS ALPHA-BLOQUANTS,INHIBITEURS DE LA PHOSPHODIESTERASE DE TYPE 5,PE,"Risque d'hypotension orthostatique, notamment chez le sujet âgé.",ASDEC - PE Association déconseillée : - avec la doxazosine : - avec les autres alpha-bloquants Débuter le traitement aux posologies minimales recommandées et adapter progressivement les doses si besoin.
ANTIHYPERTENSEURS CENTRAUX,ANTIDÉPRESSEURS IMIPRAMINIQUES,AD,Risque d'inhibition de l'effet antihypertenseur par l'antidépresseur (antagonisme au niveau des récepteurs adrénergiques).,
ANTIHYPERTENSEURS CENTRAUX,BÊTA-BLOQUANTS (SAUF ESMOLOL) (Y COMPRIS COLLYRES),PE,Augmentation importante de la pression artérielle en cas d'arrêt brutal du traitement par l'antihypertenseur central.,Eviter l'arrêt brutal du traitement par l'antihypertenseur central. Surveillance clinique.
ANTIHYPERTENSEURS CENTRAUX,BÊTA-BLOQUANTS DANS L'INSUFFISANCE CARDIAQUE,AD,"Diminution centrale du tonus sympathique et effet vasodilatateur des antihypertenseurs centraux, préjudiciables en cas d'insuffisance cardiaque traitée par bêta-bloquant et vasodilatateur.",
ANTIHYPERTENSEURS CENTRAUX,DILTIAZEM,APEC,Troubles de l'automatisme (troubles de la conduction auriculo- ventriculaire par addition des effets négatifs sur la conduction).,
ANTIHYPERTENSEURS CENTRAUX,VERAPAMIL,APEC,Troubles de l'automatisme (troubles de la conduction auriculo- ventriculaire par addition des effets négatifs sur la conduction).,
ANTIHYPERTENSEURS CENTRAUX,YOHIMBINE,AD,Inhibition possible de l'activité antihypertensive par antagonisme au niveau des récepteurs.,
ANTIHYPERTENSEURS SAUF ALPHA-BLOQUANTS,ALPHABLOQUANTS À VISÉE UROLOGIQUE,APEC,Majoration de l'effet hypotenseur. Risque d'hypotension orthostatique majoré.,
ANTIHYPERTENSEURS SAUF ALPHA-BLOQUANTS,ANTIHYPERTENSEURS ALPHA-BLOQUANTS,APEC,Majoration de l'effet hypotenseur. Risque majoré d'hypotension orthostatique.,
ANTI-INFLAMMATOIRES NON STÉROÏDIENS,AUTRES ANTI-INFLAMMATOIRES NON STÉROÏDIENS,AD,Avec les autres anti-inflammatoires non stéroïdiens : majoration du risque ulcérogène et hémorragique digestif.,
ANTI-INFLAMMATOIRES NON STÉROÏDIENS,ACIDE ACETYLSALICYLIQUE,APEC,Majoration du risque ulcérogène et hémorragique digestif.,ASDEC - APEC Association déconseillée avec : - des doses anti-inflammatoires d'acide acétylsalicylique (>=1g par prise et/ou >=3g par jour) - des doses antalgiques ou antipyrétiques (>=500 mg par prise et/ou <3g par jour) avec : - des doses antiagrégantes (de 50 mg à 375 mg par jour en 1 ou plusieurs prises)
ANTI-INFLAMMATOIRES NON STÉROÏDIENS,ANTAGONISTES DES RÉCEPTEURS DE L'ANGIOTENSINE II,PE,"Insuffisance rénale aiguë chez le patient à risque (sujet âgé, déshydratation, traitement associé avec diurétiques, altération de la fonction rénale), par diminution de la filtration glomérulaire secondaire à une diminution de la synthèse des prostaglandines rénales. Ces effets sont généralement réversibles. Par ailleurs, réduction de l'effet antihypertenseur.",Hydrater le malade et surveiller la fonction rénale en début de traitement et régulièrement pendant l'association.
ANTI-INFLAMMATOIRES NON STÉROÏDIENS,ANTIAGRÉGANTS PLAQUETTAIRES,APEC,"Augmentation du risque hémorragique, notamment gastro-intestinal.",
ANTI-INFLAMMATOIRES NON STÉROÏDIENS,ANTICOAGULANTS ORAUX,AD,Augmentation du risque hémorragique de l'anticoagulant oral (agression de la muqueuse gastroduodénale par les anti- inflammatoires non stéroïdiens).,"Si l'association ne peut être évitée, surveillance clinique étroite, voire biologique ."
ANTI-INFLAMMATOIRES NON STÉROÏDIENS,BÊTA-BLOQUANTS (SAUF ESMOLOL) (Y COMPRIS COLLYRES),APEC,Réduction de l'effet antihypertenseur (inhibition des prostaglandines vasodilatatrices par les anti-inflammatoires non stéroïdiens).,
ANTI-INFLAMMATOIRES NON STÉROÏDIENS,CICLOSPORINE,PE,"Risque d'addition des effets néphrotoxiques, notamment chez le sujet âgé.",Surveiller la fonction rénale en début de traitement par l'AINS.
ANTI-INFLAMMATOIRES NON STÉROÏDIENS,COBIMÉTINIB,PE,Augmentation du risque hémorragique.,Surveillance clinique.
ANTI-INFLAMMATOIRES NON STÉROÏDIENS,DEFERASIROX,APEC,Majoration du risque ulcérogène et hémorragique digestif.,
ANTI-INFLAMMATOIRES NON STÉROÏDIENS,DIURÉTIQUES,PE,"Insuffisance rénale aiguë chez le patient à risque (âgé, déshydraté, sous diurétiques, avec une fonction rénale altérée), par diminution de la filtration glomérulaire secondaire à une diminution de la synthèse des prostaglandines rénales. Ces effets sont généralement réversibles. Par ailleurs, réduction de l'effet antihypertenseur.",Hydrater le malade et surveiller la fonction rénale en début de traitement et régulièrement pendant l'association.
ANTI-INFLAMMATOIRES NON STÉROÏDIENS,GLUCOCORTICOÏDES (SAUF HYDROCORTISONE),APEC,Augmentation du risque d'ulcération et d'hémorragie gastro- intestinale.,
ANTI-INFLAMMATOIRES NON STÉROÏDIENS,HÉPARINES (DOSES CURATIVES ET/OU SUJET ÂGÉ),AD,Augmentation du risque hémorragique (agression de la muqueuse gastroduodénale par les anti-inflammatoires non stéroïdiens).,"Si l'association ne peut être évitée, surveillance clinique étroite."
ANTI-INFLAMMATOIRES NON STÉROÏDIENS,HÉPARINES (DOSES PRÉVENTIVES),APEC,Augmentation du risque hémorragique.,
ANTI-INFLAMMATOIRES NON STÉROÏDIENS,INHIBITEURS DE L'ENZYME DE CONVERSION,PE,"Insuffisance rénale aiguë chez le patient à risque (âgé, déshydraté, sous diurétiques, avec une fonction rénale altérée), par diminution de la filtration glomérulaire secondaire à une diminution de la synthèse des prostaglandines rénales. Ces effets sont généralement réversibles. Par ailleurs, réduction de l'effet antihypertenseur.",Hydrater le malade et surveiller la fonction rénale en début de traitement et régulièrement pendant l'association.
ANTI-INFLAMMATOIRES NON STÉROÏDIENS,INHIBITEURS SÉLECTIFS DE LA RECAPTURE DE LA SÉROTONINE,APEC,Majoration du risque hémorragique.,
ANTI-INFLAMMATOIRES NON STÉROÏDIENS,LITHIUM,AD,Augmentation de la lithémie pouvant atteindre des valeurs toxiques (diminution de l'excrétion rénale du lithium).,"Si l'association ne peut être évitée, surveiller étroitement la lithémie et adapter la posologie du lithium pendant l'association et après l'arrêt de l'anti-inflammatoire non stéroïdien."
ANTI-INFLAMMATOIRES NON STÉROÏDIENS,MÉDICAMENTS MIXTES ADRÉNERGIQUES-SÉROTONINERGIQUES,APEC,Augmentation du risque hémorragique.,
ANTI-INFLAMMATOIRES NON STÉROÏDIENS,MIFAMURTIDE,CI,"Aux doses élevées d'AINS, risque de moindre efficacité du mifamurtide.",
ANTI-INFLAMMATOIRES NON STÉROÏDIENS,NICORANDIL,AD,Majoration du risque ulcérogène et hémorragique digestif.,
ANTI-INFLAMMATOIRES NON STÉROÏDIENS,PEMETREXED,PE,Risque de majoration de la toxicité du pemetrexed (diminution de sa clairance rénale par les AINS).,ASDEC - PE Association déconseillée : - en cas de fonction rénale faible à modérée. : - en cas de fonction rénale normale. Surveillance biologique de la fonction rénale.
ANTI-INFLAMMATOIRES NON STÉROÏDIENS,TACROLIMUS,PE,"Risque d'addition des effets néphrotoxiques, notamment chez le sujet âgé.",Surveiller la fonction rénale en début de traitement par l'AINS.
ANTI-INFLAMMATOIRES NON STÉROÏDIENS,TENOFOVIR DISOPROXIL,PE,"Risque de majoration de la néphrotoxicité du ténofovir, notamment avec des doses élevées de l'anti-inflammatoire ou en présence de facteurs de risque d'insuffisance rénale.","En cas d'association, surveiller la fonction rénale."
ANTIPARKINSONIENS ANTICHOLINERGIQUES,ALCALOÏDES DE L'ERGOT DE SEIGLE DOPAMINERGIQUES,PE,Risque de majoration des troubles neuropsychiques.,"Surveillance clinique et biologique régulière, notamment en début d'association."
ANTIPARKINSONIENS DOPAMINERGIQUES,NEUROLEPTIQUES ANTIPSYCHOTIQUES (SAUF CLOZAPINE),AD,"Antagonisme réciproque du dopaminergique et des neuroleptiques. Le dopaminergique peut provoquer ou aggraver les troubles psychotiques. En cas de nécessité d'un traitement par neuroleptiques chez le patient parkinsonien traité par dopaminergique, ces derniers doivent être diminués progressivement jusqu'à l'arrêt (leur arrêt brutal expose à un risque de ""syndrome malin des neuroleptiques"").",
ANTIPURINES,ANTIVITAMINES K,PE,Augmentation du risque hémorragique.,Contrôle plus fréquent de l'INR. Adaptation éventuelle de la posologie de l'antivitamine K à la mise en route du traitement par l'immunomodulateur et après son arrêt.
ANTIPURINES,DÉRIVÉS DE L'ACIDE AMINOSALICYLIQUE (ASA),APEC,"Risque de majoration de l'effet myélosuppresseur de l'immunomodulateur par inhibition de son métabolisme hépatique par le dérivé de l'ASA, notamment chez les sujets présentant un déficit partiel en thiopurine méthyltransférase (TPMT).",
ANTIPURINES,INHIBITEURS DE LA XANTHINE OXYDASE,CI,Insuffisance médullaire éventuellement grave.,
ANTIPURINES,RIBAVIRINE,AD,"Risque majoré d'effets indésirables graves, par inhibition du métabolisme de l'immunomodulateur par la ribavirine.",
ANTISÉCRÉTOIRES ANTIHISTAMINIQUES H2,ATAZANAVIR,APEC,Risque de diminution des concentrations plasmatiques de l'atazanavir.,
ANTISÉCRÉTOIRES ANTIHISTAMINIQUES H2,CYANOCOBALAMINE,APEC,"Risque de carence en cyanocobalamine après traitement prolongé (quelques années), la réduction de l'acidité gastrique par ces médicaments pouvant diminuer l'absorption digestive de la vitamine B12.",
ANTISÉCRÉTOIRES ANTIHISTAMINIQUES H2,INHIBITEURS DE TYROSINE KINASES MÉTABOLISÉS,APEC,"Risque de diminution de la biodisponibilité de l'inhibiteur de tyrosine kinases, en raison de son absorption pH-dépendante.",- sauf avec l'entrectinib et le vandétanib.
ANTISÉCRÉTOIRES ANTIHISTAMINIQUES H2,ITRACONAZOLE,APEC,"Diminution de l'absorption de l'azolé antifongique, par augmentation du pH intragastrique par l'antisécrétoire.",
ANTISÉCRÉTOIRES ANTIHISTAMINIQUES H2,KETOCONAZOLE,APEC,"Diminution de l'absorption de l'azolé antifongique, par augmentation du pH intragastrique par l'antisécrétoire.",
ANTISÉCRÉTOIRES ANTIHISTAMINIQUES H2,POSACONAZOLE,AD,"Diminution de l'absorption de l'azolé antifongique, par augmentation du pH intragastrique par l'antisécrétoire.",Association déconseillée: - uniquement avec la forme suspension buvable de posaconazole.
ANTISÉCRÉTOIRES ANTIHISTAMINIQUES H2,RILPIVIRINE,APEC,Risque de diminution des concentrations plasmatiques de la rilpivirine.,"Si nécessaire, utiliser un antihistaminique H2 actif en une prise par jour, à prendre au moins 12 heures avant, ou au moins 4 heures après."
ANTISÉCRÉTOIRES ANTIHISTAMINIQUES H2,SOTORASIB,APEC,"Risque de diminution de l'effet du sotorasib, par diminution de son absorption.",
ANTISÉCRÉTOIRES ANTIHISTAMINIQUES H2,ULIPRISTAL,APEC,"Risque de diminution de l'effet de l'ulipristal, par diminution de son absorption.",
ANTISÉCRÉTOIRES INHIBITEURS DE LA POMPE À PROTONS,ATAZANAVIR,AD,"Diminution très importante des concentrations plasmatiques de l'atazanavir, avec risque d'échec thérapeutique.",
ANTISÉCRÉTOIRES INHIBITEURS DE LA POMPE À PROTONS,CYANOCOBALAMINE,APEC,"Risque de carence en cyanocobalamine après traitement prolongé (quelques années), la réduction de l'acidité gastrique par ces médicaments pouvant diminuer l'absorption digestive de la vitamine B12.",
ANTISÉCRÉTOIRES INHIBITEURS DE LA POMPE À PROTONS,HORMONES THYROÏDIENNES,PE,"Diminution probable de l'absorption des hormones thyroïdiennes, par augmentation du pH intra-gastrique par l'antisécrétoire.","Contrôle clinique et biologique régulier, avec augmentation éventuelle de la posologie des hormones thyroïdiennes."
ANTISÉCRÉTOIRES INHIBITEURS DE LA POMPE À PROTONS,INHIBITEURS DE TYROSINE KINASES MÉTABOLISÉS,APEC,"Risque de diminution de la biodisponibilité de l'inhibiteur de tyrosine kinases, en raison de son absorption pH-dépendante.","- sauf avec l'entrectinib, le fédratinib, l'imatinib, le tucatinib et le vandétanib"
ANTISÉCRÉTOIRES INHIBITEURS DE LA POMPE À PROTONS,ITRACONAZOLE,APEC,"Diminution de l'absorption de l'azolé antifongique, par augmentation du pH intragastrique par l'antisécrétoire.",
ANTISÉCRÉTOIRES INHIBITEURS DE LA POMPE À PROTONS,KETOCONAZOLE,APEC,"Diminution de l'absorption de l'azolé antifongique, par augmentation du pH intragastrique par l'antisécrétoire.",
ANTISÉCRÉTOIRES INHIBITEURS DE LA POMPE À PROTONS,LÉDIPASVIR,PE,Diminution des concentrations du lédipasvir en cas d'administration de l'inhibiteur de la pompe à protons avant le lédipasvir.,Il est recommandé de prendre l''inhibiteur de la pompe à protons et le lédipasvir simultanément.
ANTISÉCRÉTOIRES INHIBITEURS DE LA POMPE À PROTONS,METHOTREXATE,APEC,Risque d'augmentation de la toxicité du méthotrexate par diminution de son élimination.,ASDEC - APEC Association déconseillée : - avec le méthotrexate aux doses > 20 mg / semaine : - pour des doses inférieures
ANTISÉCRÉTOIRES INHIBITEURS DE LA POMPE À PROTONS,MILLEPERTUIS,APEC,Risque d'inefficacité du traitement antisécrétoire par augmentation de son métabolisme par le millepertuis.,
ANTISÉCRÉTOIRES INHIBITEURS DE LA POMPE À PROTONS,MYCOPHENOLATE MOFETIL,APEC,"Diminution des concentrations de l'acide mycophénolique d'environ un tiers, avec risque potentiel de baisse d'efficacité.",
ANTISÉCRÉTOIRES INHIBITEURS DE LA POMPE À PROTONS,POSACONAZOLE,AD,"Diminution de l'absorption de l'azolé antifongique, par augmentation du pH intragastrique par l'antisécrétoire.",Association déconseillée: - uniquement avec la forme suspension buvable de posaconazole.
ANTISÉCRÉTOIRES INHIBITEURS DE LA POMPE À PROTONS,RILPIVIRINE,CI,Diminution des concentrations plasmatiques de rilpivirine par l'inhibiteur de la pompe à protons (absorption diminuée en raison de l'augmentation du pH gastrique).,
ANTISÉCRÉTOIRES INHIBITEURS DE LA POMPE À PROTONS,SOTORASIB,APEC,"Risque de diminution de l'effet du sotorasib, par diminution de son absorption.",
ANTISÉCRÉTOIRES INHIBITEURS DE LA POMPE À PROTONS,ULIPRISTAL,APEC,"Risque de diminution de l'effet de l'ulipristal, par diminution de son absorption.",
ANTISÉCRÉTOIRES INHIBITEURS DE LA POMPE À PROTONS,VELPATASVIR,AD,Diminution des concentrations de velpatasvir et de sofosbuvir.,"Si l'association s'avère nécessaire, la bithérapie velpatasvir/sofosbuvir doit être prise au moment du repas, ou 4 heures avant la prise d'un IPP donné à dose minimale."
ANTISEPTIQUES MERCURIELS,POVIDONE IODÉE,AD,"Erythèmes, phlyctènes, voire nécrose cutanéo-muqueuse (formation d'un complexe caustique en cas d'utilisation concomitante d'antiseptiques iodés et mercuriels). L'interaction dépend de la stabilité de l'organo-mercuriel au niveau cutané et de la sensibilité individuelle.",
ANTISPASMODIQUES URINAIRES,INHIBITEURS PUISSANTS DU CYP3A4,PE,Risque de majoration des effets indésirables.,"CI - ASDEC - PE Contre-indication : - avec la darifénacine - avec la fésotérodine et la solifénacine, en cas d'insuffisance rénale ou hépatique, modérée à sévère. Association déconseillée : - avec la toltérodine : - avec la fésotérodine ou la solifénacine, chez le patient à fonction rénale et hépatique normales, réduire la dose à 4 mg ou 5 mg, respectivement, en cas d'association à un inhibiteur puissant du CYP3A4. A prendre en compte : - avec l'oxybutynine."
ANTI-TNF ALPHA,ABATACEPT,AD,Majoration de l'immunodépression.,
ANTI-TNF ALPHA,ANAKINRA,AD,Risque accru d'infections graves et de neutropénies.,
ANTI-TNF ALPHA,CANAKINUMAB,AD,Risque de majoration des infections graves.,
ANTI-TNF ALPHA,VACCINS VIVANTS ATTÉNUÉS,CI,Risque de maladie vaccinale généralisée éventuellement mortelle.,Et pendant les 3 mois suivant l'arrêt du traitement.
ANTITUSSIFS MORPHINE-LIKE,ANALGÉSIQUES MORPHINIQUES AGONISTES,APEC,"Risque majoré de dépression respiratoire, pouvant être fatale en cas de surdosage.",
ANTITUSSIFS MORPHINE-LIKE,METHADONE,APEC,"Risque majoré de dépression respiratoire, pouvant être fatale en cas de surdosage.",
ANTITUSSIFS MORPHINIQUES VRAIS,ANALGÉSIQUES MORPHINIQUES AGONISTES,APEC,"Risque majoré de dépression respiratoire, pouvant être fatale en cas de surdosage.",
ANTITUSSIFS MORPHINIQUES VRAIS,METHADONE,APEC,"Risque majoré de dépression respiratoire, pouvant être fatale en cas de surdosage.",
ANTITUSSIFS MORPHINIQUES VRAIS,MORPHINIQUES AGONISTES-ANTAGONISTES,AD,"Diminution de l'effet antalgique ou antitussif du morphinique, par blocage compétitif des récepteurs, avec risque d'apparition d'un syndrome de sevrage.",
ANTIVITAMINES K,ALLOPURINOL,PE,Augmentation du risque hémorragique.,Contrôle plus fréquent de l'INR. Adaptation éventuelle de la posologie de l'antivitamine K pendant le traitement par l'allopurinol et 8 jours après son arrêt.
ANTIVITAMINES K,AMIODARONE,PE,Augmentation de l'effet de l'antivitamine K et du risque hémorragique.,Contrôle plus fréquent de l'INR. Adaptation éventuelle de la posologie de l'antivitamine K pendant le traitement par l'amiodarone et jusqu'à 4 semaines après son arrêt.
ANTIVITAMINES K,ANDROGÈNES,PE,Augmentation du risque hémorragique par effet direct sur la coagulation et/ou les systèmes fibrinolytiques.,Contrôle plus fréquent de l'INR. Adaptation de la posologie de l'antivitamine K pendant le traitement par l'androgène et après son arrêt.
ANTIVITAMINES K,ANTIPURINES,PE,Augmentation du risque hémorragique.,Contrôle plus fréquent de l'INR. Adaptation éventuelle de la posologie de l'antivitamine K à la mise en route du traitement par l'immunomodulateur et après son arrêt.
ANTIVITAMINES K,APREPITANT,APEC,Risque de diminution de l'effet de l'antivitamine K par augmentation de son métabolisme hépatique par l'aprépitant.,
ANTIVITAMINES K,BOSENTAN,PE,Diminution de l'effet de l'antivitamine K par augmentation de son métabolisme hépatique.,Contrôle plus fréquent de l'INR. Adaptation éventuelle de la posologie de l'antivitamine K.
ANTIVITAMINES K,CEFAMANDOLE,PE,Augmentation de l'effet de l'antivitamine K et du risque hémorragique.,Contrôle plus fréquent de l'INR. Adaptation éventuelle de la posologie de l'antivitamine K pendant le traitement par la céphalosporine et après son arrêt.
ANTIVITAMINES K,CEFAZOLINE,PE,Augmentation de l'effet de l'antivitamine K et du risque hémorragique.,Contrôle plus fréquent de l'INR. Adaptation éventuelle de la posologie de l'antivitamine K pendant le traitement par la céphalosporine et après son arrêt.
ANTIVITAMINES K,CEFTRIAXONE,PE,Augmentation de l'effet de l'antivitamine K et du risque hémorragique.,Contrôle plus fréquent de l'INR. Adaptation éventuelle de la posologie de l'antivitamine K pendant le traitement par la céphalosporine et après son arrêt.
ANTIVITAMINES K,CIMETIDINE,APEC,Avec la cimétidine utilisée à des doses supérieures ou égales à 800 mg/j : augmentation de l'effet de l'antivitamine K et du risque hémorragique (diminution de son métabolisme hépatique).,
ANTIVITAMINES K,CLINDAMYCINE,PE,Augmentation de l'effet de l'antivitamine K et du risque hémorragique.,Contrôle plus fréquent de l'INR. Adaptation éventuelle de la posologie de l'antivitamine K pendant le traitement par clindamycine et après son arrêt.
ANTIVITAMINES K,COLCHICINE,PE,Augmentation de l'effet de l'antivitamine K et du risque hémorragique.,Contrôle plus fréquent de l'INR. Adaptation éventuelle de la posologie de l'antivitamine K pendant le traitement par la colchicine et 8 jours après son arrêt.
ANTIVITAMINES K,CYCLINES,PE,"Augmentation de l'effet de l'antivitamine K et du risque hémorragique (pour la tigécycline, effet direct sur la coagulation et/ou les systèmes fibrinolytiques).",Contrôle plus fréquent de l'INR. Adaptation éventuelle de la posologie de l'antivitamine K pendant le traitement par la cycline et après son arrêt.
ANTIVITAMINES K,CYTOTOXIQUES,PE,"Augmentation du risque thrombotique et hémorragique au cours des affections tumorales. De surcroit, possible interaction entre les AVK et la chimiothérapie.",Contrôle plus fréquent de l'INR.
ANTIVITAMINES K,DANAZOL,PE,Augmentation du risque hémorragique par effet direct sur la coagulation et/ou les systèmes fibrinolytiques.,Contrôle plus fréquent de l'INR. Adaptation de la posologie de l'antivitamine K pendant le traitement par le danazol et après son arrêt.
ANTIVITAMINES K,DEFERASIROX,APEC,Majoration du risque ulcérogène et hémorragique digestif.,
ANTIVITAMINES K,DISULFIRAME,PE,Augmentation de l'effet de l'antivitamine K et du risque hémorragique.,Contrôle plus fréquent de l'INR. Adaptation de la posologie de l'antivitamine K pendant le traitement par le disulfirame et 8 jours après son arrêt.
ANTIVITAMINES K,ECONAZOLE,PE,Quelle que soit la voie d'administration de l'éconazole : augmentation de l'effet de l'antivitamine K et du risque hémorragique.,Contrôle plus fréquent de l'INR. Adaptation éventuelle de la posologie de l'antivitamine K pendant le traitement par éconazole et après son arrêt.
ANTIVITAMINES K,EFAVIRENZ,PE,Diminution de l'effet de l'antivitamine K par augmentation de son métabolisme hépatique.,Contrôle plus fréquent de l'INR. Adaptation éventuelle de la posologie de l'antivitamine K.
ANTIVITAMINES K,FIBRATES,PE,Augmentation de l'effet de l'antivitamine K et du risque hémorragique.,Contrôle plus fréquent de l'INR. Adaptation éventuelle de la posologie de l'antivitamine K pendant le traitement par le fibrate et 8 jours après son arrêt.
ANTIVITAMINES K,FLUCONAZOLE,PE,Augmentation de l'effet de l'antivitamine K et du risque hémorragique.,Contrôle plus fréquent de l'INR. Adaptation éventuelle de la posologie de l'antivitamine K pendant le traitement par le fluconazole et 8 jours après son arrêt.
ANTIVITAMINES K,FLUOROQUINOLONES,PE,Augmentation de l'effet de l'antivitamine K et du risque hémorragique.,Contrôle plus fréquent de l'INR. Adaptation éventuelle de la posologie de l'antivitamine K pendant le traitement par la fluoroquinolone et après son arrêt.
ANTIVITAMINES K,"FLUOROURACILE (ET, PAR EXTRAPOLATION, AUTRES FLUOROPYRIMIDINES)",AD,Augmentation importante de l'effet de l'antivitamine K et du risque hémorragique.,"Si elle ne peut être évitée, contrôle plus fréquent de l'INR. Adaptation de la posologie de l'antivitamine K pendant le traitement par le cytotoxique et 8 jours après son arrêt."
ANTIVITAMINES K,GLUCOSAMINE,PE,Augmentation du risque hémorragique.,Contrôle plus fréquent de l'INR. Adapation éventuelle de la posologie de l'antivitamine K.
ANTIVITAMINES K,INDUCTEURS ENZYMATIQUES PUISSANTS,PE,"Diminution (ou, rarement, augmentation avec la phénytoïne) de l'effet de l'antivitamine K par augmentation de son métabolisme hépatique par l'anticonvulsivant inducteur.",Contrôle plus fréquent de l'INR. Adaptation éventuelle de la posologie de l'antivitamine K pendant le traitement par l'anticonvulsivant inducteur et 8 jours après son arrêt.
ANTIVITAMINES K,INHIBITEURS DE L'HMG-COA RÉDUCTASE (STATINES),PE,Augmentation de l'effet de l'antivitamine K et du risque hémorragique.,Contrôle plus fréquent de l'INR. Adaptation éventuelle de la posologie de l'antivitamine K.
ANTIVITAMINES K,INHIBITEURS DE PROTÉASES BOOSTÉS PAR RITONAVIR,PE,"Variation de l'effet de l'antivitamine K, le plus souvent dans le sens d'une diminution.",Contrôle plus fréquent de l'INR. Adaptation éventuelle de la posologie de l'antivitamine K pendant la durée du traitement.
ANTIVITAMINES K,LEVOCARNITINE,PE,Augmentation de l'effet de l'antivitamine K et du risque hémorragique,Contrôle plus fréquent de l'INR. Adaptation éventuelle de la posologie de l'antivitamine K pendant le traitement par la lévocarnitine et 8 jours après son arrêt.
ANTIVITAMINES K,MACROLIDES (SAUF SPIRAMYCINE),PE,Augmentation de l'effet de l'antivitamine K et du risque hémorragique.,Contrôle plus fréquent de l'INR. Adaptation éventuelle de la posologie de l'antivitamine K pendant le traitement par le macrolide et après son arrêt.
ANTIVITAMINES K,METHYLPREDNISOLONE,PE,"Pour des doses de 0,5 à 1g de méthylprednisolone administrées en bolus : augmentation de l'effet de l'antivitamine K et du risque hémorragique.",Contrôle de l'INR 2 à 4 jours après le bolus de méthylprednisolone ou en présence de tous signes hémorragiques.
ANTIVITAMINES K,MICONAZOLE,CI,"Hémorragies imprévisibles, éventuellement graves.",
ANTIVITAMINES K,MILLEPERTUIS,CI,"Diminution des concentrations plasmatiques de l'antivitamine K, en raison de son effet inducteur enzymatique, avec risque de baisse d'efficacité voire d'annulation de l'effet dont les conséquences peuvent être éventuellement graves (évènement thrombotique).","En cas d'association fortuite, ne pas interrompre brutalement la prise de millepertuis mais contrôler l'INR avant puis après l'arrêt du millepertuis."
ANTIVITAMINES K,NEVIRAPINE,PE,Diminution de l'effet de l'antivitamine K par augmentation de son métabolisme hépatique.,Contrôle plus fréquent de l'INR. Adaptation éventuelle de la posologie de l'antivitamine K.
ANTIVITAMINES K,NOSCAPINE,AD,Augmentation de l'effet de l'antivitamine K et du risque hémorragique.,
ANTIVITAMINES K,ORLISTAT,PE,Augmentation de l'effet de l'antivitamine K et du risque hémorragique.,Contrôle plus fréquent de l'INR. Adaptation éventuelle de la posologie de l'antivitamine K pendant le traitement par l'orlistat et après son arrêt.
ANTIVITAMINES K,PARACETAMOL,PE,Risque d'augmentation de l'effet de l'antivitamine K et du risque hémorragique en cas de prise de paracétamol aux doses maximales (4 g/j) pendant au moins 4 jours.,Contrôle plus fréquent de l'INR. Adaptation éventuelle de la posologie de l'antivitamine K pendant le traitement par le paracétamol et après son arrêt.
ANTIVITAMINES K,PENTOXIFYLLINE,PE,Augmentation du risque hémorragique.,Contrôle plus fréquent de l'INR. Adaptation éventuelle de la posologie de l'antivitamine K pendant le traitement par la pentoxifylline et 8 jours après son arrêt.
ANTIVITAMINES K,PRISTINAMYCINE,PE,Augmentation de l'effet de l'antivitamine K et du risque hémorragique.,Contrôle plus fréquent de l'INR. Adaptation éventuelle de la posologie de l'antivitamine K pendant le traitement par la pristinamycine et après son arrêt.
ANTIVITAMINES K,PROGUANIL,PE,Risque d'augmentation de l'effet de l'antivitamine K et du risque hémorragique.,Contrôle plus fréquent de l'INR. Adaptation éventuelle de la posologie de l'antivitamine K pendant le traitement par le proguanil et après son arrêt.
ANTIVITAMINES K,RIFAMPICINE,PE,Diminution de l'effet de l'antivitamine K par augmentation de son métabolisme hépatique par la rifampicine.,Contrôle plus fréquent de l'INR. Adaptation éventuelle de la posologie de l'antivitamine K pendant le traitement par la rifampicine et 8 jours après son arrêt.
ANTIVITAMINES K,ROPINIROLE,PE,Augmentation du risque hémorragique.,Contrôle plus fréquent de l'INR. Adaptation éventuelle de la posologie de l'antivitamine K pendant le traitement par ropinirole et après son arrêt.
ANTIVITAMINES K,SULFAMETHOXAZOLE,AD,Augmentation importante de l'effet de l'antivitamine K et du risque hémorragique.,"Si l'association ne peut être évitée, contrôle plus fréquent de l'INR et adaptation de la posologie de l'antivitamine K pendant le traitement par cotrimoxazole et après son arrêt."
ANTIVITAMINES K,TAMOXIFENE,PE,Risque d'augmentation de l'effet de l'antivitamine K et du risque hémorragique.,Contrôle plus fréquent de l'INR. Adaptation éventuelle de la posologie de l'antivitamine K.
ANTIVITAMINES K,TIBOLONE,PE,Augmentation de l'effet de l'antivitamine K et du risque hémorragique.,Contrôle plus fréquent de l'INR. Adaptation éventuelle de la posologie de l'antivitamine K pendant le traitement par la tibolone et après son arrêt.
ANTIVITAMINES K,VORICONAZOLE,PE,Augmentation de l'effet de l'antivitamine K et du risque hémorragique par diminution de son métabolisme hépatique.,Contrôle plus fréquent de l'INR. Adaptation éventuelle de la posologie de l'antivitamine K pendant le traitement par voriconazole et 8 jours après son arrêt.
APALUTAMIDE,ATORVASTATINE,AD,"Risque de diminution très importante des concentrations de l'atorvastatine, et perte d'efficacité, par augmentation de son métabolisme hépatique par l'apalutamide.",
APALUTAMIDE,CABAZITAXEL,AD,"Risque de diminution très importante des concentrations du cabazitaxel, et perte d'efficacité, par augmentation de son métabolisme hépatique par l'apalutamide.",
APALUTAMIDE,DOCETAXEL,AD,"Risque de diminution très importante des concentrations du docétaxel, et perte d'efficacité, par augmentation de son métabolisme hépatique par l'apalutamide.",
APALUTAMIDE,IMMUNOSUPPRESSEURS,AD,"Risque de diminution très importante des concentrations des immunosuppresseurs, et perte d'efficacité, par augmentation de leur métabolisme hépatique par l'apalutamide.",
APALUTAMIDE,METHADONE,AD,"Risque de diminution très importante des concentrations de la méthadone, et perte d'efficacité, par augmentation de son métabolisme hépatique par l'apalutamide.",
APALUTAMIDE,OLAPARIB,AD,"Risque de diminution très importante des concentrations de l'olaparib, et perte d'efficacité, par augmentation de son métabolisme hépatique par l'apalutamide.",
APALUTAMIDE,OMEPRAZOLE,AD,"Risque de diminution très importante des concentrations de l'oméprazole, et perte d'efficacité, par augmentation de son métabolisme hépatique par l'apalutamide.",
APALUTAMIDE,PIMOZIDE,AD,"Risque de diminution très importante des concentrations du pimozide, et perte d'efficacité, par augmentation de son métabolisme hépatique par l'apalutamide.",
APALUTAMIDE,SIMVASTATINE,AD,"Risque de diminution très importante des concentrations de la simvastatine, et perte d'efficacité, par augmentation de son métabolisme hépatique par l'apalutamide.",
APIXABAN,FLUCONAZOLE,AD,"Augmentation des concentrations plasmatiques de l'apixaban par le fluconazole, avec majoration du risque de saignement.",
APIXABAN,INDUCTEURS ENZYMATIQUES PUISSANTS,AD,"Diminution des concentrations plasmatiques de l'apixaban par l'inducteur enzymatique, avec risque de réduction de l'effet thérapeutique.",
APIXABAN,INHIBITEURS PUISSANTS DU CYP3A4,AD,"Augmentation des concentrations plasmatiques de l'apixaban par l'inhibiteur, avec majoration du risque de saignement.",
APIXABAN,RIFAMPICINE,AD,"Diminution des concentrations plasmatiques de l'apixaban par la rifampicine, avec risque de diminution de l'effet thérapeutique.",
APOMORPHINE,SÉTRONS,CI,Des hypotensions sévères et des pertes de connaissance ont été rapportées lors de l'association d'un sétron avec l'apomorphine.,
APRÉMILAST,INDUCTEURS ENZYMATIQUES,AD,Diminution des concentrations plasmatiques d'aprémilast par augmentatiion de son métabolisme par l'inducteur.,
APREPITANT,ANTIVITAMINES K,APEC,Risque de diminution de l'effet de l'antivitamine K par augmentation de son métabolisme hépatique par l'aprépitant.,
APREPITANT,CYPROTERONE,PE,Risque de diminution des concentrations de la cyprotérone avec risque de moindre efficacité contraceptive.,"Dans son utilisation comme contraceptif hormonal : Utiliser une méthode de contraception fiable, additionnelle ou alternative, pendant la durée de l'association."
APREPITANT,ESTROPROGESTATIFS CONTRACEPTIFS,PE,Diminution de l'efficacité contraceptive par augmentation du métabolisme hépatique du contraceptif hormonal par l'aprépitant.,"Utiliser une méthode additionnelle de type mécanique (préservatif) pendant la durée de l'association, et un cycle suivant l'arrêt de l'aprépitant."
APREPITANT,IFOSFAMIDE,APEC,Risque d'augmentation de la neurotoxicité de l'ifosfamide.,
APREPITANT,INDUCTEURS ENZYMATIQUES PUISSANTS,AD,Risque de diminution très importante des concentrations d'aprépitant.,
APREPITANT,ITRACONAZOLE,APEC,Augmentation des concentrations d'aprépitant par diminution de son métabolisme hépatique par l'itraconazole.,
APREPITANT,PIMOZIDE,CI,"Risque majoré de troubles du rythme ventriculaire, notamment de torsades de pointes.",
APREPITANT,PROGESTATIFS CONTRACEPTIFS,PE,"(Sauf stérilet), diminution des concentrations du progestatif, avec risque de moindre efficacité contraceptive.","Utiliser de préférence une autre méthode contraceptive, en particulier de type mécanique, pendant la durée de l'association et un cycle suivant."
APREPITANT,RIFAMPICINE,AD,Diminution très importante des concentrations d'aprépitant.,
ARIPIPRAZOLE,INDUCTEURS ENZYMATIQUES,PE,Diminution des concentrations plasmatiques de l'aripiprazole.,Surveillance clinique et adaptation éventuelle de la posologie de l'aripiprazole pendant l'association et 1 à 2 semaines après l'arrêt de l'inducteur.
ARIPIPRAZOLE,NEUROLEPTIQUES ANTIPSYCHOTIQUES (SAUF CLOZAPINE),APEC,"Risque de moindre efficacité, notamment de l'aripiprazole, suite à l'antagonisme des récepteurs dopaminergiques par le neuroleptique.",
ATALUREN,AMINOSIDES,CI,Risque de potentialisation de la toxicité rénale de l'aminoside.,
ATAZANAVIR,ANTISÉCRÉTOIRES ANTIHISTAMINIQUES H2,APEC,Risque de diminution des concentrations plasmatiques de l'atazanavir.,
ATAZANAVIR,ANTISÉCRÉTOIRES INHIBITEURS DE LA POMPE À PROTONS,AD,"Diminution très importante des concentrations plasmatiques de l'atazanavir, avec risque d'échec thérapeutique.",
ATAZANAVIR,BICTÉGRAVIR,AD,Quadruplement des concentrations de bictégravir.,
ATAZANAVIR,BUPRENORPHINE,APEC,"Risque de majoration ou de diminution des effets de la buprénorphine, à la fois par inhibition et accélération de son métabolisme par l'inhibiteur de protéases.",
ATAZANAVIR,CLARITHROMYCINE,PE,Augmentation des concentrations plasmatiques de clarithromycine et inhibition de la formation de son métabolite actif.,"Surveillance clinique et biologique régulière, notamment en début d'association."
ATAZANAVIR,EFAVIRENZ,AD,Risque de baisse de l'efficacité de l'atazanavir par augmentation de son métabolisme hépatique.,"Si l'association s'avère nécessaire, adaptation posologique de l'atazanavir avec surveillance clinique et biologique régulière, notamment en début d'association."
ATAZANAVIR,ETRAVIRINE,AD,Risque de diminution des concentrations plasmatiques d'atazanavir par l'étravirine.,
ATAZANAVIR,GLÉCAPRÉVIR + PIBRENTASVIR,CI,Augmentation de l'hépatotoxicité avec la bithérapie.,
ATAZANAVIR,LÉNACAPAVIR,AD,"Lorsqu'il est associé au cobicistat, l'atazanavir provoque une augmentation très importante des concentrations de lénacapavir.",
ATAZANAVIR,NEVIRAPINE,AD,Risque de baisse de l'efficacité de l'atazanavir par augmentation de son métabolisme hépatique.,"Si l'association s'avère nécessaire, adaptation posologique de l'atazanavir avec surveillance clinique et biologique régulière, notamment en début d'association."
ATAZANAVIR,POSACONAZOLE,APEC,Augmentation des concentrations plasmatiques de l'atazanavir et du risque d'hyperbilirubinémie.,
ATAZANAVIR,TENOFOVIR DISOPROXIL,APEC,"Diminution d'environ un tiers de l'exposition à l'atazanavir chez le patient en cas d'association au ténofovir, comparativement au sujet sain recevant la même association.",Ne pas administrer l'atazanavir avec le ténofovir sans ritonavir.
ATORVASTATINE,APALUTAMIDE,AD,"Risque de diminution très importante des concentrations de l'atorvastatine, et perte d'efficacité, par augmentation de son métabolisme hépatique par l'apalutamide.",
ATORVASTATINE,AZITHROMYCINE,PE,"Risque majoré d'effets indésirables (concentration-dépendants) à type de rhabdomyolyse, par diminution du métabolisme hépatique de l'hypocholestérolémiant.",Utiliser des doses plus faibles d'hypocholestérolémiant ou une autre statine non concernée par ce type d'interaction.
ATORVASTATINE,CICLOSPORINE,PE,Risque majoré d'effets indésirables (concentration-dépendants) à type de rhabdomyolyse (diminution du métabolisme de l'hypocholestérolémiant).,"Ne pas dépasser la posologie de 10mg/jour d'atorvastatine. Si l'objectif thérapeutique n'est pas atteint à cette posologie, utiliser une autre statine non concernée par ce type d'interaction."
ATORVASTATINE,CLARITHROMYCINE,PE,"Risque majoré d'effets indésirables (concentration-dépendants) à type de rhabdomyolyse, par diminution du métabolisme hépatique de l'hypocholesterolémiant.","Utiliser des doses plus faibles d'hypocholestérolémiant. Si l'objectif thérapeutique n'est pas atteint, utiliser une autre statine non concernée par ce type d'interaction."
ATORVASTATINE,DILTIAZEM,PE,"Risque majoré d'effets indésirables (concentration-dépendants) à type de rhabdomyolyse, par diminution du métabolisme hépatique de l'hypocholestérolémiant.",Utiliser des doses plus faibles d'hypocholestérolémiant ou une autre statine non concernée par ce type d'interaction.
ATORVASTATINE,ERYTHROMYCINE,PE,"Risque majoré d'effets indésirables (concentration-dépendants) à type de rhabdomyolyse, par diminution du métabolisme hépatique de l'hypocholesterolémiant.","Utiliser des doses plus faibles d'hypocholestérolémiant. Si l'objectif thérapeutique n'est pas atteint, utiliser une autre statine non concernée par ce type d'interaction."
ATORVASTATINE,FLUCONAZOLE,PE,Risque majoré d'effets indésirables concentration-dépendants à type de rhabdomyolyse (diminution du métabolisme hépatique de la statine).,"Utiliser des doses plus faibles de l'hypocholestérolémiant. Si l'objectif thérapeutique n'est pas atteint, utiliser une autre statine non concernée par ce type d'interaction."
ATORVASTATINE,GLÉCAPRÉVIR + PIBRENTASVIR,CI,"Augmentation importante des concentrations plasmatiques d'atorvastatine par la bithérapie, avec risque majoré d'effets indésirables (concentration-dépendants) à type de rhabdomyolyses.",
ATORVASTATINE,INHIBITEURS DE PROTÉASES BOOSTÉS PAR RITONAVIR,AD,Risque majoré d'effets indésirables (concentration-dépendants) à type de rhabdomyolyse (diminution du métabolisme hépatique de l'atorvastatine).,"Utiliser des doses plus faibles d'atorvastatine. Si l'objectif thérapeutique n'est pas atteint, utiliser une autre statine non concernée par ce type d'interaction."
ATORVASTATINE,ITRACONAZOLE,CI,Risque majoré d'effets indésirables (concentration-dépendants) à type de rhabdomyolyse (diminution du métabolisme hépatique de l'atorvastatine).,
ATORVASTATINE,KETOCONAZOLE,CI,Risque majoré d'effets indésirables (concentration-dépendants) à type de rhabdomyolyse (diminution du métabolisme hépatique de l'atorvastatine).,
ATORVASTATINE,OMBITASVIR + PARITAPRÉVIR,CI,Augmentation des concentrations plasmatiques de l'atorvastatine par diminution de son métabolisme hépatique par la bithérapie.,
ATORVASTATINE,PAMPLEMOUSSE (JUS ET FRUIT),APEC,"Augmentation des concentrations plasmatiques de l'hypolipémiant, avec risque de survenue d'effets indésirables, notamment musculaires.",
ATORVASTATINE,PONATINIB,PE,Risque d'augmentation des concentrations plasmatiques de l'atrovastatine par augmentation de son absorption intestinale par le ponatinib.,Surveillance clinique et biologique étroite pendant l'association.
ATORVASTATINE,POSACONAZOLE,CI,Risque majoré d'effets indésirables (concentration-dépendants) à type de rhabdomyolyse (diminution du métabolisme hépatique de l'inhibiteur de l'HMG-CoA reductase).,
ATORVASTATINE,RANOLAZINE,PE,Risque majoré d'effets indésirables (concentration-dépendants) à type de rhabdomyolyse par inhibition du métabolisme de l'atorvastatine par la ranolazine.,Utiliser des doses plus faibles d'hypocholestérolémiant ou une autre statine non concernée par ce type d'interaction.
ATORVASTATINE,RIFAMPICINE,AD,"Diminution très importante des concentrations plasmatiques d'atorvastatine, par augmentation de son métabolisme hépatique par la rifampicine.",
ATORVASTATINE,ROXITHROMYCINE,PE,Risque majoré d'effets indésirables (concentration-dépendants) à type de rhabdomyolyse.,Utiliser des doses plus faibles d'hypocholestérolémiant.
ATORVASTATINE,STIRIPENTOL,CI,Risque majoré d'effets indésirables (dose-dépendants) à type de rhabdomyolyse (diminution du métabolisme hépatique de l'hypocholestérolémiant).,
ATORVASTATINE,TELITHROMYCINE,CI,Risque majoré d'effets indésirables (dose-dépendants) à type de rhabdomyolyse (diminution du métabolisme hépatique de l'hypocholestérolémiant).,
ATORVASTATINE,VERAPAMIL,PE,"Risque majoré d'effets indésirables (concentration-dépendants) à type de rhabdomyolyse, par diminution du métabolisme hépatique de l'hypocholestérolémiant.","Utiliser des doses plus faibles d'hypocholestérolémiant. Si l'objectif thérapeutique n'est pas atteint, utiliser une autre statine non concernée par ce type d'interaction."
ATOVAQUONE,EFAVIRENZ,AD,Diminution des concentrations plasmatiques d'atovaquone par l'inducteur enzymatique.,
ATOVAQUONE,INHIBITEURS DE PROTÉASES BOOSTÉS PAR RITONAVIR,AD,"Diminution, éventuellement très importante, des concentrations plasmatiques de l'atovaquone par augmentation de son métabolisme.",
ATOVAQUONE,RIFABUTINE,APEC,Diminution modérée des concentrations plasmatiques d'atovaquone par l'inducteur enzymatique.,
ATOVAQUONE,RIFAMPICINE,AD,Diminution des concentrations plasmatiques d'atovaquone par l'inducteur enzymatique.,
AVANAFIL,PAMPLEMOUSSE (JUS ET FRUIT),AD,"Augmentation des concentrations plasmatiques de l'avanafil, avec risque d'hypotension.",
AZITHROMYCINE,ATORVASTATINE,PE,"Risque majoré d'effets indésirables (concentration-dépendants) à type de rhabdomyolyse, par diminution du métabolisme hépatique de l'hypocholestérolémiant.",Utiliser des doses plus faibles d'hypocholestérolémiant ou une autre statine non concernée par ce type d'interaction.
AZITHROMYCINE,CICLOSPORINE,PE,Risque d'augmentation des concentrations sanguines de ciclosporine et de la créatininémie.,"Dosage des concentrations sanguines de la ciclosporine, contrôle de la fonction rénale et adaptation de la posologie pendant l'association et après l'arrêt du macrolide."
AZITHROMYCINE,IVABRADINE,PE,"Risque majoré de troubles du rythme ventriculaires, notamment de torsades de pointes. De plus, risque d'augmentation des concentrations plasmatiques de l'ivabradine par augmentation de son absorption par l'azithromycine.",Surveillance clinique et ECG pendant l'association.
AZITHROMYCINE,SIMVASTATINE,PE,"Risque majoré d'effets indésirables (concentration-dépendants) à type de rhabdomyolyse, par diminution du métabolisme hépatique de l'hypocholestérolémiant.",Utiliser des doses plus faibles d'hypocholestérolémiant ou une autre statine non concernée par ce type d'interaction.
AZITHROMYCINE,SUBSTANCES SUSCEPTIBLES DE DONNER DES TORSADES DE POINTES,PE,"Risque majoré de troubles du rythme ventriculaire, notamment de torsades de pointes.",Surveillance clinique et électrocardiographique pendant l'association.
AZTREONAM,"VALPROÏQUE (ACIDE) ET, PAR EXTRAPOLATION, VALPROMIDE",PE,"Risque de survenue de crises convulsives, par diminution des concentrations plasmatiques de l'acide valproïque.","Surveillance clinique, dosages plasmatiques et adaptation éventuelle de la posologie de l'anticonvulsivant pendant le traitement par l'anti- infectieux et après son arrêt."
BACLOFENE,LEVODOPA,APEC,"Risque d'aggravation du syndrome parkinsonien ou d'effets indésirables centraux (hallucinations visuelles, état confusionnel, céphalées).",
BARBITURIQUES,BENZODIAZÉPINES ET APPARENTÉS,APEC,"Risque majoré de sédation et de dépression respiratoire pouvant entraîner coma et décès, notamment chez le sujet âgé. Il convient de limiter autant que possible les doses et la durée de l'association.",
BARBITURIQUES,MORPHINIQUES,APEC,"Risque majoré de sédation et de dépression respiratoire pouvant entraîner coma et décès, notamment chez le sujet âgé. Il convient de limiter autant que possible les doses et la durée de l'association.",
BARBITURIQUES,OXYBATE DE SODIUM,CI,"Risque majoré de dépression respiratoire, pouvant être fatale en cas de surdosage.",
BAZÉDOXIFÈNE,INDUCTEURS ENZYMATIQUES,PE,Diminution des concentrations plasmatiques de bazédoxifène par l'inducteur.,Surveillance d'éventuels signes évocateurs d'une perte d'efficacité (saignements).
BÉDAQUILINE,INDUCTEURS ENZYMATIQUES,AD,Diminution des concentrations plasmatiques de bédaquiline par augmentation de son métabolisme par l'inducteur.,
BÉDAQUILINE,INHIBITEURS PUISSANTS DU CYP3A4,AD,Augmentation des concentrations plasmatiques de bédaquiline par diminution de son métabolisme hépatique par l'inhibiteur.,"Si l'association est nécessaire, une surveillance ECG plus fréquente et une surveillance des transaminases sont recommandées."
BÉDAQUILINE,MILLEPERTUIS,AD,Risque de diminution des concentrations plasmatiques de bédaquiline par augmentation de son métabolisme par l'inducteur.,
BÉLATACEPT,VACCINS VIVANTS ATTÉNUÉS,AD,"Risque de maladie vaccinale généralisée, éventuellement mortelle.",
BENZODIAZÉPINES ET APPARENTÉS,BARBITURIQUES,APEC,"Risque majoré de sédation et de dépression respiratoire pouvant entraîner coma et décès, notamment chez le sujet âgé. Il convient de limiter autant que possible les doses et la durée de l'association.",
BENZODIAZÉPINES ET APPARENTÉS,BUPRENORPHINE,APEC,"Avec la buprénorphine utilisée en traitement de substitution : risque majoré de dépression respiratoire, pouvant être fatale.",Evaluer attentivement le rapport bénéfice/risque de cette association. Informer le patient de la nécessité de respecter les doses prescrites.
BENZODIAZÉPINES ET APPARENTÉS,CLOZAPINE,APEC,Risque accru de collapsus avec arrêt respiratoire et / ou cardiaque.,
BENZODIAZÉPINES ET APPARENTÉS,MORPHINIQUES,APEC,"Risque majoré de sédation et de dépression respiratoire pouvant entraîner coma et décès, notamment chez le sujet âgé. Il convient de limiter autant que possible les doses et la durée de l'association.",
BÊTA-2 MIMÉTIQUES,BÊTA-BLOQUANTS NON CARDIO-SÉLECTIFS (Y COMPRIS COLLYRES),APEC,Risque de moindre efficacité réciproque par antagonisme pharmacodynamique.,
BÊTA-2 MIMÉTIQUES,HALOTHANE,AD,"En cas d'intervention obstétricale, majoration de l'inertie utérine avec risque hémorragique ; par ailleurs, troubles du rythme ventriculaires graves, par augmentation de la réactivité cardiaque.",Interrompre le traitement par bêta-2 mimétiques si l'anesthésie doit se faire sous halothane.
BÊTA-2 MIMÉTIQUES,INSULINE,PE,Elévation de la glycémie par le bêta-2 mimétique.,Renforcer la surveillance sanguine et urinaire.
BÊTA-2 MIMÉTIQUES,SULFAMIDES HYPOGLYCÉMIANTS,PE,Elévation de la glycémie par le bêta-2 mimétique.,"Renforcer la surveillance sanguine et urinaire. Passer éventuellement à l'insuline, le cas échéant."
BÊTA-BLOQUANTS (SAUF ESMOLOL ET SOTALOL) (Y COMPRIS COLLYRES),AMIODARONE,PE,Troubles de l'automatisme et de la conduction (suppression des mécanismes sympathiques compensateurs).,Surveillance clinique et ECG.
BÊTA-BLOQUANTS (SAUF ESMOLOL) (Y COMPRIS COLLYRES),ANESTHÉSIQUES VOLATILS HALOGÉNÉS,PE,Réduction des réactions cardiovasculaires de compensation par les bêta-bloquants. L'inhibition bêta-adrénergique peut être levée durant l'intervention par les bêta-mimétiques.,"En règle générale, ne pas arrêter le traitement bêta-bloquant et, de toute façon, éviter l'arrêt brutal. Informer l'anesthésiste de ce traitement."
BÊTA-BLOQUANTS (SAUF ESMOLOL) (Y COMPRIS COLLYRES),ANTIHYPERTENSEURS CENTRAUX,PE,Augmentation importante de la pression artérielle en cas d'arrêt brutal du traitement par l'antihypertenseur central.,Eviter l'arrêt brutal du traitement par l'antihypertenseur central. Surveillance clinique.
BÊTA-BLOQUANTS (SAUF ESMOLOL) (Y COMPRIS COLLYRES),ANTI-INFLAMMATOIRES NON STÉROÏDIENS,APEC,Réduction de l'effet antihypertenseur (inhibition des prostaglandines vasodilatatrices par les anti-inflammatoires non stéroïdiens).,
BÊTA-BLOQUANTS (SAUF ESMOLOL) (Y COMPRIS COLLYRES),DIHYDROPYRIDINES,APEC,"Hypotension, défaillance cardiaque chez les patients en insuffisance cardiaque latente ou non contrôlée (addition des effets inotropes négatifs). Le bêta-bloquant peut par ailleurs minimiser la réaction sympathique réflexe mise en jeu en cas de répercussion hémodynamique excessive.",
BÊTA-BLOQUANTS (SAUF ESMOLOL) (Y COMPRIS COLLYRES),DILTIAZEM,AD,"Troubles de l'automatisme (bradycardie excessive, arrêt sinusal), troubles de la conduction sino-auriculaire et auriculo-ventriculaire et défaillance cardiaque.","Une telle association ne doit se faire que sous surveillance clinique et ECG étroite, en particulier chez le sujet âgé ou en début de traitement."
BÊTA-BLOQUANTS (SAUF ESMOLOL) (Y COMPRIS COLLYRES),DIPYRIDAMOLE,APEC,Avec le dipyridamole par voie injectable : majoration de l'effet antihypertenseur.,
BÊTA-BLOQUANTS (SAUF ESMOLOL) (Y COMPRIS COLLYRES),GLINIDES,PE,Tous les bêta-bloquants peuvent masquer certains symptômes de l'hypoglycémie : palpitations et tachycardie.,"Prévenir le patient et renforcer, surtout en début de traitement, l'autosurveillance glycémique."
BÊTA-BLOQUANTS (SAUF ESMOLOL) (Y COMPRIS COLLYRES),GLIPTINES,PE,Tous les bêtabloquants peuvent masquer certains symptômes de l'hypoglycémie : palpitations et tachycardie.,"Prévenir le patient et renforcer, surtout en début de traitement, l'autosurveillance glycémique."
BÊTA-BLOQUANTS (SAUF ESMOLOL) (Y COMPRIS COLLYRES),INSULINE,PE,Tous les bêtabloquants peuvent masquer certains symptômes de l'hypoglycémie : palpitations et tachycardie.,"Prévenir le patient et renforcer, surtout en début de traitement, l'autosurveillance glycémique."
BÊTA-BLOQUANTS (SAUF ESMOLOL) (Y COMPRIS COLLYRES),LIDOCAINE,PE,Avec la lidocaïne utilisée par voie IV : augmentation des concentrations plasmatiques de lidocaïne avec possibilité d'effets indésirables neurologiques et cardiaques (diminution de la clairance hépatique de la lidocaïne).,"Surveillance clinique, ECG et éventuellement contrôle des concentrations plasmatiques de lidocaïne pendant l'association et après l'arrêt du bêta-bloquant. Adaptation si besoin de la posologie de la lidocaïne."
BÊTA-BLOQUANTS (SAUF ESMOLOL) (Y COMPRIS COLLYRES),PROPAFENONE,PE,"Troubles de la contractilité, de l'automatisme et de la conduction (suppression des mécanismes sympathiques compensateurs).",Surveillance clinique et ECG.
BÊTA-BLOQUANTS (SAUF ESMOLOL) (Y COMPRIS COLLYRES),SULFAMIDES HYPOGLYCÉMIANTS,PE,Tous les bêta-bloquants peuvent masquer certains symptômes de l'hypoglycémie : palpitations et tachycardie.,"Prévenir le patient et renforcer, surtout en début de traitement, l'autosurveillance glycémique."
BÊTA-BLOQUANTS (SAUF ESMOLOL) (Y COMPRIS COLLYRES),VERAPAMIL,AD,"Troubles de l'automatisme (bradycardie excessive, arrêt sinusal), trouble de la conduction sino-auriculaire et auriculo-ventriculaire et défaillance cardiaque.","Une telle association ne doit se faire que sous surveillance clinique et ECG étroite, en particulier chez le sujet âgé ou en début de traitement."
BÊTA-BLOQUANTS DANS L'INSUFFISANCE CARDIAQUE,AMIODARONE,PE,Troubles de l'automatisme et de la conduction cardiaque avec risque de bradycardie excessive.,Surveillance clinique et ECG régulière.
BÊTA-BLOQUANTS DANS L'INSUFFISANCE CARDIAQUE,ANESTHÉSIQUES VOLATILS HALOGÉNÉS,PE,Réduction des réactions cardiovasculaires de compensation par les bêta-bloquants. L'inhibition bêta-adrénergique peut être levée durant l'intervention par les bêta-stimulants.,"En règle générale, ne pas arrêter le traitement bêta-bloquant et, de toute façon, éviter l'arrêt brutal. Informer l'anesthésiste de ce traitement."
BÊTA-BLOQUANTS DANS L'INSUFFISANCE CARDIAQUE,ANTICHOLINESTÉRASIQUES,PE,Risque de bradycardie excessive (addition des effets bradycardisants).,"Surveillance clinique régulière, notamment en début d'association."
BÊTA-BLOQUANTS DANS L'INSUFFISANCE CARDIAQUE,ANTIDÉPRESSEURS IMIPRAMINIQUES,APEC,"Effet vasodilatateur et risque d'hypotension, notamment orthostatique (effet additif).",
BÊTA-BLOQUANTS DANS L'INSUFFISANCE CARDIAQUE,ANTIHYPERTENSEURS CENTRAUX,AD,"Diminution centrale du tonus sympathique et effet vasodilatateur des antihypertenseurs centraux, préjudiciables en cas d'insuffisance cardiaque traitée par bêta-bloquant et vasodilatateur.",
BÊTA-BLOQUANTS DANS L'INSUFFISANCE CARDIAQUE,DIGOXINE,APEC,"Troubles de l'automatisme (bradycardie, arrêt sinusal) et troubles de la conduction sino-auriculaire et auriculo-ventriculaire.",
BÊTA-BLOQUANTS DANS L'INSUFFISANCE CARDIAQUE,DIHYDROPYRIDINES,APEC,"Hypotension, défaillance cardiaque chez les malades en insuffisance cardiaque latente ou non contrôlée (effet inotrope négatif in vitro des dihydropyridines plus ou moins marqué et susceptibles de s'additionner aux effets inotropes négatifs des bêta- bloquants). La présence d'un traitement bêta-bloquant peut par ailleurs minimiser la réaction sympathique réflexe mise en jeu en cas de répercussion hémodynamique excessive.",
BÊTA-BLOQUANTS DANS L'INSUFFISANCE CARDIAQUE,DILTIAZEM,AD,"Effet inotrope négatif avec risque de décompensation de l'insuffisance cardiaque, troubles de l'automatisme (bradycardie, arrêt sinusal) et troubles de la conduction sino-auriculaire et auriculo-ventriculaire.",
BÊTA-BLOQUANTS DANS L'INSUFFISANCE CARDIAQUE,GLINIDES,PE,Tous les bêtabloquants peuvent masquer certains symptômes de l'hypoglycémie : palpitations et tachycardie.,"Prévenir le patient et renforcer, surtout en début de traitement, l'autosurveillance glycémique."
BÊTA-BLOQUANTS DANS L'INSUFFISANCE CARDIAQUE,INSULINE,PE,Tous les bêtabloquants peuvent masquer certains symptômes de l'hypoglycémie : palpitations et tachycardie.,"Prévenir le patient et renforcer, surtout en début de traitement, l'autosurveillance glycémique."
BÊTA-BLOQUANTS DANS L'INSUFFISANCE CARDIAQUE,LIDOCAINE,APEC,Effet inotrope négatif avec risque de décompensation cardiaque.,
BÊTA-BLOQUANTS DANS L'INSUFFISANCE CARDIAQUE,MEXILETINE,CI,Effet inotrope négatif avec risque de décompensation cardiaque.,
BÊTA-BLOQUANTS DANS L'INSUFFISANCE CARDIAQUE,NEUROLEPTIQUES,APEC,"Effet vasodilatateur et risque d'hypotension, notamment orthostatique (effet additif).",
BÊTA-BLOQUANTS DANS L'INSUFFISANCE CARDIAQUE,SUBSTANCES SUSCEPTIBLES DE DONNER DES TORSADES DE POINTES,PE,"Risque majoré de troubles du rythme ventriculaire, notamment de torsades de pointes.",Surveillance clinique et électrocardiographique.
BÊTA-BLOQUANTS DANS L'INSUFFISANCE CARDIAQUE,SULFAMIDES HYPOGLYCÉMIANTS,PE,Tous les bêta-bloquants peuvent masquer certains symptômes de l'hypoglycémie : palpitations et tachycardie.,"Prévenir le malade et renforcer, surtout au début du traitement, l'autosurveillance sanguine."
BÊTA-BLOQUANTS DANS L'INSUFFISANCE CARDIAQUE,VERAPAMIL,AD,"Effet inotrope négatif avec risque de décompensation de l'insuffisance cardiaque, troubles de l'automatisme (bradycardie, arrêt sinusal) et troubles de la conduction sino-auriculaire et auriculo-ventriculaire.",
BÊTA-BLOQUANTS NON CARDIO-SÉLECTIFS (Y COMPRIS COLLYRES),BÊTA-2 MIMÉTIQUES,APEC,Risque de moindre efficacité réciproque par antagonisme pharmacodynamique.,
BICTÉGRAVIR,ATAZANAVIR,AD,Quadruplement des concentrations de bictégravir.,
BICTÉGRAVIR,FER,PE,Diminution de près des deux tiers de l'absorption du bictégravir en cas d'ingestion simultanée ou à jeun.,"Prendre le bictégravir au moins 2 heures avant les sels de fer, ou en même temps qu'un repas."
BICTÉGRAVIR,MILLEPERTUIS,CI,"Diminution très importante des concentrations de bictégravir, avec risque de perte d'efficacité.",
BICTÉGRAVIR,RIFAMPICINE,CI,"Diminution très importante des concentrations de bictégravir, avec risque de perte d'efficacité.",
BISPHOSPHONATES,CALCIUM,PE,Pour les sels de calcium administrés par voie orale : diminution de l'absorption digestive des bisphosphonates.,"Prendre les sels de calcium et antiacides à distance des bisphosphonates (de 30 minutes au minimum à plus de 2 heures, si possible, selon le bisphosphonate)."
BISPHOSPHONATES,FER,PE,Pour les sels de fer administrés par voie orale : diminution de l'absorption digestive des bisphosphonates.,"Prendre les sels de fer à distance des bisphosphonates (de 30 minutes au minimum à plus de 2 heures, si possible, selon le bisphosphonate)."
BLEOMYCINE,BRENTUXIMAB,CI,Risque de majoration de la toxicité pulmonaire.,
BORTEZOMIB,INDUCTEURS ENZYMATIQUES,APEC,"Diminution des concentrations du cytotoxique par augmentation de son métabolisme par l'inducteur, avec risque de moindre efficacité.",
BORTEZOMIB,INHIBITEURS PUISSANTS DU CYP3A4,PE,"Risque de majoration des effets indésirables, notamment neurologiques, du bortezomib par diminution de son métabolisme.",Surveillance clinique et adaptation éventuelle de la posologie du bortezomib pendant la durée du traitement par l'inhibiteur enzymatique.
BOSENTAN,ANTIVITAMINES K,PE,Diminution de l'effet de l'antivitamine K par augmentation de son métabolisme hépatique.,Contrôle plus fréquent de l'INR. Adaptation éventuelle de la posologie de l'antivitamine K.
BOSENTAN,CICLOSPORINE,CI,Diminution importante des concentrations sanguines de la ciclosporine et augmentation des concentrations plasmatiques de bosentan.,
BOSENTAN,CYPROTERONE,PE,Risque de diminution de l'efficacité de la cyprotérone.,"Dans ses indications comme anti-androgène, surveillance clinique et si possible adaptation de la posologie de la cyprotérone pendant l'administration avec le bosentan et après son arrêt. Dans son utilisation comme contraceptif hormonal, utiliser une méthode de contraception fiable, additionnelle ou alternative pendant la durée de l'association."
BOSENTAN,ESTROPROGESTATIFS CONTRACEPTIFS,PE,Diminution de l'efficacité contraceptive par augmentation du métabolisme hépatique du contraceptif hormonal par le bosentan.,"Utiliser une méthode additionnelle de type mécanique (préservatif) pendant la durée de l'association, et un cycle suivant l'arrêt du bosentan."
BOSENTAN,GLIBENCLAMIDE,PE,"Risque de moindre efficacité du glibenclamide par diminution de ses concentrations plasmatiques, en raison de l'effet inducteur du bosentan. Par ailleurs, des cas d'hépatotoxicité ont été rapportés lors de l'association.","Surveillance de la glycémie, adaptation du traitement si besoin, et surveillance des constantes biologiques hépatiques."
BOSENTAN,INDUCTEURS ENZYMATIQUES PUISSANTS,AD,Risque de diminution des concentrations plasmatiques de,
BOSENTAN,INHIBITEURS PUISSANTS DU CYP3A4,PE,"Risque majoré des effets indésirables du bosentan, notamment d'atteintes hépatiques, par diminution de son métabolisme par l'inhibiteur.",Surveillance clinique et biologique pendant l'association.
BOSENTAN,PROGESTATIFS CONTRACEPTIFS,PE,Risque de diminution de l'efficacité du contraceptif hormonal par augmentation de son métabolisme hépatique.,"Utiliser une méthode contraceptive fiable, additionnelle ou alternative, pendant la durée de l'association et un cycle suivant."
BOSENTAN,"PROGESTATIFS NON CONTRACEPTIFS, ASSOCIÉS OU NON À UN ESTROGÈNE",PE,Risque de diminution de l'efficacité du progestatif.,Surveillance clinique et adaptation éventuelle de la posologie du traitement hormonal pendant l'administration du bosentan et après son arrêt.
BOSENTAN,RIFAMPICINE,AD,"Risque de diminution, importante pour la rifampicine, des concentrations plasmatiques de bosentan.",
BOTULIQUE (TOXINE),AMINOSIDES,AD,Risque d'augmentation des effets de la toxine botulique avec les aminosides (par extrapolation à partir des effets observés au cours du botulisme).,Utiliser un autre antibiotique.
BRADYCARDISANTS,AUTRES BRADYCARDISANTS,APEC,Risque de bradycardie excessive (addition des effets).,
BRADYCARDISANTS,FINGOLIMOD,AD,Potentialisation des effets bradycardisants pouvant avoir des conséquences fatales. Les bêta-bloquants sont d'autant plus à risque qu'ils empêchent les mécanismes de compensation adrénergique.,"Surveillance clinique et ECG continu pendant les 6 heures suivant la première dose voire 2 heures de plus, jusqu'au lendemain si nécessaire."
BRADYCARDISANTS,OZANIMOD,AD,Potentialisation des effets bradycardisants pouvant avoir des conséquences fatales. Les bêta-bloquants sont d'autant plus à risque qu'ils empêchent les mécanismes de compensation adrénergique.,Surveillance clinique et ECG pendant au moins 6 heures.
BRADYCARDISANTS,PONÉSIMOD,AD,Potentialisation des effets bradycardisants pouvant avoir des conséquences fatales. Les bêta-bloquants sont d'autant plus à risque qu'ils empêchent les mécanismes de compensation adrénergique.,"Surveillance clinique et ECG continu pendant les 4 heures suivant la première dose, jusqu'au lendemain si nécessaire."
BRADYCARDISANTS,SUBSTANCES SUSCEPTIBLES DE DONNER DES TORSADES DE POINTES,PE,"Risque majoré de troubles du rythme ventriculaire, notamment de torsades de pointes.",Surveillance clinique et électrocardiographique pendant l'association.
BRENTUXIMAB,BLEOMYCINE,CI,Risque de majoration de la toxicité pulmonaire.,
BRENTUXIMAB,INHIBITEURS PUISSANTS DU CYP3A4,APEC,"Augmentation des concentrations du métabolite actif du brentuximab, avec risque de neutropénie.",
BUPRENORPHINE,ATAZANAVIR,APEC,"Risque de majoration ou de diminution des effets de la buprénorphine, à la fois par inhibition et accélération de son métabolisme par l'inhibiteur de protéases.",
BUPRENORPHINE,BENZODIAZÉPINES ET APPARENTÉS,APEC,"Avec la buprénorphine utilisée en traitement de substitution : risque majoré de dépression respiratoire, pouvant être fatale.",Evaluer attentivement le rapport bénéfice/risque de cette association. Informer le patient de la nécessité de respecter les doses prescrites.
BUPRENORPHINE,INHIBITEURS DE PROTÉASES BOOSTÉS PAR RITONAVIR,APEC,"Risque de majoration ou de diminution des effets de la buprénorphine, à la fois par inhibition et accélération de son métabolisme par l'inhibiteur de protéases.",
BUPRENORPHINE,ITRACONAZOLE,PE,"Augmentation des concentrations de buprénorphine par diminution de son métabolisme hépatique, avec risque de majoration de ses effets indésirables.","Surveillance clinique et adaptation de la posologie de la buprénorphine pendant le traitement par l'inhibiteur et, le cas échéant, après son arrêt."
BUPRENORPHINE,KETOCONAZOLE,PE,"Augmentation des concentrations de buprénorphine par diminution de son métabolisme hépatique, avec risque de majoration de ses effets indésirables.","Surveillance clinique et adaptation de la posologie de la buprénorphine pendant le traitement par l'inhibiteur et, le cas échéant, après son arrêt."
BUPROPION,CLOMIPRAMINE,PE,Risque d'augmentation des effets indésirables de la clomipramine par diminution de son métabolisme hépatique par le bupropion.,"Surveillance clinique. Si besoin, adaptation de la posologie de la clomipramine pendant le traitement par le bupropion."
BUPROPION,CODEINE,AD,Risque d'inefficacité de l'opiacé par inhibition de son métabolisme par l'inhibiteur.,
BUPROPION,DESIPRAMINE,PE,Risque d'augmentation des effets indésirables de la désipramine par diminution de son métabolisme hépatique par le bupropion.,"Surveillance clinique. Si besoin, adaptation de la posologie de la désipramine pendant le traitement par le bupropion."
BUPROPION,IMAO-B,CI,Risque de crises hypertensives.,
BUPROPION,MEQUITAZINE,AD,"Risque de majoration des effets indésirables de la méquitazine, par inhibition de son métabolisme par l'inhibiteur enzymatique.",
BUPROPION,METOPROLOL,PE,Avec le métoprolol utilisé dans l'insuffisance cardiaque : risque d'augmentation des effets indésirables du métoprolol par diminution de son métabolisme hépatique par le bupropion.,"Surveillance clinique. Si besoin, adaptation de la posologie du métoprolol pendant le traitement par le bupropion."
BUPROPION,NORTRIPTYLINE,PE,Risque d'augmentation des effets indésirables de la nortriptyline par diminution de son métabolisme hépatique par le bupropion.,"Surveillance clinique. Si besoin, adaptation de la posologie de la nortriptyline pendant le traitement par le bupropion."
BUPROPION,PROPAFENONE,PE,Risque d'augmentation des effets indésirables de la propafénone par diminution de son métabolisme hépatique par le bupropion.,"Surveillance clinique. Si besoin, adaptation de la posologie de la propafénone pendant le traitement par le bupropion."
BUPROPION,TAMOXIFENE,AD,"Risque de baisse de l'efficacité du tamoxifène, par inhibition de la formation de son métabolite actif par le bupropion.",
BUPROPION,TETRABENAZINE,CI,Augmentation possiblement très importante de l'exposition des métabolites actifs de la tétrabénazine.,
BUPROPION,TRAMADOL,AD,Risque d'inefficacité de l'opiacé par inhibition de son métabolisme par l'inhibiteur.,
BUPROPION,VÉMURAFÉNIB,APEC,"Risque de diminution des concentrations du bupropion, avec augmentation de son métabolite actif et toxicité majorée.",
BUSPIRONE,DIAZEPAM,APEC,Risque de majoration des effets indésirables de la buspirone.,
BUSPIRONE,DILTIAZEM,PE,"Augmentation des concentrations plasmatiques de la buspirone par diminution de son métabolisme hépatique par le diltiazem, avec augmentation de ses effets indésirables.",Surveillance clinique et adaptation de la posologie de la buspirone si nécessaire.
BUSPIRONE,ERYTHROMYCINE,AD,"Augmentation des concentrations plasmatiques de la buspirone par diminution de son métabolisme hépatique, avec majoration importante de la sédation.",
BUSPIRONE,ITRACONAZOLE,AD,"Augmentation des concentrations plasmatiques de la buspirone par diminution de son métabolisme hépatique, avec majoration importante de la sédation.",
BUSPIRONE,MILLEPERTUIS,CI,Risque de diminution des concentrations plasmatiques de la buspirone par augmentation de son métabolisme par le millepertuis.,
BUSPIRONE,PAMPLEMOUSSE (JUS ET FRUIT),APEC,Risque de majoration des effets indésirables de la buspirone par diminution de son métabolisme par le pamplemousse.,
BUSPIRONE,RIFAMPICINE,PE,Diminution des concentrations plasmatiques de la buspirone par augmentation de son métabolisme hépatique par la rifampicine.,Surveillance clinique et adaptation éventuelle de la posologie de la buspirone pendant le traitement par rifampicine et après son arrêt.
BUSPIRONE,VERAPAMIL,PE,"Augmentation des concentrations plasmatiques de la buspirone par diminution de son métabolisme hépatique par le vérapamil, avec augmentation de ses effets indésirables.",Surveillance clinique et adaptation de la posologie de la buspirone si nécessaire.
BUSULFAN,DEFERASIROX,APEC,Risque d'augmentation de la toxicité du busulfan par diminution de sa clairance par le déférasirox.,
BUSULFAN,ITRACONAZOLE,AD,Avec le busulfan à fortes doses : doublement des concentrations de busulfan par l'itraconazole.,
BUSULFAN,METRONIDAZOLE,AD,Avec le busulfan à fortes doses : doublement des concentrations de busulfan par le métronidazole.,
CABAZITAXEL,APALUTAMIDE,AD,"Risque de diminution très importante des concentrations du cabazitaxel, et perte d'efficacité, par augmentation de son métabolisme hépatique par l'apalutamide.",
CABAZITAXEL,INDUCTEURS ENZYMATIQUES,APEC,"Diminution des concentrations du cytotoxique par augmentation de son métabolisme par l'inducteur, avec risque de moindre efficacité.",
CABAZITAXEL,INHIBITEURS PUISSANTS DU CYP3A4,PE,Risque de majoration des effets indésirables dose-dépendants du cabazitaxel par inhibition de son métabolisme par l'inhibiteur enzymatique.,Surveillance clinique et adaptation éventuelle de la posologie du cabazitaxel pendant le traitement par l'inhibiteur enzymatique.
CABOTEGRAVIR,INDUCTEURS ENZYMATIQUES,APEC,"Diminution importante des concentrations de cabotégravir avec la rifampicine, avec risque de réduction de la réponse virologique.","CI - APEC Contre-indication : - avec la rifampicine, la carbamazépine, l'oxcarbazépine, la phénytoïne, le phénobarbital : - avec les autres inducteurs"
CAFEINE,CIPROFLOXACINE,APEC,"Augmentation des concentrations plasmatiques de caféine, par diminution de son métabolisme hépatique.",
CAFEINE,DIPYRIDAMOLE,PE,Avec le dipyridamole par voie injectable : réduction de l'effet vasodilatateur du dipyridamole par la caféine.,"Interrompre un traitement à base de caféine au moins 5 jours avant une imagerie myocardique avec le dipyridamole et éviter la consommation de café, thé, chocolat ou cola dans les 24 heures qui précèdent le test."
CAFEINE,ENOXACINE,AD,"Augmentation des concentrations plasmatiques de caféine, pouvant entraîner excitations et hallucinations, par diminution de son métabolisme hépatique.",
CAFEINE,LITHIUM,APEC,"En cas d'arrêt brutal de la consommation de café ou de médicaments contenant de la caféine, risque d'augmentation de la lithémie.",
CAFEINE,MEXILETINE,APEC,"Augmentation des concentrations plasmatiques de caféine, par inhibition de son métabolisme hépatique par la méxilétine.",
CAFEINE,NORFLOXACINE,APEC,"Augmentation des concentrations plasmatiques de caféine, par diminution du métabolisme hépatique de la caféine.",
CAFEINE,STIRIPENTOL,PE,"Augmentation possible des concentrations plasmatiques de la caféine, avec risque de surdosage, par inhibition de son métabolisme hépatique.",Surveillance clinique et adaptation éventuelle de la posologie de caféine.
CALCITONINE,LITHIUM,PE,Risque de baisse de l'efficacité du lithium par augmentation de son élimination rénale par la calcitonine.,"Surveillance clinique et biologique régulière, notamment en début d'association."
CALCIUM,BISPHOSPHONATES,PE,Pour les sels de calcium administrés par voie orale : diminution de l'absorption digestive des bisphosphonates.,"Prendre les sels de calcium et antiacides à distance des bisphosphonates (de 30 minutes au minimum à plus de 2 heures, si possible, selon le bisphosphonate)."
CALCIUM,CIPROFLOXACINE,PE,Diminution de l'absorption digestive de la ciprofloxacine.,"Prendre les sels de calcium à distance de la ciprofloxacine (plus de 2 heures, si possible)."
CALCIUM,CYCLINES,PE,Diminution de l'absorption digestive des cyclines.,"Prendre les sels de calcium à distance des cyclines (plus de deux heures, si possible)."
CALCIUM,DIGOXINE,PE,"Risque de troubles du rythme graves, voire mortels avec les sels de calcium administrés par voie IV.","CI - PE Contre-indication : - avec les sels de calcium IV, hormis supplémentation parentérale. : - avec les sels de calcium par voie orale. Surveillance clinique et, s'il y a lieu, contrôle de l'ECG et de la calcémie."
CALCIUM,DIURÉTIQUES THIAZIDIQUES ET APPARENTÉS,APEC,Risque d'hypercalcémie par diminution de l'élimination urinaire du calcium.,
CALCIUM,ESTRAMUSTINE,PE,Diminution de l'absorption digestive de l'estramustine.,"Prendre les sels de calcium à distance de l'estramustine (plus de 2 heures, si possible)."
CALCIUM,FER,PE,Avec les sels de fer par voie orale : diminution de l'absorption digestive des sels de fer.,Prendre les sels de fer à distance des repas et en l'absence de calcium.
CALCIUM,HORMONES THYROÏDIENNES,PE,Diminution de l'absorption digestive des hormones thyroïdiennes.,"Prendre les sels de calcium à distance des hormones thyroïdiennes (plus de 2 heures, si possible)."
CALCIUM,INHIBITEURS D'INTÉGRASE,PE,Diminution de l'absorption digestive des inhibiteurs d'intégrase.,"Prendre les sels de calcium à distance de l'antirétroviral (plus de 2 heures, si possible)."
CALCIUM,NORFLOXACINE,PE,Diminution de l'absorption digestive de la norflloxacine.,"Prendre les sels de calcium à distance de la norfloxacine (plus de 2 heures, si possible)."
CALCIUM,ROXADUSTAT,PE,"La prise de cation divalent peut diminuer l'absorption intestinale et, potentiellement, l'efficacité du roxadustat pris simultanément.","Prendre le roxadustat à distance des sels de calcium (plus de 1 heure, si possible)."
CALCIUM,STRONTIUM,PE,Avec les sels de calcium administrés par voie orale : diminution de l'absorption digestive du strontium.,"Prendre le strontium à distance des sels de calcium (plus de deux heures, si possible)."
CALCIUM,ZINC,PE,Diminution de l'absorption digestive du zinc par le calcium.,Prendre les sels de calcium à distance du zinc (plus de 2 heures si possible).
CANAKINUMAB,ANTI-TNF ALPHA,AD,Risque de majoration des infections graves.,
CANNABIDIOL,INDUCTEURS ENZYMATIQUES PUISSANTS,AD,Diminution des concentrations plasmatiques de cannabidiol avec risque de perte d'efficacité.,
CANNABIDIOL,MILLEPERTUIS,CI,Diminution des concentrations plasmatiques de cannabidiol avec risque de perte d'efficacité.,
CANNABIDIOL,RIFAMPICINE,AD,Diminution des concentrations plasmatiques de cannabidiol avec risque de perte d'efficacité.,
CARBAMAZEPINE,ACETAZOLAMIDE,PE,Augmentation des concentrations plasmatiques de carbamazépine avec signes de surdosage.,"Surveillance clinique et, si besoin, contrôle des concentrations plasmatiques de carbamazépine et réduction éventuelle de sa posologie."
CARBAMAZEPINE,CIMETIDINE,PE,"Avec la cimétidine utilisée à des doses supérieures ou égales à 800 mg/j : en début de traitement, augmentation des concentrations plasmatiques de carbamazépine par inhibition de son métabolisme hépatique par la cimétidine.","Surveillance clinique et réduction éventuelle de la posologie de la carbamazépine, spécialement pendant les premiers jours de traitement par la cimétidine."
CARBAMAZEPINE,CLARITHROMYCINE,PE,"Augmentation des concentrations plasmatiques de carbamazépine avec signes de surdosage, par inhibition de son métabolisme hépatique.",Surveillance clinique et réduction éventuelle de la posologie de la carbamazépine.
CARBAMAZEPINE,CLONAZEPAM,PE,"Augmentation des concentrations plasmatiques du métabolite actif de la carbamazépine. De plus, diminution des concentrations plasmatiques du clonazépam par augmentation de son métabolisme hépatique par la carbamazépine.","Surveillance clinique, dosages plasmatiques et adaptation éventuelle des posologies des deux anticonvulsivants."
CARBAMAZEPINE,DANAZOL,PE,"Augmentation des concentrations plasmatiques de carbamazépine, avec signes de surdosage.",Surveillance clinique et réduction éventuelle de la posologie de la carbamazépine.
CARBAMAZEPINE,DIGOXINE,PE,Augmentation des concentrations plasmatiques de carbamazépine et diminution de la digoxinémie.,Prudence dans l'interprétation des concentrations plasmatiques.
CARBAMAZEPINE,DIURÉTIQUES HYPOKALIÉMIANTS,PE,Risque d'hyponatrémie symptomatique.,"Surveillance clinique et biologique. Si possible, utiliser une autre classe de diurétiques."
CARBAMAZEPINE,ERYTHROMYCINE,AD,"Augmentation des concentrations plasmatiques de carbamazépine, avec signes de surdosage, par inhibition de son métabolisme hépatique.",
CARBAMAZEPINE,ETHOSUXIMIDE,PE,Diminution des concentrations plasmatiques d'éthosuximide.,"Surveillance clinique, dosage plasmatique de l'éthosuximide et augmentation éventuelle de sa posologie."
CARBAMAZEPINE,FELBAMATE,PE,"Augmentation des concentrations plasmatiques du métabolite actif de la carbamazépine. De plus, diminution des concentrations plasmatiques de felbamate par augmentation de son métabolisme hépatique par la carbamazépine.","Surveillance clinique, dosages plasmatiques et adaptation éventuelle des posologies des deux anticonvulsivants."
CARBAMAZEPINE,FLUCONAZOLE,PE,Pour des doses de fluconazole >= 200 mg par jour : augmentation possible des effets indésirables de la carbamazépine.,"Adapter la posologie de carbamazépine, pendant et après l'arrêt du traitement antifongique."
CARBAMAZEPINE,FLUOXETINE,PE,Augmentation des concentrations plasmatiques de carbamazépine avec signes de surdosage.,"Surveillance clinique, contrôle des concentrations plasmatiques de carbamazépine et réduction éventuelle de la posologie de la carbamazépine pendant le traitement par l'antidépresseur sérotoninergique et après son arrêt."
CARBAMAZEPINE,FLUVOXAMINE,PE,Augmentation des concentrations plasmatiques de carbamazépine avec signes de surdosage.,"Surveillance clinique, contrôle des concentrations plasmatiques de carbamazépine et réduction éventuelle de la posologie de la carbamazépine pendant le traitement par l'antidépresseur sérotoninergique et après son arrêt."
CARBAMAZEPINE,ISONIAZIDE,AD,Augmentation des concentrations plasmatiques de carbamazépine avec signes de surdosage par inhibition de son métabolisme hépatique.,
CARBAMAZEPINE,JOSAMYCINE,PE,"Augmentation des concentrations plasmatiques de carbamazépine avec signes de surdosage, par diminution de son métabolisme hépatique.","Surveillance clinique et, si besoin, dosage plasmatique et réduction éventuelle de la posologie de la carbamazépine."
CARBAMAZEPINE,LAMOTRIGINE,PE,"Risque d'augmentation des effets neurologiques (vertiges, ataxie, diplopie) de la carbamazépine lors de l'introduction de la lamotrigine.",Surveillance clinique et réduction éventuelle de la posologie de la carbamazépine.
CARBAMAZEPINE,LITHIUM,AD,"Risque de neurotoxicité se manifestant par des troubles cérébelleux, confusion, somnolence, ataxie. Ces troubles sont réversibles à l'arrêt du traitement par le lithium.",
CARBAMAZEPINE,MILLEPERTUIS,AD,Risque de diminution des concentrations plasmatiques et de l'efficacité de la carbamazepine.,
CARBAMAZEPINE,NINTÉDANIB,PE,Diminution des concentrations plasmatiques du nintédanib par diminution de son absorption par la carbamazépine.,Surveillance clinique pendant l'association.
CARBAMAZEPINE,OLANZAPINE,PE,"Risque de diminution des concentrations plasmatiques de l'olanzapine et de son efficacité thérapeutique, par augmentation de son métabolisme hépatique par la carbamazépine.","Surveillance clinique, et si besoin, adaptation posologique de l'olanzapine."
CARBAMAZEPINE,PAMPLEMOUSSE (JUS ET FRUIT),AD,"Augmentation des concentrations plasmatiques de carbamazépine, avec risque de surdosage, par inhibition de son métabolisme par le pamplemousse.",
CARBAMAZEPINE,PAROXETINE,PE,Augmentation des concentrations plasmatiques de carbamazépine avec signes de surdosage.,"Surveillance clinique, contrôle des concentrations plasmatiques de carbamazépine et réduction éventuelle de la posologie de la carbamazépine pendant le traitement par l'antidépresseur sérotoninergique et après son arrêt."
CARBAMAZEPINE,"PHÉNOBARBITAL (ET, PAR EXTRAPOLATION, PRIMIDONE)",APEC,Diminution progressive des concentrations plasmatiques de carbamazépine et de son métabolite actif sans modification apparente de l'efficacité anticomitiale.,Prudence quant à l'interprétation des concentrations plasmatiques.
CARBAMAZEPINE,"PHÉNYTOÏNE (ET, PAR EXTRAPOLATION, FOSPHÉNYTOÏNE)",APEC,Réduction réciproque des concentrations plasmatiques (augmentation du métabolisme sans modification apparente de l'efficacité anticomitiale).,Prudence dans l'interprétation des concentrations plasmatiques.
CARBAMAZEPINE,RIFAMPICINE,PE,Diminution des concentrations plasmatiques et de l'efficacité de la carbamazépine par augmentation de son métabolisme hépatique par la rifampicine.,"Surveillance clinique, contrôle des concentrations plasmatiques et adaptation de la posologie de la carbamazépine pendant le traitement par la rifampicine et après son arrêt."
CARBAMAZEPINE,RISPERIDONE,PE,Risque de diminution de la fraction active de la rispéridone et de son efficacité thérapeutique par augmentation de son métabolisme hépatique par la carbamazépine.,"Surveillance clinique, et si besoin, adaptation posologique de la rispéridone."
CARBAMAZEPINE,SIMVASTATINE,AD,"Diminution importante des concentrations plasmatiques de simvastatine, par augmentation de son métabolisme hépatique.",
CARBAMAZEPINE,TOPIRAMATE,PE,"Diminution des concentrations du topiramate avec risque de moindre efficacité, par augmentation de son métabolisme hépatique par la carbamazépine.","Surveillance clinique, et si besoin, adaptation posologique du topiramate pendant le traitement par la carbamazépine et après son arrêt."
CARBAMAZEPINE,"VALPROÏQUE (ACIDE) ET, PAR EXTRAPOLATION, VALPROMIDE",PE,"Augmentation des concentrations plasmatiques du métabolite actif de la carbamazépine avec signes de surdosage. De plus, diminution des concentrations plasmatiques d'acide valproïque par augmentation de son métabolisme hépatique par la carbamazépine.","Surveillance clinique, dosages plasmatiques et adaptation de la posologie des deux anticonvulsivants."
CARBAMAZEPINE,VERAPAMIL,PE,"Augmentation des concentrations de carbamazépine et de sa neurotoxicité par inhibition de son métabolisme par le vérapamil. De plus, diminution des concentrations du vérapamil par augmentation de son métabolisme par la carbamazépine.",Surveillance clinique et adaptation éventuelle des posologies des deux médicaments.
CARMUSTINE,CIMETIDINE,AD,Avec la cimétidine utilisée à des doses supérieures ou égales à 800 mg/j : toxicité médullaire accrue (inhibition du métabolisme de la carmustine).,
CARVEDILOL,CIMETIDINE,CI,"Avec la cimétidine utilisée à des doses supérieures ou égales à 800 mg/j : augmentation des concentrations du carvédilol, pouvant être préjudiciables dans le cas du traitement de l'insuffisance cardiaque, par diminution de son métabolisme hépatique par la cimétidine.",Utiliser un autre antisécrétoire gastrique.
CARVEDILOL,RIFAMPICINE,PE,"Diminution importante des concentrations plasmatiques du carvédilol, par augmentation de son métabolisme hépatique par la rifampicine.","Surveillance clinique régulière et adaptation de la posologie du carvédilol pendant le traitement par la rifampicine. A l'arrêt de la rifampicine, risque de remontée importante des concentrations plasmatiques de carvédilol imposant une réduction posologique et une surveillance clinique étroite."
CASPOFUNGINE,INDUCTEURS ENZYMATIQUES,PE,Diminution des concentrations plasmatiques de caspofungine.,"En cas de traitement par inducteur, maintenir la posologie à 70 mg par jour dès le 2e jour."
CEFALOTINE,AMINOSIDES,PE,L'augmentation de la néphrotoxicité des aminosides par la céfalotine est discutée.,Surveillance de la fonction rénale.
CEFAMANDOLE,ANTIVITAMINES K,PE,Augmentation de l'effet de l'antivitamine K et du risque hémorragique.,Contrôle plus fréquent de l'INR. Adaptation éventuelle de la posologie de l'antivitamine K pendant le traitement par la céphalosporine et après son arrêt.
CEFAZOLINE,ANTIVITAMINES K,PE,Augmentation de l'effet de l'antivitamine K et du risque hémorragique.,Contrôle plus fréquent de l'INR. Adaptation éventuelle de la posologie de l'antivitamine K pendant le traitement par la céphalosporine et après son arrêt.
CEFTRIAXONE,ANTIVITAMINES K,PE,Augmentation de l'effet de l'antivitamine K et du risque hémorragique.,Contrôle plus fréquent de l'INR. Adaptation éventuelle de la posologie de l'antivitamine K pendant le traitement par la céphalosporine et après son arrêt.
CHLORDIAZEPOXIDE,CIMETIDINE,PE,Avec la cimétidine utilisée à des doses supérieures ou égales à 800 mg/j : risque accru de somnolence.,Avertir les patients de l'augmentation du risque en cas de conduite automobile ou d'utilisation de machines.
CHLOROQUINE,CICLOSPORINE,PE,Risque d'augmentation des concentrations sanguines de ciclosporine et de la créatininémie.,"Dosage des concentrations sanguines de ciclosporine, contrôle de la fonction rénale et adaptation de la posologie pendant l'association et après l'arrêt de la chloroquine."
CHLOROQUINE,CIMETIDINE,APEC,Ralentissement de l'élimination de la chloroquine et risque de surdosage.,
CHLOROQUINE,HORMONES THYROÏDIENNES,PE,Risque d'hypothyroïdie clinique chez les patients substitués par hormones thyroïdiennes.,"Surveillance clinique et biologique. Adaptation, si besoin, de la posologie des hormones thyroïdiennes pendant le traitement par chloroquine et après son arrêt."
CHLORPROMAZINE,INSULINE,PE,A fortes posologies (100 mg par jour de chlorpromazine) : élévation de la glycémie (diminution de la libération de l'insuline).,Prévenir le patient et renforcer l'autosurveillance glycémique. Adapter éventuellement la posologie de l'insuline pendant le traitement par le neuroleptique et après son arrêt.
CHLORPROMAZINE,SULFAMIDES HYPOGLYCÉMIANTS,PE,A fortes posologies (100 mg par jour de chlorpromazine) : élévation de la glycémie (diminution de la libération de l'insuline).,Prévenir le patient et renforcer l'autosurveillance glycémique. Adapter éventuellement la posologie du neuroleptique pendant le traitement et après son arrêt.
CICLOSPORINE,ACIDE ASCORBIQUE,APEC,"Risque de diminution des concentrations sanguines de la ciclosporine, notamment en cas d'association avec la vitamine E.",
CICLOSPORINE,ACIDE URSODESOXYCHOLIQUE,APEC,Risque de variation des concentrations sanguines de ciclosporine.,
CICLOSPORINE,AFATINIB,PE,Augmentation des concentrations plasmatique d'afatinib par augmentation de son absorption par la ciclosporine.,"Il est recommandé d'administrer la ciclosporine le plus à distance possible de l'afatinib, en respectant de préférence un intervalle de 6 heures ou de 12 heures par rapport à la prise d'afatinib."
CICLOSPORINE,AMBRISENTAN,APEC,"Doublement des concentrations d'ambrisentan, avec majoration de l'effet vasodilatateur (céphalées).",
CICLOSPORINE,AMINOSIDES,APEC,"Augmentation de la créatininémie plus importante que sous ciclosporine seule, avec majoration du risque néphrotoxique.",
CICLOSPORINE,AMIODARONE,AD,"Augmentation des concentrations sanguines de ciclosporine, par diminution de son métabolisme hépatique, avec risque d'effets néphrotoxiques.","Dosage des concentrations sanguines de ciclosporine, contrôle de la fonction rénale et adaptation de la posologie de la ciclosporine pendant le traitement par l'amiodarone."
CICLOSPORINE,AMPHOTERICINE B,APEC,Avec l'amphotéricine B administrée par voie IV : augmentation de la créatininémie plus importante que sous ciclosporine seule (synergie des effets néphrotoxiques des deux substances).,
CICLOSPORINE,ANALOGUES DE LA SOMATOSTATINE,PE,Avec la ciclosporine administrée par voie orale : baisse des concentrations sanguines de ciclosporine (diminution de son absorption intestinale).,Augmentation des doses de ciclosporine sous contrôle des concentrations plasmatiques et réduction de la posologie après l'arrêt du traitement par l'analogue de la somatostatine.
CICLOSPORINE,ANTI-INFLAMMATOIRES NON STÉROÏDIENS,PE,"Risque d'addition des effets néphrotoxiques, notamment chez le sujet âgé.",Surveiller la fonction rénale en début de traitement par l'AINS.
CICLOSPORINE,ATORVASTATINE,PE,Risque majoré d'effets indésirables (concentration-dépendants) à type de rhabdomyolyse (diminution du métabolisme de l'hypocholestérolémiant).,"Ne pas dépasser la posologie de 10mg/jour d'atorvastatine. Si l'objectif thérapeutique n'est pas atteint à cette posologie, utiliser une autre statine non concernée par ce type d'interaction."
CICLOSPORINE,AZITHROMYCINE,PE,Risque d'augmentation des concentrations sanguines de ciclosporine et de la créatininémie.,"Dosage des concentrations sanguines de la ciclosporine, contrôle de la fonction rénale et adaptation de la posologie pendant l'association et après l'arrêt du macrolide."
CICLOSPORINE,BOSENTAN,CI,Diminution importante des concentrations sanguines de la ciclosporine et augmentation des concentrations plasmatiques de bosentan.,
CICLOSPORINE,CHLOROQUINE,PE,Risque d'augmentation des concentrations sanguines de ciclosporine et de la créatininémie.,"Dosage des concentrations sanguines de ciclosporine, contrôle de la fonction rénale et adaptation de la posologie pendant l'association et après l'arrêt de la chloroquine."
CICLOSPORINE,CIMETIDINE,APEC,Avec la cimétidine utilisée à des doses supérieures ou égales à 800 mg/j : augmentation des concentrations sanguines de ciclosporine.,
CICLOSPORINE,CLINDAMYCINE,PE,Diminution des concentrations sanguines de l'immunosuppresseur avec risque de perte de l'activité immunosuppressive.,Contrôle renforcé des dosages sanguins de ciclosporine et augmentation éventuelle de sa posologie.
CICLOSPORINE,COLCHICINE,AD,"Risque d'addition des effets indésirables neuromusculaires et augmentation de la toxicité de la colchicine avec risque de surdosage par inhibition de son élimination par la ciclosporine, notamment en cas d'insuffisance rénale préexistante.",
CICLOSPORINE,DABIGATRAN,CI,"Augmentation de plus du double des concentrations plasmatiques de dabigatran, avec majoration du risque de saignement.",
CICLOSPORINE,DANAZOL,PE,Augmentation des concentrations sanguines de ciclosporine par inhibition de son métabolisme hépatique.,"Dosage des concentrations sanguines de ciclosporine, contrôle de la fonction rénale et adaptation de la posologie pendant l'association et après son arrêt."
CICLOSPORINE,DIURÉTIQUES ÉPARGNEURS DE POTASSIUM (SEULS OU ASSOCIÉS),AD,"Hyperkaliémie potentiellement létale, surtout lors d'une insuffisance rénale (addition des effets hyperkaliémiants).",
CICLOSPORINE,DIURÉTIQUES HYPOKALIÉMIANTS,APEC,"Risque d'augmentation de la créatininémie sans modification des concentrations sanguines de ciclosporine, même en l'absence de déplétion hydrosodée. Egalement, risque d'hyperuricémie et de complications comme la goutte.",
CICLOSPORINE,ÉDOXABAN,PE,"Augmentation des concentrations plasmatiques de l'édoxaban, avec majoration du risque de saignement.",Réduire la dose d'édoxaban de moitié.
CICLOSPORINE,EVEROLIMUS,PE,Augmentation des concentrations sanguines de l'évérolimus par la ciclosporine. La néphrotoxicité de la ciclosporine est également augmentée lors de l'association.,"Dosage des concentrations sanguines d'évérolimus, éventuellement adaptation de la posologie et contrôle de la fonction rénale, pendant l'association et après son arrêt."
CICLOSPORINE,EZETIMIBE,AD,"D'une part, risque majoré d'effets indésirables (concentration- dépendants) à type de rhabdomyolyse, par augmentation des concentrations d'ézétimibe ; d'autre part, possible augmentation des concentrations de ciclosporine.",
CICLOSPORINE,FENOFIBRATE,PE,Risque d'augmentation de la néphrotoxicité de la ciclosporine.,"Surveillance clinique et biologique de la fonction rénale, pendant et après l'association."
CICLOSPORINE,FIDAXOMICINE,AD,Augmentation des concentrations plasmatiques de la fidaxomicine.,
CICLOSPORINE,FLUVASTATINE,PE,"Augmentation modérée des concentrations de fluvastatine, avec risque musculaire non exclu.",Surveillance clinique et biologique pendant l'association.
CICLOSPORINE,GRAZOPREVIR + ELBASVIR,CI,Augmentation des concentrations de grazoprévir et d'elbasvir.,
CICLOSPORINE,JOSAMYCINE,PE,Risque d'augmentation des concentrations sanguines de ciclosporine et de la créatininémie.,"Dosage des concentrations sanguines de la ciclosporine, contrôle de la fonction rénale et adaptation de la posologie pendant l'association et après l'arrêt du macrolide."
CICLOSPORINE,LERCANIDIPINE,PE,Augmentation modérée des concentrations sanguines de l'immunosuppresseur et augmentation plus notable des concentrations de lercanidipine.,"Décaler les prises des deux médicaments. Dosage des concentrations sanguines de l'immunosuppresseur, et adaptation si nécessaire de sa posologie pendant l'association et après son arrêt."
CICLOSPORINE,METHOTREXATE,PE,Augmentation de la toxicité du méthotrexate et de la ciclosporine avec augmentation de la créatininémie : diminution réciproque des clairances des deux médicaments.,Dosage des concentrations sanguines de ciclosporine et de méthotrexate. Adaptation posologique si nécessaire pendant l'association et après son arrêt.
CICLOSPORINE,METHYLPREDNISOLONE,APEC,Avec la méthylprednisolone administrée par voie IV : augmentation possible des concentrations sanguines de ciclosporine et de la créatininémie. Mécanisme invoqué : diminution de l'élimination hépatique de la ciclosporine.,
CICLOSPORINE,MIDECAMYCINE,PE,Risque d'augmentation des concentrations sanguines de ciclosporine et de la créatininémie.,"Dosage des concentrations sanguines de la ciclosporine, contrôle de la fonction rénale et adaptation de la posologie pendant l'association et après l'arrêt du macrolide."
CICLOSPORINE,MIFAMURTIDE,CI,Risque d'atteinte des macrophages spléniques et des cellules phagocytaires mononuclées.,
CICLOSPORINE,MODAFINIL,AD,Risque de diminution des concentrations sanguines et de l'efficacité de l'immunosuppresseur.,
CICLOSPORINE,NIFEDIPINE,AD,Risque d'addition d'effets indésirables à type de gingivopathies.,Utiliser une autre dihydropyridine.
CICLOSPORINE,NINTÉDANIB,PE,Augmentation des concentrations plasmatiques du nintédanib par augmentation de son absorption par la ciclosporine.,Surveillance clinique pendant l'association.
CICLOSPORINE,ORLISTAT,AD,"Diminution des concentrations sanguines de ciclosporine par diminution de son absorption intestinale, avec risque de perte de l'activité immunosuppressive.","Prendre l'orlistat à distance de la ciclosporine (au moins 3 heures). Contrôle renforcé des dosages sanguins de ciclosporine, notamment en début d'association, et lors d'augmentation éventuelle de la posologie de l'orlistat."
CICLOSPORINE,OZANIMOD,AD,Risque d'augmentation des effets indésirables de l'ozanimod.,
CICLOSPORINE,PITAVASTATINE,CI,"Risque majoré d'effets indésirables (concentration-dépendants) à type de rhabdomyolyse, ou de néphrotoxicité, par diminution du métabolisme de la pitavastatine.",
CICLOSPORINE,POTASSIUM,AD,"Pour une quantité de potassium > à 1 mmol/prise, hyperkaliémie potentiellement létale, notamment chez l'insuffisant rénale ( addition des effets hyperkaliémiants).",Sauf en cas d'hypokaliémie.
CICLOSPORINE,PRAVASTATINE,PE,"Augmentation des concentrations de pravastatine, avec risque musculaire non exclu.",Surveillance clinique et biologique pendant l'association. Débuter le traitement à la dose minimale de pravastatine.
CICLOSPORINE,PREDNISOLONE,APEC,"Augmentation des effets de la prednisolone : aspect cushingoïde, réduction de la tolérance aux glucides (diminution de la clairance de la prednisolone).",
CICLOSPORINE,REPAGLINIDE,AD,Augmentation de plus du double des concentrations du répaglinide par augmentation de son absorption.,
CICLOSPORINE,ROSUVASTATINE,CI,"Risque majoré d'effets indésirables (concentration-dépendants) à type de rhabdomyolyse, ou de néphrotoxicité, par diminution du métabolisme de la rosuvastatine.",
CICLOSPORINE,ROXITHROMYCINE,PE,Risque d'augmentation des concentrations sanguines de ciclosporine et de la créatininémie.,"Dosage des concentrations sanguines de la ciclosporine, contrôle de la fonction rénale et adaptation de la posologie pendant l'association et après l'arrêt du macrolide."
CICLOSPORINE,SIMVASTATINE,CI,Risque majoré d'effets indésirables (concentration-dépendants) à type de rhabdomyolyse par diminution du métabolisme de la simvastatine.,
CICLOSPORINE,SIROLIMUS,PE,Augmentation des concentrations sanguines de sirolimus par la ciclosporine. La néphrotoxicité de la ciclosporine est également augmentée lors de l'association.,"Il est recommandé d'administrer le sirolimus 4 heures après la ciclosporine. Contrôle de la fonction rénale, pendant l'association et après son arrêt."
CICLOSPORINE,SULFINPYRAZONE,PE,Diminution des concentrations sanguines de ciclosporine par augmentation de son métabolisme par la sulfinpyrazone.,Contrôle des concentrations sanguines de ciclosporine et adaptation éventuelle de sa posologie pendant le traitement par sulfinpyrazone et après son arrêt.
CICLOSPORINE,TALAZOPARIB,PE,Augmentation des concentrations de talazoparib avec risque de majoration de la toxicité.,Réduire la dose de talazoparib.
CICLOSPORINE,TÉNOFOVIR ALAFÉNAMIDE,PE,Augmentation des concentrations plasmatiques du ténofovir alafénamide par augmentation de son absorption.,"En cas de co-administration avec la ciclosporine, la dose de ténofovir alafénamide doit être limitée à 10 mg par jour."
CICLOSPORINE,TERBINAFINE,PE,Diminution des concentrations sanguines de ciclosporine.,Contrôle des concentrations sanguines de ciclosporine et adaptation éventuelle de sa posologie pendant le traitement par terbinafine et après son arrêt.
CICLOSPORINE,TICLOPIDINE,PE,Diminution des concentrations sanguines de ciclosporine.,Augmentation de la posologie de la ciclosporine sous contrôle des concentrations sanguines. Réduction de la posologie en cas d'arrêt de la ticlopidine.
CICLOSPORINE,TIGECYCLINE,PE,"Augmentation des concentrations sanguines de l'immunosuppresseur, avec risque d'effets néphrotoxiques.","Dosage des concentrations sanguines de l'immunosuppresseur, contrôle de la fonction rénale et adaptation de la posologie pendant le traitement par la tigécycline."
CICLOSPORINE,TRIMETHOPRIME,APEC,Avec le triméthoprime (seul ou associé) par voie orale : augmentation de la créatininémie avec diminution possible des concentrations sanguines de ciclosporine. Avec le trimethoprime (seul ou associé) par voie IV : la diminution des concentrations sanguines de ciclosporine peut être très importante avec disparition possible du pouvoir immunosuppresseur.,
CICLOSPORINE,VERAPAMIL,PE,"Augmentation des concentrations sanguines de la ciclosporine (diminution de son métabolisme hépatique), et majoration du risque de gingivopathies.","Dosage des concentrations sanguines de la ciclosporine, contrôle de la fonction rénale et adaptation de la posologie pendant l'association et après son arrêt."
CIMETIDINE,ALFENTANIL,PE,Avec la cimétidine utilisée à des doses supérieures ou égales à 800 mg/j : augmentation de l'effet dépresseur respiratoire de l'analgésique opiacé par diminution de son métabolisme hépatique.,Adapter la posologie de l'alfentanil en cas de traitement par la cimétidine.
CIMETIDINE,ANTIVITAMINES K,APEC,Avec la cimétidine utilisée à des doses supérieures ou égales à 800 mg/j : augmentation de l'effet de l'antivitamine K et du risque hémorragique (diminution de son métabolisme hépatique).,
CIMETIDINE,CARBAMAZEPINE,PE,"Avec la cimétidine utilisée à des doses supérieures ou égales à 800 mg/j : en début de traitement, augmentation des concentrations plasmatiques de carbamazépine par inhibition de son métabolisme hépatique par la cimétidine.","Surveillance clinique et réduction éventuelle de la posologie de la carbamazépine, spécialement pendant les premiers jours de traitement par la cimétidine."
CIMETIDINE,CARMUSTINE,AD,Avec la cimétidine utilisée à des doses supérieures ou égales à 800 mg/j : toxicité médullaire accrue (inhibition du métabolisme de la carmustine).,
CIMETIDINE,CARVEDILOL,CI,"Avec la cimétidine utilisée à des doses supérieures ou égales à 800 mg/j : augmentation des concentrations du carvédilol, pouvant être préjudiciables dans le cas du traitement de l'insuffisance cardiaque, par diminution de son métabolisme hépatique par la cimétidine.",Utiliser un autre antisécrétoire gastrique.
CIMETIDINE,CHLORDIAZEPOXIDE,PE,Avec la cimétidine utilisée à des doses supérieures ou égales à 800 mg/j : risque accru de somnolence.,Avertir les patients de l'augmentation du risque en cas de conduite automobile ou d'utilisation de machines.
CIMETIDINE,CHLOROQUINE,APEC,Ralentissement de l'élimination de la chloroquine et risque de surdosage.,
CIMETIDINE,CICLOSPORINE,APEC,Avec la cimétidine utilisée à des doses supérieures ou égales à 800 mg/j : augmentation des concentrations sanguines de ciclosporine.,
CIMETIDINE,DIAZEPAM,PE,Avec la cimétidine utilisée à des doses supérieures ou égales à 800 mg/j : risque accru de somnolence.,Avertir les patients de l'augmentation du risque en cas de conduite automobile ou d'utilisation de machines.
CIMETIDINE,LIDOCAINE,PE,Avec la cimétidine utilisée à des doses supérieures ou égales à 800 mg/j : augmentation des concentrations plasmatiques de lidocaïne avec risque d'effets indésirables neurologiques et cardiaques (inhibition du métabolisme hépatique de la lidocaïne).,"Surveillance clinique, ECG et éventuellement des concentrations plasmatiques de la lidocaïne ; s'il y a lieu, adaptation de la posologie de la lidocaïne pendant le traitement par la cimétidine et après son arrêt."
CIMETIDINE,LOMUSTINE,AD,Avec la cimétidine utilisée à des doses supérieures ou égales à 800 mg/j : toxicité médullaire accrue (inhibition du métabolisme de la lomustine).,
CIMETIDINE,METHADONE,PE,"Augmentation des concentrations plasmatiques de méthadone avec surdosage et risque majoré d'allongement de l'intervalle QT et de troubles du rythme ventriculaire, notamment de torsades de pointes.","Surveillance clinique et électrocardiographique renforcée ; si besoin, adaptation de la posologie de la méthadone pendant le traitement par la cimétidine et après son arrêt."
CIMETIDINE,METOPROLOL,PE,"Avec le métoprolol utilisé dans l'insuffisance cardiaque, et la cimétidine utilisée à des doses supérieures ou égales à 800 mg/j : augmentation des concentrations du métoprolol, pouvant être préjudiciables dans le cas du traitement de l'insuffisance cardiaque, par diminution de son métabolisme hépatique par la cimétidine.","Surveillance clinique. Si besoin, adaptation de la posologie du métoprolol pendant le traitement par la cimétidine."
CIMETIDINE,MOCLOBEMIDE,PE,"Avec la cimétidine utilisée à des doses supérieures ou égales à 800 mg/j : augmentation des concentrations du moclobémide, par diminution de son métabolisme hépatique.",Surveillance clinique avec adaptation éventuelle de la posologie de moclobémide.
CIMETIDINE,NIFEDIPINE,PE,Avec la cimétidine utilisée à des doses supérieures ou égales à 800 mg/j : augmentation de l'effet hypotenseur de la nifédipine par inhibition de son métabolisme hépatique par la cimétidine.,Surveillance clinique accrue : adapter la posologie de la nifédipine pendant le tratiement par la cimétidine et après son arrêt.
CIMETIDINE,"PHÉNYTOÏNE (ET, PAR EXTRAPOLATION, FOSPHÉNYTOÏNE)",AD,Avec la cimétidine utilisée à des doses supérieures ou égales à 800 mg/j : augmentation des concentrations plasmatiques de phénytoïne avec possibilité d'apparition des signes habituels de surdosage.,"Si l'association ne peut être évitée, surveillance clinique étroite, dosage des concentrations plasmatiques de phénytoïne et adaptation éventuelle de sa posologie pendant le traitement par la cimétidine et après son arrêt."
CIMETIDINE,"THÉOPHYLLINE (ET, PAR EXTRAPOLATION, AMINOPHYLLINE)",PE,Avec la cimétidine utilisée à des doses supérieures ou égales à 800 mg/j : augmentation de la théophyllinémie avec risque de surdosage (diminution du métabolisme de la théophylline).,"Surveillance clinique et éventuellement de la théophyllinémie. S'il y a lieu, adaptation de la théophylline pendant le traitement par la cimétidine et après son arrêt."
CINACALCET,CODEINE,AD,Risque d'inefficacité de l'opiacé par inhibition de son métabolisme par l'inhibiteur.,
CINACALCET,DEXTROMETHORPHANE,CI,"Augmentation très importante des concentrations plasmatiques de dextrométhorphane avec risque de surdosage, par diminution de son métabolisme hépatique par le cinacalcet.",
CINACALCET,ÉTELCALCÉTIDE,AD,Risque d'hypocalcémie sévère.,
CINACALCET,MEQUITAZINE,AD,"Risque de majoration des effets indésirables de la méquitazine, par inhibition de son métabolisme par l'inhibiteur enzymatique.",
CINACALCET,METOPROLOL,PE,"Augmentation des concentrations plasmatiques de métroprolol avec risque de surdosage, par diminution de son métabolisme hépatique par le cinacalcet.",Surveillance clinique et réduction de la posologie du métroprolol pendant le traitement par cinacalcet.
CINACALCET,PROPAFENONE,PE,"Augmentation des concentrations plasmatiques de propafénone avec risque de surdosage, par diminution de son métabolisme hépatique par le cinacalcet.",Surveillance clinique et réduction de la posologie de la propafénone pendant le traitement par cinacalcet.
CINACALCET,TETRABENAZINE,CI,Augmentation possiblement très importante de l'exposition des métabolites actifs de la tétrabénazine.,
CINACALCET,TRAMADOL,AD,Risque d'inefficacité de l'opiacé par inhibition de son métabolisme par l'inhibiteur.,
CIPROFLOXACINE,AGOMELATINE,AD,"Augmentation des concentrations d'agomélatine, avec risque de majoration des effets indésirables.",
CIPROFLOXACINE,CAFEINE,APEC,"Augmentation des concentrations plasmatiques de caféine, par diminution de son métabolisme hépatique.",
CIPROFLOXACINE,CALCIUM,PE,Diminution de l'absorption digestive de la ciprofloxacine.,"Prendre les sels de calcium à distance de la ciprofloxacine (plus de 2 heures, si possible)."
CIPROFLOXACINE,CLOZAPINE,PE,"Augmentation des concentrations de clozapine avec risque de surdosage, par diminution de son métabolisme hépatique par la ciprofloxacine.",Surveillance clinique et réduction éventuelle de la posologie de la clozapine pendant le traitement par la ciprofloxacine et après son arrêt.
CIPROFLOXACINE,METHOTREXATE,AD,Augmentation de la toxicité du méthotrexate par inhibition de sa sécrétion tubulaire rénale par la ciprofloxacine.,
CIPROFLOXACINE,"PHÉNYTOÏNE (ET, PAR EXTRAPOLATION, FOSPHÉNYTOÏNE)",PE,"Variation, éventuellement importante, des concentrations de phénytoïne en cas de traitement par la ciprofloxacine.",Surveillance clinique et contrôle des concentrations plasmatiques de l'anticonvulsivant pendant le traitement par ciprofloxacine et après son arrêt.
CIPROFLOXACINE,ROPINIROLE,PE,"Augmentation des concentrations de ropinirole avec risque de surdosage, par diminution de son métabolisme hépatique par la ciprofloxacine.",Surveillance clinique et réduction éventuelle de la posologie du ropinirole pendant le traitement par la ciprofloxacine et après son arrêt.
CIPROFLOXACINE,SUBSTANCES SUSCEPTIBLES DE DONNER DES TORSADES DE POINTES,PE,"Risque majoré de troubles du rythme ventriculaire, notamment de torsades de pointes.",Surveillance clinique et électrocardiographique pendant l'association.
CIPROFLOXACINE,"THÉOPHYLLINE (ET, PAR EXTRAPOLATION, AMINOPHYLLINE)",PE,"Augmentation de la théophyllinémie avec risque de surdosage, par diminution de son métabolisme hépatique par la ciprofloxacine.",Surveillance clinique et éventuellement de la théophyllinémie.
CITRATES,ALUMINIUM (SELS),PE,"Risque de facilitation du passage systémique de l'aluminium, notamment en cas de fonction rénale altérée.","Prendre les topiques gastro-intestinaux à base d'aluminium à distance des citrates (plus de 2 heures si possible), y compris les citrates naturels (jus d'agrumes)."
CLADRIBINE,LAMIVUDINE,AD,Risque de diminution de l'efficacité de la cladribine par la lamivudine.,
CLARITHROMYCINE,ATAZANAVIR,PE,Augmentation des concentrations plasmatiques de clarithromycine et inhibition de la formation de son métabolite actif.,"Surveillance clinique et biologique régulière, notamment en début d'association."
CLARITHROMYCINE,ATORVASTATINE,PE,"Risque majoré d'effets indésirables (concentration-dépendants) à type de rhabdomyolyse, par diminution du métabolisme hépatique de l'hypocholesterolémiant.","Utiliser des doses plus faibles d'hypocholestérolémiant. Si l'objectif thérapeutique n'est pas atteint, utiliser une autre statine non concernée par ce type d'interaction."
CLARITHROMYCINE,CARBAMAZEPINE,PE,"Augmentation des concentrations plasmatiques de carbamazépine avec signes de surdosage, par inhibition de son métabolisme hépatique.",Surveillance clinique et réduction éventuelle de la posologie de la carbamazépine.
CLARITHROMYCINE,ETRAVIRINE,APEC,"Dans le traitement des infections à Mycobacterium avium complex, risque de diminution de l'efficacité de la clarithromycine par augmentation de son métabolisme hépatique par l'étravirine.",
CLARITHROMYCINE,FIDAXOMICINE,AD,Augmentation des concentrations plasmatiques de la fidaxomicine.,
CLARITHROMYCINE,IMMUNOSUPPRESSEURS,AD,Augmentation très importante des concentrations sanguines de l'immunosuppresseur par inhibition de son métabolisme hépatique.,"En cas d'association, contrôle strict de la fonction rénale, dosage des concentrations sanguines de l'immunosuppresseur et adaptation éventuelle de la posologie."
CLARITHROMYCINE,INHIBITEURS DE PROTÉASES BOOSTÉS PAR RITONAVIR,PE,Augmentation des concentrations de la clarithromycine et de son métabolite actif par diminution de son métabolisme hépatique par l'inhibiteur de protéases.,"Surveillance clinique et biologique régulière, notamment en début d'association."
CLARITHROMYCINE,LINEZOLIDE,APEC,"Risque de majoration des effets indésirables du linézolide par la clarithromycine, par augmentation de son absorption.",
CLARITHROMYCINE,PRAVASTATINE,PE,Augmentation de la concentration plasmatique de la pravastatine par la clarithromycine.,Surveillance clinique et biologique pendant le traitement par l'antibiotique.
CLARITHROMYCINE,REPAGLINIDE,PE,Risque d'hypoglycémie par augmentation des concentrations plasmatiques du répaglinide.,"Prévenir le patient, renforcer l'autosurveillance glycémique et adapter éventuellement la posologie de l'hypoglycémiant pendant le traitement par la clarithromycine."
CLARITHROMYCINE,RIFABUTINE,PE,"Risque d'augmentation des effets indésirables de la rifabutine (uvéites) par augmentation de ses concentrations et de celle de son métabolite actif par la clarithromycine. De plus, augmentation du métabolisme de la clarithromycine par la rifabutine, avec augmentation des concentrations de son métabolite actif.","Surveillance clinique et biologique régulière, notamment en début d'association."
CLARITHROMYCINE,RIFAMPICINE,PE,"Diminution des concentrations plasmatiques et risque de baisse de l'efficacité de la clarithromycine, notamment chez le patient HIV, par augmentation de son métabolisme hépatique par la rifampicine.",Surveillance clinique et biologique régulière.
CLARITHROMYCINE,SUBSTANCES SUSCEPTIBLES DE DONNER DES TORSADES DE POINTES,PE,"Risque majoré de troubles du rythme ventriculaire, notamment de torsades de pointes.",Surveillance clinique et électrocardiographique pendant l'association.
CLARITHROMYCINE,SULFAMIDES HYPOGLYCÉMIANTS,PE,Risque d'hypoglycémie par augmentation des concentrations plasmatiques de l'antidiabétique.,"Prévenir le patient, renforcer l'autosurveillance glycémique et adapter éventuellement la posologie du sulfamide hypoglycémiant pendant le traitement par la clarithromycine."
CLARITHROMYCINE,TALAZOPARIB,PE,Augmentation des concentrations de talazoparib avec risque de majoration de la toxicité.,Réduire la dose de talazoparib.
CLARITHROMYCINE,"THÉOPHYLLINE (ET, PAR EXTRAPOLATION, AMINOPHYLLINE)",APEC,"Risque d'augmentation de la théophyllinémie, particulièrement chez l'enfant.",
CLARITHROMYCINE,VENLAFAXINE,APEC,Augmentation des concentrations de venlafaxine avec risque de surdosage.,
CLINDAMYCINE,ANTIVITAMINES K,PE,Augmentation de l'effet de l'antivitamine K et du risque hémorragique.,Contrôle plus fréquent de l'INR. Adaptation éventuelle de la posologie de l'antivitamine K pendant le traitement par clindamycine et après son arrêt.
CLINDAMYCINE,CICLOSPORINE,PE,Diminution des concentrations sanguines de l'immunosuppresseur avec risque de perte de l'activité immunosuppressive.,Contrôle renforcé des dosages sanguins de ciclosporine et augmentation éventuelle de sa posologie.
CLINDAMYCINE,TACROLIMUS,PE,"Diminution des concentrations sanguines de l'immunosuppresseur, avec risque de perte de l'activité immunosuppressive.",Contrôle renforcé des dosages sanguins de tacrolimus et augmentation éventuelle de sa posologie.
CLOBAZAM,STIRIPENTOL,PE,"Augmentation des concentrations plasmatiques de ces anticonvulsivants, avec risque de surdosage, par inhibition de leur métabolisme hépatique.","Surveillance clinique, dosage plasmatique, lorsque cela est possible, de l'anticonvulsivant associé au stiripentol et éventuelle adaptation posologique de l'anticonvulsivant associé."
CLOMIPRAMINE,BUPROPION,PE,Risque d'augmentation des effets indésirables de la clomipramine par diminution de son métabolisme hépatique par le bupropion.,"Surveillance clinique. Si besoin, adaptation de la posologie de la clomipramine pendant le traitement par le bupropion."
CLONAZEPAM,CARBAMAZEPINE,PE,"Augmentation des concentrations plasmatiques du métabolite actif de la carbamazépine. De plus, diminution des concentrations plasmatiques du clonazépam par augmentation de son métabolisme hépatique par la carbamazépine.","Surveillance clinique, dosages plasmatiques et adaptation éventuelle des posologies des deux anticonvulsivants."
CLOPIDOGREL,ACIDE ACETYLSALICYLIQUE,PE,Majoration du risque hémorragique par addition des activités antiagrégantes plaquettaires.,ASDEC - PE Association déconseillée : - en dehors des indications validées pour cette association dans les syndromes coronariens aigus. : - dans les indications validées pour cette association dans les syndromes coronariens aigus. Surveillance clinique.
CLOPIDOGREL,OZANIMOD,APEC,Risque d'augmentation des concentrations des métabolites actifs de l'onazimod.,
CLOPIDOGREL,PACLITAXEL,APEC,"Augmentation des concentrations du paclitaxel par le clopidogrel, avec risque de majoration des effets indésirables.",
CLOPIDOGREL,"PHÉNYTOÏNE (ET, PAR EXTRAPOLATION, FOSPHÉNYTOÏNE)",PE,Augmentation des concentrations plasmatiques de phénytoïne avec signes de surdosage (inhibition du métabolisme de la,Surveillance clinique et contrôle des concentrations plasmatiques de phénytoïne.
CLOPIDOGREL,REPAGLINIDE,APEC,"Augmentation des concentrations du répaglinide par le clopidogrel, avec risque de majoration des effets indésirables.",
CLOPIDOGREL,SELEXIPAG,PE,Risque d'augmentation des effets indésirables du sélexipag par diminution de son métabolisme.,Surveillance clinique étroite pendant l'association. Réduire de moitié la posologie (une seule prise par jour).
CLOZAPINE,BENZODIAZÉPINES ET APPARENTÉS,APEC,Risque accru de collapsus avec arrêt respiratoire et / ou cardiaque.,
CLOZAPINE,CIPROFLOXACINE,PE,"Augmentation des concentrations de clozapine avec risque de surdosage, par diminution de son métabolisme hépatique par la ciprofloxacine.",Surveillance clinique et réduction éventuelle de la posologie de la clozapine pendant le traitement par la ciprofloxacine et après son arrêt.
CLOZAPINE,FLUVOXAMINE,PE,Augmentation des concentrations plasmatiques de clozapine avec signes de surdosage.,"Surveillance clinique accrue ; si besoin, adaptation de la posologie de la clozapine pendant le traitement par la fluvoxamine et après son arrêt."
CLOZAPINE,INDUCTEURS ENZYMATIQUES PUISSANTS,PE,"Diminution des concentrations plasmatiques de clozapine avec risque de perte d'efficacité. De plus, avec la carbamazépine, risque de majoration des effets hématologiques graves.","ASDEC - PE Association déconseillée: - avec la carbamazépine, l'apalutamide, l'enzalutamide : - Avec la phénytoïne, la fosphénytoïne, la primidone, le phénobarbital. Surveillance clinique et adaptation posologique de la clozapine pendant l'association et après l'arrêt de l'inducteur - Avec l'apalutamide, l'enzalutamide : risque vraisemblablement modéré"
CLOZAPINE,MILLEPERTUIS,CI,Risque d'inefficacité du traitement antipsychotique (diminution des concentrations plasmatiques de clozapine par augmentation de son métabolisme hépatique).,
CLOZAPINE,RIFAMPICINE,PE,Risque d'inefficacité du traitement antipsychotique (diminution des concentrations plasmatiques de clozapine par augmentation de son métabolisme hépatique).,Surveillance clinique et augmentation éventuelle de la posologie de la clozapine durant le traitement par la rifampicine.
COBICISTAT,AMIODARONE,CI,Risque de majoration des effets indésirables de l'amiodarone par diminution de son métabolisme par le cobicistat.,
COBICISTAT,ETRAVIRINE,AD,Risque de diminution des concentrations plasmatiques du cobicistat par l'étravirine.,
COBICISTAT,GLUCOCORTICOÏDES PAR VOIE INTRA-ARTICULAIRE ET MÉTABOLISÉS,PE,"Décrit chez des patients HIV. Risque d'insuffisance surrénale aiguë, même en cas d'injection unique. L'articulation peut constituer un réservoir relarguant de façon continue le corticoïde CYP3A4-dépendant dans la circulation générale, avec augmentation possiblement très importante des concentrations du corticoïde, à l'origine d'une freination de la réponse hypothalamo- hypophysaire.",Préférer un corticoïde non CYP3A4-dépendant (hydrocortisone).
COBICISTAT,INDUCTEURS ENZYMATIQUES PUISSANTS,CI,Risque de diminution de l'efficacité du cobicistat par augmentation de son métabolisme par l'inducteur.,
COBICISTAT,INHIBITEURS PUISSANTS DU CYP3A4,APEC,Risque d'augmentation des concentrations plasmatiques du cobicistat ou de l'inhibiteur du CYP3A4.,"Pour connaître les risques et les niveaux de contrainte de chaque interaction, il convient de se reporter aux AMM specifiques à chaque spécialité."
COBICISTAT,MILLEPERTUIS,CI,Risque de diminution de l'efficacité du cobicistat par augmentation de son métabolisme par l'inducteur.,
COBICISTAT,QUINIDINE,CI,Risque de majoration des effets indésirables de la quinidine par diminution de son métabolisme par le cobicistat.,Surveillance clinique.
COBICISTAT,RIFABUTINE,PE,"Augmentation très importante du métabolite de la rifabutine, avec risque de majoration de sa toxicité (uvéites, neutropénies). Par ailleurs, possible diminution des concentrations de cobicistat.","Réduction de la dose de rifabutine (150 mg 1 jour sur deux). Surveillance clinique et biologique régulière, notamment en début d'association."
COBICISTAT,RIFAMPICINE,CI,Risque de diminution de l'efficacité du cobicistat par augmentation de son métabolisme par l'inducteur.,
COBICISTAT,TÉNOFOVIR ALAFÉNAMIDE,PE,"Avec l'atazanavir, le darunavir ou le lopinavir boostés par cobicistat, augmentation des concentrations plasmatiques du ténofovir alafénamide par augmentation de son absorption.","En cas de co-administration, la dose de ténofovir alafénamide doit être limitée à 10 mg par jour. L'association avec les autres inhibiteurs de protéases du VIH n'a pas été étudiée."
COBIMÉTINIB,ANTIAGRÉGANTS PLAQUETTAIRES,PE,Augmentation du risque hémorragique.,Surveillance clinique.
COBIMÉTINIB,ANTICOAGULANTS ORAUX,PE,Augmentation du risque hémorragique.,"Surveillance clinique et le cas échéant, contrôle plus fréquent de l'INR."
COBIMÉTINIB,ANTI-INFLAMMATOIRES NON STÉROÏDIENS,PE,Augmentation du risque hémorragique.,Surveillance clinique.
COBIMÉTINIB,DÉFIBROTIDE,PE,Augmentation du risque hémorragique.,Surveillance clinique.
COBIMÉTINIB,GLUCOCORTICOÏDES (SAUF HYDROCORTISONE),PE,Augmentation du risque hémorragique.,Surveillance clinique.
COBIMÉTINIB,HÉPARINES,PE,Augmentation du risque hémorragique.,Surveillance clinique.
COBIMÉTINIB,INHIBITEURS DE L'HMG-COA RÉDUCTASE (STATINES),APEC,Risque majoré de rhabdomyolyse.,
COBIMÉTINIB,INHIBITEURS SÉLECTIFS DE LA RECAPTURE DE LA SÉROTONINE,PE,Augmentation du risque hémorragique.,Surveillance clinique.
COBIMÉTINIB,MÉDICAMENTS MIXTES ADRÉNERGIQUES-SÉROTONINERGIQUES,PE,Augmentation du risque hémorragique.,Surveillance clinique.
COBIMÉTINIB,PENTOXIFYLLINE,PE,Augmentation du risque hémorragique.,Surveillance clinique.
COCAINE,DISULFIRAME,APEC,"Augmentation des concentrations de cocaïne par diminution de son métabolisme par le disulfirame, avec risque majoré de survenue de torsades de pointes.",
CODEINE,BUPROPION,AD,Risque d'inefficacité de l'opiacé par inhibition de son métabolisme par l'inhibiteur.,
CODEINE,CINACALCET,AD,Risque d'inefficacité de l'opiacé par inhibition de son métabolisme par l'inhibiteur.,
CODEINE,DULOXETINE,AD,Risque d'inefficacité de l'opiacé par inhibition de son métabolisme par l'inhibiteur.,
CODEINE,FLUOXETINE,AD,Diminution de l'efficacité de l'opiacé par inhibition de son métabolisme par l'inhibiteur.,
CODEINE,PAROXETINE,AD,Diminution de l'efficacité de l'opiacé par inhibition de son métabolisme par l'inhibiteur.,
CODEINE,QUINIDINE,AD,Diminution de l'efficacité de l'opiacé par inhibition de son métabolisme par l'inhibiteur.,
CODEINE,TERBINAFINE,AD,Risque d'inefficacité de l'opiacé par inhibition de son métabolisme par l'inhibiteur.,
COLCHICINE,ANTIVITAMINES K,PE,Augmentation de l'effet de l'antivitamine K et du risque hémorragique.,Contrôle plus fréquent de l'INR. Adaptation éventuelle de la posologie de l'antivitamine K pendant le traitement par la colchicine et 8 jours après son arrêt.
COLCHICINE,CICLOSPORINE,AD,"Risque d'addition des effets indésirables neuromusculaires et augmentation de la toxicité de la colchicine avec risque de surdosage par inhibition de son élimination par la ciclosporine, notamment en cas d'insuffisance rénale préexistante.",
COLCHICINE,FIBRATES,PE,"Risque de majoration des effets indésirables musculaires de ces substances, et notamment de rhabdomyolyse.","Surveillance clinique et biologique, particulièrement au début de l'association."
COLCHICINE,FLUCONAZOLE,AD,"Augmentation des effets indésirables de la colchicine, aux conséquences potentiellement fatales.",
COLCHICINE,INHIBITEURS DE L'HMG-COA RÉDUCTASE (STATINES),PE,"Risque de majoration des effets indésirables musculaires de ces substances, et notamment de rhabdomyolyse.","Surveillance clinique et biologique, notamment au début de l'association."
COLCHICINE,MACROLIDES (SAUF SPIRAMYCINE),CI,"Augmentation des effets indésirables de la colchicine, aux conséquences potentiellement fatales.",
COLCHICINE,PONATINIB,PE,Risque d'augmentation des concentrations plasmatiques de la colchicine par augmentation de son absorption intestinale par le ponatinib.,Surveillance clinique et biologique étroite pendant l'association.
COLCHICINE,PRISTINAMYCINE,CI,Augmentation des effets indésirables de la colchicine aux conséquences potentiellement fatales.,
COLCHICINE,ROLAPITANT,PE,"Risque d'augmentation des effets indésirables de la colchicine, aux conséquences potentiellement fatales.",Surveillance clinique et biologique étroite pendant l'association.
COLCHICINE,VERAPAMIL,AD,"Risque de majoration des effets indésirables de la colchicine, par augmentation de ses concentrations plasmatiques par le vérapamil.",
COLISTINE,CURARES,PE,"Potentialisation des curares lorque l'antibiotique est administré par voie parentérale et/ou péritonéale avant, pendant ou après l'agent curarisant.",Surveiller le degré de curarisation en fin d'anesthésie.
CORTICOÏDES,MIFAMURTIDE,AD,Risque de moindre efficacité du mifamurtide.,
CORTICOÏDES (VOIE INTRA-ARTICULAIRE),RITONAVIR,APEC,"Décrit chez des patients HIV. Risque d'insuffisance surrénale aiguë, même en cas d'injection unique. L'articulation peut constituer un réservoir relarguant de façon continue le corticoïde CYP3A4-dépendant dans la circulation générale, avec augmentation possiblement très importante des concentrations du corticoïde à l'origine d'une freination de la réponse hypothalamo-hypophysaire.",Préférer un corticoïde non CYP3A4-dépendant (hydrocortisone)
"CORTICOÏDES MÉTABOLISÉS, NOTAMMENT INHALÉS",INHIBITEURS PUISSANTS DU CYP3A4,AD,"En cas d'utilisation prolongée par voie orale ou inhalée : augmentation des concentrations plasmatiques du corticoïde par diminution de son métabolisme hépatique par l'inhibiteur, avec risque d'apparition d'un syndrome cushingoïde voire d'une insuffisance surrénalienne.",Préférer un corticoïde non métabolisé.
CRIZOTINIB,IBRUTINIB,AD,Risque d'augmentation des concentrations plasmatiques d'ibrutinib par diminution de son métabolisme hépatique par le crizotinib.,"Si l'association ne peut être évitée, surveillance clinique étroite et réduction de la dose d'ibrutinib à 280 mg par jour pendant la durée de l'association."
CRIZOTINIB,SUBSTANCES SUSCEPTIBLES DE DONNER DES TORSADES DE POINTES,AD,"Risque majoré de troubles du rythme ventriculaire, notamment de torsades de pointes.","Contre-indication : - avec le citalopram, la dompéridone, l'escitalopram, l'hydroxyzine et la pipéraquine. Association déconseillée: - avec les autres médicaments susceptibles de donner des torsades de pointes. Si l'association ne peut être évitée, contrôle clinique et électrocardiographique régulier."
CRIZOTINIB,SUBSTRATS À RISQUE DU CYP3A4,AD,Risque de majoration de la toxicité de ces molécules par diminution de leur métabolisme et/ou augmentation de leur biodisponibilité par le crizotinib.,
CURARES,AMINOSIDES,PE,"Potentialisation des curares lorque l'antibiotique est administré par voie parentérale et/ou péritonéale avant, pendant ou après l'agent curarisant.",Surveiller le degré de curarisation en fin d'anesthésie.
CURARES,COLISTINE,PE,"Potentialisation des curares lorque l'antibiotique est administré par voie parentérale et/ou péritonéale avant, pendant ou après l'agent curarisant.",Surveiller le degré de curarisation en fin d'anesthésie.
CURARES,LINCOSANIDES,PE,"Potentialisation des curares lorque l'antibiotique est administré par voie parentérale et/ou péritonéale avant, pendant ou après l'agent curarisant.",Surveiller le degré de curarisation en fin d'anesthésie.
CURARES,POLYMYXINE B,PE,"Potentialisation des curares lorque l'antibiotique est administré par voie parentérale et/ou péritonéale avant, pendant ou après l'agent curarisant.",Surveiller le degré de curarisation en fin d'anesthésie.
CURARES NON DÉPOLARISANTS,GLUCOCORTICOÏDES (SAUF HYDROCORTISONE),APEC,"Avec les glucocorticoïdes par voie IV : risque de myopathie sévère, réversible après un délai éventuellement long (plusieurs mois).",
CYANOCOBALAMINE,ANTISÉCRÉTOIRES ANTIHISTAMINIQUES H2,APEC,"Risque de carence en cyanocobalamine après traitement prolongé (quelques années), la réduction de l'acidité gastrique par ces médicaments pouvant diminuer l'absorption digestive de la vitamine B12.",
CYANOCOBALAMINE,ANTISÉCRÉTOIRES INHIBITEURS DE LA POMPE À PROTONS,APEC,"Risque de carence en cyanocobalamine après traitement prolongé (quelques années), la réduction de l'acidité gastrique par ces médicaments pouvant diminuer l'absorption digestive de la vitamine B12.",
CYCLINES,ANTIVITAMINES K,PE,"Augmentation de l'effet de l'antivitamine K et du risque hémorragique (pour la tigécycline, effet direct sur la coagulation et/ou les systèmes fibrinolytiques).",Contrôle plus fréquent de l'INR. Adaptation éventuelle de la posologie de l'antivitamine K pendant le traitement par la cycline et après son arrêt.
CYCLINES,CALCIUM,PE,Diminution de l'absorption digestive des cyclines.,"Prendre les sels de calcium à distance des cyclines (plus de deux heures, si possible)."
CYCLINES,FER,PE,Diminution de l'absorption digestive des cyclines et du fer,"Prendre les sels de fer à distance des cyclines (plus de 2 heures, si possible)."
CYCLINES,RÉTINOÏDES,CI,Risque d'hypertension intracrânienne.,
CYCLINES,STRONTIUM,PE,Diminution de l'absorption digestive du strontium.,"Prendre le strontium à distance des cyclines (plus de deux heures, si possible)."
CYCLINES,VITAMINE A,CI,"En cas d'apport de 10,000 UI/j et plus : risque d'hypertension intracrânienne.",
CYCLINES,ZINC,PE,Diminution de l'absorption digestive des cyclines.,Prendre les sels de zinc à distance des cyclines (plus de 2 heures si possible).
CYCLOPHOSPHAMIDE,INDUCTEURS ENZYMATIQUES,AD,"Risque d'augmentation des concentrations plasmatiques du métabolite actif du cyclophosphamide par l'inducteur, et donc de sa toxicité.",
CYCLOPHOSPHAMIDE,MILLEPERTUIS,CI,"Risque d'augmentation des concentrations plasmatiques du métabolite actif du cyclophosphamide par le millepertuis, et donc de sa toxicité.",
CYCLOPHOSPHAMIDE,PENTOSTATINE,AD,Majoration du risque de toxicité pulmonaire pouvant être fatale.,
CYPROHEPTADINE,INHIBITEURS SÉLECTIFS DE LA RECAPTURE DE LA SÉROTONINE,APEC,Risque de diminution de l'efficacité de l'antidépresseur.,
CYPROTERONE,APREPITANT,PE,Risque de diminution des concentrations de la cyprotérone avec risque de moindre efficacité contraceptive.,"Dans son utilisation comme contraceptif hormonal : Utiliser une méthode de contraception fiable, additionnelle ou alternative, pendant la durée de l'association."
CYPROTERONE,BOSENTAN,PE,Risque de diminution de l'efficacité de la cyprotérone.,"Dans ses indications comme anti-androgène, surveillance clinique et si possible adaptation de la posologie de la cyprotérone pendant l'administration avec le bosentan et après son arrêt. Dans son utilisation comme contraceptif hormonal, utiliser une méthode de contraception fiable, additionnelle ou alternative pendant la durée de l'association."
CYPROTERONE,INDUCTEURS ENZYMATIQUES,PE,Risque de diminution de l'efficacité de la cyprotérone.,"ASDEC - PE Association déconseillée: - dans son utilisation comme contraceptif hormonal: utiliser de préférence une autre méthode de contraception en particulier de type mécanique, pendant la durée de l'association et un cycle suivant. - dans ses indications comme anti-androgène: surveillance clinique et adaptation éventuelle de la posologie de la cyprotérone pendant l'association et après son arrêt."
CYPROTERONE,INHIBITEURS DE PROTÉASES BOOSTÉS PAR RITONAVIR,PE,Risque de diminution de l'efficacité de la cyprotérone.,"ASDEC - PE Association déconseillée - dans son utilisation comme contraceptif hormonal: utiliser de préférence une autre méthode de contraception en particulier de type mécanique, pendant la durée de l'association et un cycle suivant. - dans ses indications comme anti-androgène: surveillance clinique et adaptation éventuelle de la posologie de la cyprotérone pendant l'association et après son arrêt."
CYPROTERONE,MILLEPERTUIS,CI,"Risque de diminution de l'efficacité de la cyprotérone, par augmentation de son métabolisme hépatique par le millepertuis.",
CYPROTERONE,PÉRAMPANEL,AD,"Pour des doses de pérampanel > ou = à 12 mg/jour, risque de diminution de l'efficacité de la cyprotérone.","Dans son utilisation comme contraceptif hormonal: utiliser de préférence une autre méthode de contraception en particulier de type mécanique, pendant la durée de l'association et un cycle suivant."
CYTOTOXIQUES,ANTIVITAMINES K,PE,"Augmentation du risque thrombotique et hémorragique au cours des affections tumorales. De surcroit, possible interaction entre les AVK et la chimiothérapie.",Contrôle plus fréquent de l'INR.
CYTOTOXIQUES,FLUCYTOSINE,APEC,Risque de majoration de la toxicité hématologique,
CYTOTOXIQUES,IMMUNOSUPPRESSEURS,APEC,Immunodépression excessive avec risque de syndrome lympho- prolifératif.,
CYTOTOXIQUES,OLAPARIB,AD,Risque de majoration de l'effet myélosuppresseur du cytotoxique,
CYTOTOXIQUES,"PHÉNYTOÏNE (ET, PAR EXTRAPOLATION, FOSPHÉNYTOÏNE)",AD,"Risque de survenue de convulsions par diminution de l'absorption digestive de la seule phénytoïne par le cytotoxique, ou bien risque de majoration de la toxicité ou de perte d'efficacité du cytotoxique par augmentation de son métabolisme hépatique par la phénytoïne ou la fosphénytoïne.",
CYTOTOXIQUES,VACCINS VIVANTS ATTÉNUÉS,CI,Risque de maladie vaccinale généralisée éventuellement mortelle.,"- Et pendant les 6 mois suivant l'arrêt de la chimiothérapie. - Et, à l'exception de l'hydroxycarbamide dans son indication chez le patient drépanocytaire."
DABIGATRAN,AMIODARONE,PE,"Augmentation des concentrations plasmatiques de dabigatran, avec majoration du risque de saignement.","Dans l'indication post-chirurgicale : surveillance clinique et adaptation de la posologie du dabigatran si nécessaire, sans excéder 150 mg/j."
DABIGATRAN,CICLOSPORINE,CI,"Augmentation de plus du double des concentrations plasmatiques de dabigatran, avec majoration du risque de saignement.",
DABIGATRAN,DRONEDARONE,CI,"Doublement des concentrations plasmatiques de dabigatran, avec majoration du risque de saignement.",
DABIGATRAN,GLÉCAPRÉVIR + PIBRENTASVIR,CI,"Doublement des concentrations plasmatiques de dabigatran, avec majoration du risque de saignements.",
DABIGATRAN,INDUCTEURS ENZYMATIQUES PUISSANTS,AD,"Diminution des concentrations plasmatiques de dabigatran, avec risque de diminution de l'effet thérapeutique.",
DABIGATRAN,ITRACONAZOLE,CI,"Augmentation de plus du double des concentrations plasmatiques de dabigatran, avec majoration du risque de saignement.",
DABIGATRAN,KETOCONAZOLE,CI,"Augmentation de plus du double des concentrations plasmatiques de dabigatran, avec majoration du risque de saignement.",
DABIGATRAN,PONATINIB,PE,Risque d'augmentation des concentrations plasmatiques du dabigatran par augmentation de son absorption intestinale par le ponatinib.,Surveillance clinique et biologique étroite pendant l'association.
DABIGATRAN,QUINIDINE,PE,"Augmentation des concentrations plasmatiques de dabigatran, avec majoration du risque de saignement.",Dans l'indication post-chirurgicale : surveillance clinique et adaptation de la posologie du dabigatran à 150 mg/j en une prise.
DABIGATRAN,RIFAMPICINE,AD,"Diminution des concentrations plasmatiques de dabigatran, avec risque de diminution de l'effet thérapeutique.",
DABIGATRAN,ROLAPITANT,PE,Risque d'augmentation des concentrations plasmatiques du dabigatran par augmentation de son absorption intestinale par le rolapitant.,Surveillance clinique et biologique étroite pendant l'association.
DABIGATRAN,TACROLIMUS,AD,Risque d'augmentation des concentrations plasmatiques de dabigatran.,
DABIGATRAN,TICAGRELOR,APEC,"Augmentation des concentrations plasmatiques de dabigatran, avec majoration du risque de saignement.",
DABIGATRAN,VERAPAMIL,PE,"Augmentation des concentrations plasmatiques de dabigatran, avec majoration du risque de saignement.","Dans l'indication post-chirurgicale : surveillance clinique et adaptation de la posologie du dabigatran à 150 mg/j en une prise, voire 75 mg/j en cas d'insuffisance rénale modérée. Dans l'indication fibrillation auriculaire : surveillance clinique et adaptation de la posologie du dabigatran à 220 mg/j en deux prises."
DACARBAZINE,FOTEMUSTINE,PE,Avec la dacarbazine à doses élevées : risque de toxicité pulmonaire (syndrome de détresse respiratoire aiguë de l'adulte).,Ne pas utiliser simultanément mais respecter un délai d'une semaine entre la dernière administration de fotémustine et le premier jour de la cure de dacarbazine.
DALFOPRISTINE,DIHYDROERGOTAMINE,CI,Ergotisme avec possibilité de nécrose des extrémités (inhibition du métabolisme hépatique de l'alcaloïde de l'ergot de seigle).,
DALFOPRISTINE,ERGOTAMINE,CI,Ergotisme avec possibilité de nécrose des extrémités (inhibition du métabolisme hépatique de l'alcaloïde de l'ergot de seigle).,
DALFOPRISTINE,IMMUNOSUPPRESSEURS,PE,Augmentation des concentrations sanguines de l'immunosuppresseur par inhibition de son métabolisme hépatique.,"Dosage des concentrations sanguines de l'immunosuppresseur, contrôle de la fonction rénale et adaptation de la posologie pendant l'association et après son arrêt."
DALFOPRISTINE,PIMOZIDE,AD,"Risque majoré de troubles du rythme ventriculaire, notamment de torsades de pointes.",
DANAZOL,ANTIVITAMINES K,PE,Augmentation du risque hémorragique par effet direct sur la coagulation et/ou les systèmes fibrinolytiques.,Contrôle plus fréquent de l'INR. Adaptation de la posologie de l'antivitamine K pendant le traitement par le danazol et après son arrêt.
DANAZOL,CARBAMAZEPINE,PE,"Augmentation des concentrations plasmatiques de carbamazépine, avec signes de surdosage.",Surveillance clinique et réduction éventuelle de la posologie de la carbamazépine.
DANAZOL,CICLOSPORINE,PE,Augmentation des concentrations sanguines de ciclosporine par inhibition de son métabolisme hépatique.,"Dosage des concentrations sanguines de ciclosporine, contrôle de la fonction rénale et adaptation de la posologie pendant l'association et après son arrêt."
DANAZOL,INSULINE,AD,Effet diabétogène du danazol.,"Si l'association ne peut être évitée, prévenir le patient et renforcer l'autosurveillance glycémique. Adapter éventuellement la posologie de l'insuline pendant le traitement par le danazol et après son arrêt."
DANAZOL,SIMVASTATINE,CI,Risque majoré d'effets indésirables (concentration-dépendants) à type de rhabdomyolyse par diminution du métabolisme de la simvastatine.,
DANAZOL,SULFAMIDES HYPOGLYCÉMIANTS,AD,Effet diabétogène du danazol.,"Si l'association ne peut être évitée, prévenir le patient et renforcer l'autosurveillance glycémique. Adapter éventuellement la posologie de l'antidiabétique pendant le traitement par le danazol et après son arrêt."
DANAZOL,TACROLIMUS,PE,Augmentation des concentrations sanguines du tacrolimus par inhibition de son métabolisme hépatique.,"Dosage des concentrations sanguines du tacrolimus et adaptation de sa posologie pendant l'association et après son arrêt, avec contrôle de la fonction rénale."
DANTROLENE,DIHYDROPYRIDINES,AD,"Avec le dantrolène administré par perfusion : chez l'animal des cas de fibrillations ventriculaires mortelles sont constamment observés lors de l'administration de vérapamil et de dantrolène IV. L'association d'un antagoniste du calcium et de dantrolène est donc potentiellement dangereuse. Cependant, quelques patients ont reçu l'association nifédipine et dantrolène sans inconvénient.",
DANTROLENE,DILTIAZEM,CI,"Avec le dantrolène administré par perfusion : chez l'animal, des cas de fibrillations ventriculaires mortelles sont constamment observés lors de l'administration de vérapamil et de dantrolène par voie IV. L'association d'un antagoniste du calcium et de dantrolène est donc potentiellement dangereuse. Cependant, quelques patients ont reçu l'association nifédipine et dantrolène sans inconvénient.",
DANTROLENE,VERAPAMIL,CI,"Avec le dantrolène administré par perfusion : chez l'animal, des cas de fibrillations ventriculaires mortelles sont constamment observés lors de l'administration de vérapamil et de dantrolène par voie IV. L'association d'un antagoniste du calcium et de dantrolène est donc potentiellement dangereuse. Cependant, quelques patients ont reçu l'association nifédipine et dantrolène sans inconvénient.",
DAPOXÉTINE,INHIBITEURS PUISSANTS DU CYP3A4,CI,"Risque de majoration des effets indésirables, notamment à type de vertiges ou de syncopes.",
DAPOXÉTINE,MÉDICAMENTS À L'ORIGINE D'UNE HYPOTENSION ORTHOSTATIQUE,APEC,"Risque de majoration des effets indésirables, notamment à type de vertiges ou de syncopes.",ASDEC - APEC Association déconseillée - avec les inhibiteurs de la phosphodiestérase de type 5 - avec les autres classes thérapeutiques
DAPSONE,ZIDOVUDINE,PE,Augmentation de la toxicité hématologique (addition d'effets de toxicité médullaire).,Contrôle plus fréquent de l'hémogramme.
DAPTOMYCINE,INHIBITEURS DE L'HMG-COA RÉDUCTASE (STATINES),AD,Risque d'addition des effets indésirables (dose-dépendant) à type de rhabdomyolyse.,"Si l'association ne peut être évitée, renforcer la surveillance biologique (dosage des CPK plus d'une fois par semaine) et surveillance clinique étroite."
DARIFENACINE,METOPROLOL,PE,"Augmentation des concentrations plasmatiques du métoprolol, avec risque de surdosage, par diminution de son métabolisme hépatique par la darifénacine.",Surveillance clinique et réduction de la posologie du métoprolol pendant le traitement par darifénacine.
DARIFENACINE,PROPAFENONE,PE,"Augmentation des concentrations plasmatiques de propafénone, avec risque de surdosage, par diminution de son métabolisme hépatique par la darifénacine.",Surveillance clinique et réduction de la posologie de la propafénone pendant le traitement par darifénacine.
DAROLUTAMIDE,INDUCTEURS ENZYMATIQUES PUISSANTS,AD,Diminution des concentrations plasmatiques de dalorutamide avec risque de perte d'efficacité.,
DAROLUTAMIDE,RIFAMPICINE,AD,Diminution des concentrations plasmatiques de dalorutamide avec risque de perte d'efficacité.,
DAROLUTAMIDE,ROSUVASTATINE,AD,"Augmentation considérable (d'un facteur 5) des concentrations de rosuvastatine avec risque de rhabdomyolyse et/ou de néphrotoxicité, par augmentation de sa biodisponibilité.",
DARUNAVIR,ETRAVIRINE,AD,Risque de diminution des concentrations plasmatiques du darunavir par l'étravirine.,
DASABUVIR,ETHINYLESTRADIOL,CI,Augmentation de l'hépatotoxicité.,
DASABUVIR,GEMFIBROZIL,CI,Risque d'augmentation des concentrations plasmatiques du dasabuvir par le gemfibrozil.,
DASABUVIR,INDUCTEURS ENZYMATIQUES,CI,Risque de diminution des concentrations plasmatiques du dasabuvir par l'inducteur.,
DASABUVIR,MILLEPERTUIS,CI,Risque de diminution des concentrations plasmatiques du dasabuvir par le millepertuis.,
DASABUVIR,MITOTANE,CI,Risque de diminution des concentrations plasmatiques du dasabuvir par le mitotane.,
DEFERASIROX,ACIDE ACETYLSALICYLIQUE,APEC,Majoration du risque ulcérogène et hémorragique digestif.,A prendre en compte : - Pour des doses anti-inflammatoires d'acide acétylsalicylique ( 1g par prise et/ou 3g par jour) - Pour des doses antalgiques ou antipyrétiques d'acide acétylsalicylique ( 500 mg par prise et/ou <3g par jour) et ( 500 mg par prise et/ou <3g par jour)
DEFERASIROX,ANTI-INFLAMMATOIRES NON STÉROÏDIENS,APEC,Majoration du risque ulcérogène et hémorragique digestif.,
DEFERASIROX,ANTIVITAMINES K,APEC,Majoration du risque ulcérogène et hémorragique digestif.,
DEFERASIROX,BUSULFAN,APEC,Risque d'augmentation de la toxicité du busulfan par diminution de sa clairance par le déférasirox.,
DEFERASIROX,DÉFÉRIPRONE,CI,Risque d'hyperchélation.,
DEFERASIROX,DÉFÉROXAMINE,CI,Risque d'hyperchélation.,
DEFERASIROX,INDUCTEURS ENZYMATIQUES PUISSANTS,PE,Risque de diminution des concentrations plasmatiques de déférasirox.,"Surveiller la ferritinémie pendant et après le traitement par l'inducteur enzymatique. Si besoin, adaptation de la posologie de déférasirox."
DEFERASIROX,PACLITAXEL,PE,Risque d'augmentation des concentrations plasmatiques du paclitaxel par inhibition de son métabolisme hépatique par le deferasirox.,Surveillance clinique et biologique étroite.
DEFERASIROX,REPAGLINIDE,AD,"Risque d'augmentation des concentrations plasmatique de répaglinide, par inhibition de son métabolisme hépatique par le deferasirox.","Si l'association ne peut être évitée, surveillance clinique et biologique étroite."
DEFERASIROX,RIFAMPICINE,PE,Risque de diminution des concentrations plasmatiques de déférasirox.,"Surveiller la ferritinémie pendant et après le traitement par l'inducteur enzymatique. Si besoin, adaptation de la posologie de déférasirox."
DEFERASIROX,SELEXIPAG,PE,Risque d'augmentation des effets indésirables du sélexipag par diminution de son métabolisme.,Surveillance clinique étroite pendant l'association. Réduire de moitié la posologie (une seule prise par jour).
DÉFÉRIPRONE,ACIDE ASCORBIQUE,PE,"Par extrapolation à partir de l'interaction avec la déféroxamine : avec l'acide ascorbique à fortes doses et par voie IV, risque d'anomalies de la fonction cardiaque, voire insuffisance cardiaque aiguë (en général réversible à l'arrêt de la vitamine C).",
DÉFÉRIPRONE,DEFERASIROX,CI,Risque d'hyperchélation.,
DÉFÉROXAMINE,ACIDE ASCORBIQUE,PE,"Avec l'acide ascorbique à fortes doses et par voie IV : anomalies de la fonction cardiaque, voire insuffisance cardiaque aiguë (en général réversible à l'arrêt de la vitamine C).","En cas d'hémochromatose, ne donner de la vitamine C qu'après avoir commencé le traitement par la déféroxamine. Surveiller la fonction cardiaque en cas d'association."
DÉFÉROXAMINE,DEFERASIROX,CI,Risque d'hyperchélation.,
DÉFIBROTIDE,ANTIAGRÉGANTS PLAQUETTAIRES,AD,Risque hémorragique accru.,
DÉFIBROTIDE,ANTICOAGULANTS ORAUX,AD,Risque hémorragique accru.,
DÉFIBROTIDE,COBIMÉTINIB,PE,Augmentation du risque hémorragique.,Surveillance clinique.
DÉFIBROTIDE,HÉPARINES,AD,Risque hémorragique accru.,
DÉFIBROTIDE,THROMBOLYTIQUES,CI,Risque hémorragique accru.,
DÉLAMANID,INDUCTEURS ENZYMATIQUES PUISSANTS,CI,Diminution des concentrations plasmatiques de delamanid par augmentation de son métabolisme hépatique par l'inducteur.,
DÉLAMANID,INHIBITEURS PUISSANTS DU CYP3A4,AD,"Risque majoré de troubles du rythme ventriculaires, notamment de torsades de pointes.","Si l'association ne peut être évitée, contrôle clinique et électrocardiographique régulier."
DÉLAMANID,RIFAMPICINE,CI,Diminution des concentrations plasmatiques de delamanid par augmentation de son métabolisme hépatique par l'inducteur.,
DÉRIVÉS DE L'ACIDE AMINOSALICYLIQUE (ASA),ANTIPURINES,APEC,"Risque de majoration de l'effet myélosuppresseur de l'immunomodulateur par inhibition de son métabolisme hépatique par le dérivé de l'ASA, notamment chez les sujets présentant un déficit partiel en thiopurine méthyltransférase (TPMT).",
DÉRIVÉS NITRÉS ET APPARENTÉS,INHIBITEURS DE LA PHOSPHODIESTERASE DE TYPE 5,CI,Risque d'hypotension importante (effet synergique) pouvant aggraver l'état d'ischémie myocardique et provoquer notamment un accident coronarien aigu.,
DÉRIVÉS NITRÉS ET APPARENTÉS,RIOCIGUAT,CI,Risque d'hypotension importante (effet synergique).,
DESIPRAMINE,BUPROPION,PE,Risque d'augmentation des effets indésirables de la désipramine par diminution de son métabolisme hépatique par le bupropion.,"Surveillance clinique. Si besoin, adaptation de la posologie de la désipramine pendant le traitement par le bupropion."
DEXAMETHASONE,PRAZIQUANTEL,PE,"Diminution des concentrations plasmatiques du praziquantel, avec risque d'échec du traitement, par augmentation du métabolisme hépatique du praziquantel par la dexaméthasone.",Décaler l'administration des deux médicaments d'au moins une semaine.
DEXAMETHASONE,RILPIVIRINE,CI,"Avec la dexaméthasone par voie systémique (sauf en cas de prise unique), risque de diminution des concentrations plasmatiques de rilpivirine par augmentation de son métabolisme hépatique par la dexamethasone.",
DEXTRAN,HÉPARINES (DOSES CURATIVES ET/OU SUJET ÂGÉ),AD,Augmentation du risque hémorragique (inhibition de la fonction plaquettaire par le dextran 40).,
DEXTROMETHORPHANE,CINACALCET,CI,"Augmentation très importante des concentrations plasmatiques de dextrométhorphane avec risque de surdosage, par diminution de son métabolisme hépatique par le cinacalcet.",
DEXTROMETHORPHANE,IMAO IRRÉVERSIBLES,CI,"Risque d'apparition d'un syndrome sérotoninergique : diarrhée, tachycardie, sueurs, tremblements, confusion voire coma.",
DEXTROMETHORPHANE,"IMAO-A RÉVERSIBLES, Y COMPRIS OXAZOLIDINONES ET BLEU DE MÉTHYLÈNE",AD,"Risque d'apparition d'un syndrome sérotoninergique : diarrhée, tachycardie, sueurs, tremblements, confusion voire coma.",
DIAZEPAM,BUSPIRONE,APEC,Risque de majoration des effets indésirables de la buspirone.,
DIAZEPAM,CIMETIDINE,PE,Avec la cimétidine utilisée à des doses supérieures ou égales à 800 mg/j : risque accru de somnolence.,Avertir les patients de l'augmentation du risque en cas de conduite automobile ou d'utilisation de machines.
DIAZEPAM,"PHÉNYTOÏNE (ET, PAR EXTRAPOLATION, FOSPHÉNYTOÏNE)",PE,"Variations imprévisibles : les concentrations plasmatiques de phénytoïne peuvent augmenter, avec signes de surdosage, mais aussi diminuer ou rester stables.",Surveillance clinique et contrôle des concentrations plasmatiques de phénytoïne.
DIAZEPAM,STIRIPENTOL,PE,"Augmentation des concentrations plasmatiques du diazépam, avec risque de surdosage, par inhibition de son métabolisme hépatique.","Surveillance clinique et dosage plasmatique, lorsque cela est possible, de l'anticonvulsivant associé au stiripentol et éventuelle adaptation posologique de l'anticonvulsivant associé."
DIDANOSINE,ALLOPURINOL,AD,Augmentation des concentrations plasmatiques de didanosine et de ses effets indésirables.,
DIDANOSINE,GANCICLOVIR,AD,"Risque d'augmentation des effets indésirables de la didanosine, et notamment la toxicité mitochondriale, par augmentation importante de ses concentrations. De plus risque de diminution de l'efficacité du ganciclovir par diminution de ses concentrations, si les deux médicaments sont ingérés à moins de 2 heures d'intervalle.",
DIDANOSINE,PENTAMIDINE,PE,Risque majoré de survenue de pancréatite par addition d'effets indésirables.,Surveillance de l'amylasémie. Ne pas associer si l'amylasémie est à la limite supérieure de la normale.
DIDANOSINE,RIBAVIRINE,AD,Risque de majoration de la toxicité mitochondriale de la didanosine par augmentation de son métabolite actif.,
DIDANOSINE,TENOFOVIR DISOPROXIL,AD,"Risque d'échec du traitement antirétroviral, voire émergence de résistances. De plus, majoration du risque de la toxicité mitochondriale de la didanosine.",
DIDANOSINE,THALIDOMIDE,PE,Risque majoré de survenue de neuropathies périphériques par addition d'effets indésirables.,"Surveillance clinique et biologique régulière, notamment en début d'association."
DIGOXINE,AMIODARONE,PE,"Dépression de l'automatisme (bradycardie excessive) et troubles de la conduction auriculo-ventriculaire. De plus, augmentation de la digoxinémie par diminution de la clairance de la digoxine.","Surveillance clinique, ECG et, s'il y a lieu, contrôle de la digoxinémie et adaptation de la posologie de la digoxine."
DIGOXINE,BÊTA-BLOQUANTS DANS L'INSUFFISANCE CARDIAQUE,APEC,"Troubles de l'automatisme (bradycardie, arrêt sinusal) et troubles de la conduction sino-auriculaire et auriculo-ventriculaire.",
DIGOXINE,CALCIUM,PE,"Risque de troubles du rythme graves, voire mortels avec les sels de calcium administrés par voie IV.","CI - PE Contre-indication : - avec les sels de calcium IV, hormis supplémentation parentérale. : - avec les sels de calcium par voie orale. Surveillance clinique et, s'il y a lieu, contrôle de l'ECG et de la calcémie."
DIGOXINE,CARBAMAZEPINE,PE,Augmentation des concentrations plasmatiques de carbamazépine et diminution de la digoxinémie.,Prudence dans l'interprétation des concentrations plasmatiques.
DIGOXINE,DRONEDARONE,AD,"Dépression de l'automatisme (bradycardie excessive) et troubles de la conduction auriculo-ventriculaire. En outre, augmentation de la digoxinémie par diminution du métabolisme de la digoxine. Surveillance clinique et ECG.",Réduire de moitié les doses de digoxine.
DIGOXINE,GLÉCAPRÉVIR + PIBRENTASVIR,PE,Augmentation des concentrations plasmatiques de la digoxine par la bithérapie.,Surveillance clinique et éventuellement de la digoxinémie pendant le traitement par glécaprévir/ pibrentasvir.
DIGOXINE,HYDROQUINIDINE,PE,"Augmentation de la digoxinémie par diminution de la clairance rénale de la digoxine. De plus, troubles de l'automatisme (bradycardie excessive et troubles de la conduction auriculo- ventriculaire).","Surveillance clinique et ECG. En cas de réponse inattendue, contrôler la digoxinémie et adapter la posologie."
DIGOXINE,HYPOKALIÉMIANTS,PE,Hypokaliémie favorisant les effets toxiques des digitaliques.,"Corriger auparavant toute hypokaliémie et réaliser une surveillance clinique, électrolytique et électrocardiographique."
DIGOXINE,INHIBITEURS DE PROTÉASES BOOSTÉS PAR RITONAVIR,PE,"Augmentation de la digoxinémie, plus marquée pour la voie intraveineuse, par augmentation de l'absorption de la digoxine ou diminution de sa clairance rénale.","Surveillance clinique et, s'il y a lieu, de l'ECG et de la digoxinémie, avec adaptation éventuelle de la posologie de digoxine."
DIGOXINE,ITRACONAZOLE,PE,"Augmentation de la digoxinémie avec nausées, vomissements, troubles du rythme.","Surveillance clinique et, s'il y a lieu, de l'ECG et de la digoxinémie avec adaptation de la posologie de la digoxine pendant le traitement par l'itraconazole et après son arrêt."
DIGOXINE,MACROLIDES (SAUF SPIRAMYCINE),PE,Augmentation de la digoxinémie par augmentation de son absorption.,Surveillance clinique et éventuellement de la digoxinémie pendant le traitement par le macrolide et après son arrêt.
DIGOXINE,MIDODRINE,AD,Troubles de l'automatisme (majoration de l'effet bradycardisant de la midodrine) et troubles de la conduction auriculo-ventriculaire.,"Si cette association ne peut être évitée, renforcer la surveillance clinique et ECG."
DIGOXINE,MILLEPERTUIS,CI,"Diminution de la digoxinémie, en raison de l'effet inducteur du millepertuis, avec risque de baisse d'efficacité voire d'annulation de l'effet, dont les conséquences peuvent être éventuellement graves (décompensation d'une insuffisance cardiaque).","En cas d'association fortuite, ne pas interrompre brutalement la prise de millepertuis mais contrôler les concentrations plasmatiques (ou l'efficacité) de la digoxine avant puis après l'arrêt du millepertuis."
DIGOXINE,OMEPRAZOLE,PE,Augmentation modérée de la digoxinémie par majoration de son absorption par l'oméprazole.,"Surveillance clinique, ECG et de la digoxinémie, particulièrement chez le sujet âgé."
DIGOXINE,PONATINIB,PE,Risque d'augmentation des concentrations plasmatiques de la digoxine par augmentation de son absorption intestinale par le ponatinib.,Surveillance clinique et biologique étroite pendant l'association.
DIGOXINE,POSACONAZOLE,PE,"Augmentation de la digoxinémie avec nausées, vomissements, troubles du rythme.","Surveillance clinique et, s'il y a lieu, de l'ECG et de la digoxinémie, avec adaptation de la posologie de la digoxine pendant le traitement par le posaconazole et après son arrêt."
DIGOXINE,PROPAFENONE,PE,"Risque d'augmentation de la digoxinémie, notamment chez le sujet âgé.",Surveillance clinique et éventuellement de la digoxinémie pendant le traitement par propafénone et après son arrêt.
DIGOXINE,QUINIDINE,PE,"Augmentation de la digoxinémie par diminution de la clairance rénale de la digoxine. De plus, troubles de l'automatisme (bradycardie excessive et troubles de la conduction auriculo- ventriculaire).","Surveillance clinique et ECG. En cas de réponse inattendue, contrôler la digoxinémie et adapter la posologie."
DIGOXINE,QUININE,PE,Augmentation modérée de la digoxinémie.,"Surveillance clinique et ECG, si besoin, avec adaptation éventuelle des doses de digoxine."
DIGOXINE,RANOLAZINE,PE,Augmentation de la digoxinémie.,"Surveillance clinique, biologique et éventuellement ECG. Adaptation de la posologie de la digoxine, si besoin."
DIGOXINE,RIFAMPICINE,PE,Diminution modeste des concentrations de digoxine.,Surveillance clinique et ECG.
DIGOXINE,ROLAPITANT,PE,Augmentation de la digoxinémie par majoration de son absorption.,Surveillance clinique et ECG pendant le traitement par le rolapitant et après son arrêt.
DIGOXINE,SUCRALFATE,PE,Diminution de l'absorption digestive de la digoxine.,"Prendre le sucralfate à distance de la digoxine (plus de 2 heures, si possible)."
DIGOXINE,SULFASALAZINE,PE,Diminution de la digoxinémie pouvant atteindre 50 %.,"Surveillance clinique, ECG et, éventuellement, de la digoxinémie. S'il y a lieu, adaptation de la posologie de la digoxine pendant le traitement par la sulfasalazine et après son arrêt."
DIGOXINE,TELITHROMYCINE,PE,Augmentation de la digoxinémie par augmentation de son absorption.,Surveillance clinique et éventuellement de la digoxinémie pendant le traitement par la télithromycine et après son arrêt.
DIGOXINE,VERAPAMIL,PE,Bradycardie excessive et bloc auriculo-ventriculaire par majoration des effets de la digoxine sur l'automatisme et la conduction et par diminution de l'élimination rénale et extrarénale de la digoxine.,"Surveillance clinique, ECG et, éventuellement, contrôle de la digoxinémie. S'il y a lieu, adaptation de la posologie de la digoxine pendant le traitement par le vérapamil et après son arrêt."
DIHYDROERGOTAMINE,DALFOPRISTINE,CI,Ergotisme avec possibilité de nécrose des extrémités (inhibition du métabolisme hépatique de l'alcaloïde de l'ergot de seigle).,
DIHYDROERGOTAMINE,DILTIAZEM,CI,Ergotisme avec possibilité de nécrose des extrémités (inhibition du métabolisme hépatique de l'alcaloïde de l'ergot de seigle).,
DIHYDROERGOTAMINE,EFAVIRENZ,CI,Ergotisme avec possibilité de nécrose des extrémités (inhibition du métabolisme hépatique de l'alcaloïde de l'ergot de seigle).,
DIHYDROERGOTAMINE,MACROLIDES (SAUF SPIRAMYCINE),CI,Ergotisme avec possibilité de nécrose des extrémités (inhibition de l'élimination hépatique de l'alcaloïde de l'ergot de seigle).,
DIHYDROERGOTAMINE,QUINUPRISTINE,CI,Ergotisme avec possibilité de nécrose des extrémités (inhibition du métabolisme hépatique de l'alcaloïde de l'ergot de seigle).,
DIHYDROERGOTAMINE,STIRIPENTOL,CI,Ergotisme avec possibilité de nécrose des extrémités (inhibition de l'élimination hépatique de l'alcaloïde de l'ergot de seigle).,
DIHYDROERGOTAMINE,TRICLABENDAZOLE,CI,Ergotisme avec possibilité de nécrose des extrémités (inhibition du métabolisme hépatique de l'alcaloïde de l'ergot de seigle).,"Respecter un délai de 24 heures entre l'arrêt du triclabendazole et la prise du médicament dérivé de l'ergot, et inversement."
DIHYDROPYRIDINES,BÊTA-BLOQUANTS (SAUF ESMOLOL) (Y COMPRIS COLLYRES),APEC,"Hypotension, défaillance cardiaque chez les patients en insuffisance cardiaque latente ou non contrôlée (addition des effets inotropes négatifs). Le bêta-bloquant peut par ailleurs minimiser la réaction sympathique réflexe mise en jeu en cas de répercussion hémodynamique excessive.",
DIHYDROPYRIDINES,BÊTA-BLOQUANTS DANS L'INSUFFISANCE CARDIAQUE,APEC,"Hypotension, défaillance cardiaque chez les malades en insuffisance cardiaque latente ou non contrôlée (effet inotrope négatif in vitro des dihydropyridines plus ou moins marqué et susceptibles de s'additionner aux effets inotropes négatifs des bêta- bloquants). La présence d'un traitement bêta-bloquant peut par ailleurs minimiser la réaction sympathique réflexe mise en jeu en cas de répercussion hémodynamique excessive.",
DIHYDROPYRIDINES,DANTROLENE,AD,"Avec le dantrolène administré par perfusion : chez l'animal des cas de fibrillations ventriculaires mortelles sont constamment observés lors de l'administration de vérapamil et de dantrolène IV. L'association d'un antagoniste du calcium et de dantrolène est donc potentiellement dangereuse. Cependant, quelques patients ont reçu l'association nifédipine et dantrolène sans inconvénient.",
DILTIAZEM,ALFENTANIL,PE,Augmentation de l'effet dépresseur respiratoire de l'analgésique opiacé par diminution de son métabolisme hépatique.,Adapter la posologie de l'alfentanil en cas de traitement par le diltiazem.
DILTIAZEM,AMIODARONE,PE,"Pour diltiazem voie injectable : risque de bradycardie et de bloc auriculo-ventriculaire Pour diltiazem per os : risque de bradycardie ou de bloc auriculo- ventriculaire, notamment chez les personnes âgées.","ASDEC - PE Association déconseillée avec : - le diltiazem IV Si l'association ne peut être évitée, surveillance clinique et ECG continu. avec : - le diltiazem per os Surveillance clinique et ECG."
DILTIAZEM,ANTIHYPERTENSEURS CENTRAUX,APEC,Troubles de l'automatisme (troubles de la conduction auriculo- ventriculaire par addition des effets négatifs sur la conduction).,
DILTIAZEM,ATORVASTATINE,PE,"Risque majoré d'effets indésirables (concentration-dépendants) à type de rhabdomyolyse, par diminution du métabolisme hépatique de l'hypocholestérolémiant.",Utiliser des doses plus faibles d'hypocholestérolémiant ou une autre statine non concernée par ce type d'interaction.
DILTIAZEM,BÊTA-BLOQUANTS (SAUF ESMOLOL) (Y COMPRIS COLLYRES),AD,"Troubles de l'automatisme (bradycardie excessive, arrêt sinusal), troubles de la conduction sino-auriculaire et auriculo-ventriculaire et défaillance cardiaque.","Une telle association ne doit se faire que sous surveillance clinique et ECG étroite, en particulier chez le sujet âgé ou en début de traitement."
DILTIAZEM,BÊTA-BLOQUANTS DANS L'INSUFFISANCE CARDIAQUE,AD,"Effet inotrope négatif avec risque de décompensation de l'insuffisance cardiaque, troubles de l'automatisme (bradycardie, arrêt sinusal) et troubles de la conduction sino-auriculaire et auriculo-ventriculaire.",
DILTIAZEM,BUSPIRONE,PE,"Augmentation des concentrations plasmatiques de la buspirone par diminution de son métabolisme hépatique par le diltiazem, avec augmentation de ses effets indésirables.",Surveillance clinique et adaptation de la posologie de la buspirone si nécessaire.
DILTIAZEM,DANTROLENE,CI,"Avec le dantrolène administré par perfusion : chez l'animal, des cas de fibrillations ventriculaires mortelles sont constamment observés lors de l'administration de vérapamil et de dantrolène par voie IV. L'association d'un antagoniste du calcium et de dantrolène est donc potentiellement dangereuse. Cependant, quelques patients ont reçu l'association nifédipine et dantrolène sans inconvénient.",
DILTIAZEM,DIHYDROERGOTAMINE,CI,Ergotisme avec possibilité de nécrose des extrémités (inhibition du métabolisme hépatique de l'alcaloïde de l'ergot de seigle).,
DILTIAZEM,DRONEDARONE,PE,"Risque de bradycardie ou de bloc auriculo-ventriculaire, notamment chez le sujet âgé. Par ailleurs, légère augmentation des concentrations de dronédarone par diminution de son métabolisme par l'antagoniste des canaux calciques.","Débuter le traitement par l'antagoniste calcique aux posologies minimales recommandées, et ajuster les doses en fonction de l'ECG."
DILTIAZEM,ERGOTAMINE,CI,Ergotisme avec possibilité de nécrose des extrémités (inhibition du métabolisme hépatique de l'alcaloïde de l'ergot de seigle).,
DILTIAZEM,ESMOLOL,PE,"Troubles de l'automatisme (bradycardie excessive, arrêt sinusal), troubles de la conduction sino-auriculaire et auriculo-ventriculaire et défaillance cardiaque.",ASDEC - PE Association déconseillée : - en cas d'altération de la fonction ventriculaire gauche. : - si la fonction ventriculaire gauche est normale. Surveillance clinique et ECG.
DILTIAZEM,IBRUTINIB,AD,Risque d'augmentation des concentrations plasmatiques d'ibrutinib par diminution de son métabolisme hépatique par le diltiazem.,"Si l'association ne peut être évitée, surveillance clinique étroite et réduction de la dose d'ibrutinib à 280 mg par jour pendant la durée de l'association."
DILTIAZEM,IMMUNOSUPPRESSEURS,PE,Augmentation des concentrations sanguines de l'immunosuppresseur par diminution de son métabolisme.,"Dosage des concentrations sanguines de l'immunosuppresseur, contrôle de la fonction rénale et adaptation de la posologie pendant l'association et après son arrêt."
DILTIAZEM,IVABRADINE,CI,"Augmentation des concentrations plasmatiques de l'ivabradine et de ses effets indésirables, notamment cardiaques (inhibition de son métabolisme hépatique par le diltiazem), qui s'ajoutent aux effets bradycardisants de ces substances.",
DILTIAZEM,LOMITAPIDE,CI,"Augmentation des concentrations de lomitapide, avec risque d'hépatotoxicité.",
DILTIAZEM,MIDAZOLAM,PE,"Augmentation des concentrations plasmatiques de midazolam par diminution de son métabolisme hépatique, avec majoration de la sédation.",Surveillance clinique et réduction de la posologie pendant le traitement par le diltiazem.
DILTIAZEM,NALOXEGOL,PE,Augmentation des concentrations plasmatiques de naloxegol par le diltiazem.,Adaptation posologique pendant l'association.
DILTIAZEM,NIFEDIPINE,CI,"Augmentation importantes des concentrations de nifédipine par diminution de son métabolisme hépatique par le diltiazem, avec risque d'hypotension sévère.",
DILTIAZEM,OLAPARIB,AD,Augmentation des concentrations plasmatiques d'olaparib par le diltiazem.,"Si l'association ne peut être évitée, limiter la dose d'olaparib à 200 mg deux fois par jour."
DILTIAZEM,PIMOZIDE,CI,"Risque majoré de troubles du rythme ventriculaire, notamment de torsades de pointes.",
DILTIAZEM,SIMVASTATINE,PE,"Risque majoré d'effets indésirables (concentration-dépendants) à type de rhabdomyolyse, par diminution du métabolisme hépatique de l'hypocholestérolémiant.","Ne pas dépasser la posologie de 20 mg/jour de simvastatine. Si l'objectif thérapeutique n'est pas atteint à cette posologie, utiliser une autre statine non concernée par ce type d'interaction."
DILTIAZEM,TAMSULOSINE,PE,"Risque de majoration des effets indésirables de la tamsulosine, par inhibition de son métabolisme hépatique.","Surveillance clinique et adaptation de la posologie de la tamsulosine pensant le traitement par l'inhibiteur enzymatique et après son arrêt, le cas échéant."
DILTIAZEM,TICAGRELOR,APEC,Risque d'augmentation des concentrations plasmatiques de ticagrelor par diminution de son métabolisme hépatique.,
DILTIAZEM,TOLVAPTAN,PE,"Augmentation des concentrations de tolvaptan, avec risque de majoration importante des effets indésirables, notamment diurèse importante, déshydratation, insuffisance rénale aiguë.",Réduire la posologie de tolvaptan de moitié.
DILTIAZEM,VÉNÉTOCLAX,PE,Risque d'augmentation des effets indésirables du vénétoclax par diminution de son métabolisme hépatique.,"Surveillance clinique et biologique régulière, notamment hématologique, et adaptation de la posologie du vénétoclax."
DIMÉTHYLE ( FUMARATE DE),VACCINS VIVANTS ATTÉNUÉS,APEC,Possible augmentation du risque infectieux.,
DIPROPHYLLINE,PROBENECIDE,PE,Risque de surdosage par augmentation des concentrations plasmatiques de diprophylline (inhibition de sa sécrétion tubulaire rénale).,Réduire la posologie de diprophylline pendant le traitement par le probénécide.
DIPYRIDAMOLE,THÉINE,PE,Avec le dipyridamole par voie injectable : réduction de l'effet vasodilatateur du dipyridamole par la théine.,Eviter la consommation de produits à base de théine dans les 24 heures qui précèdent une imagerie myocardique avec le dipyridamole.
DIPYRIDAMOLE,BÊTA-BLOQUANTS (SAUF ESMOLOL) (Y COMPRIS COLLYRES),APEC,Avec le dipyridamole par voie injectable : majoration de l'effet antihypertenseur.,
DIPYRIDAMOLE,CAFEINE,PE,Avec le dipyridamole par voie injectable : réduction de l'effet vasodilatateur du dipyridamole par la caféine.,"Interrompre un traitement à base de caféine au moins 5 jours avant une imagerie myocardique avec le dipyridamole et éviter la consommation de café, thé, chocolat ou cola dans les 24 heures qui précèdent le test."
DIPYRIDAMOLE,"THÉOPHYLLINE (ET, PAR EXTRAPOLATION, AMINOPHYLLINE)",PE,Avec le dipyridamole par voie injectable : réduction de l'effet vasodilatateur du dipyridamole par la théophylline.,Interrompre un traitement par théophylline au moins 5 jours avant une imagerie myocardique avec le dipyridamole.
DISOPYRAMIDE,INDUCTEURS ENZYMATIQUES,PE,Risque de diminution des concentrations du disopyramide par l'inducteur.,Surveillance clinique et éventuellement adaptation de la posologie du disopyramide pendant l'association et 1 à 2 semaines après l'arrêt de l'inducteur.
DISOPYRAMIDE,INHIBITEURS PUISSANTS DU CYP3A4,PE,Risque d'augmentation des effets indésirables du disopyramide par diminution de son métabolisme.,Surveillance clinique et adaptation éventuelle de la posologie du disopyramide.
DISOPYRAMIDE,JOSAMYCINE,PE,"Risque de majoration des effets indésirables du disopyramide : hypoglycémies sévères, allongement de l'intervalle QT et troubles du rythme ventriculaire graves, notamment à type de torsades de pointes.","Surveillance clinique, biologique et électrocardiographique régulière."
DISOPYRAMIDE,OMBITASVIR + PARITAPRÉVIR,CI,Risque d'augmentation des concentrations plasmatiques de disopyramide et de ses effets indésirables.,
DISULFIRAME,ANTIVITAMINES K,PE,Augmentation de l'effet de l'antivitamine K et du risque hémorragique.,Contrôle plus fréquent de l'INR. Adaptation de la posologie de l'antivitamine K pendant le traitement par le disulfirame et 8 jours après son arrêt.
DISULFIRAME,COCAINE,APEC,"Augmentation des concentrations de cocaïne par diminution de son métabolisme par le disulfirame, avec risque majoré de survenue de torsades de pointes.",
DISULFIRAME,ISONIAZIDE,AD,Troubles du comportement et de la coordination.,
DISULFIRAME,METRONIDAZOLE,AD,"Risque d'épisodes de psychose aiguë ou d'état confusionnel, réversibles à l'arrêt de l'association.",
DISULFIRAME,"PHÉNYTOÏNE (ET, PAR EXTRAPOLATION, FOSPHÉNYTOÏNE)",AD,Augmentation importante et rapide des concentrations plasmatiques de phénytoïne avec signes toxiques (inhibition de son métabolisme).,"Si elle ne peut être évitée, contrôle clinique et des concentrations plasmatiques de phénytoïne pendant le traitement par le disulfirame et après son arrêt."
DIURÉTIQUES,ACIDE ACETYLSALICYLIQUE,PE,"Pour des doses anti-inflammatoires d'acide acétylsalicylique (>= 1g par prise et/ou >= 3g par jour) ou pour des doses antalgiques ou antipyrétiques (>= 500 mg par prise et/ou < 3g par jour) : Insuffisance rénale aiguë chez le patient à risque (âgé, déshydraté, avec une fonction rénale altérée), par diminution de la filtration glomérulaire secondaire à une diminution de la synthèse des prostaglandines rénales. Par ailleurs, réduction de l'effet antihypertenseur.",Hydrater le malade et surveiller la fonction rénale en début de traitement et régulièrement pendant l'association.
DIURÉTIQUES,ANTI-INFLAMMATOIRES NON STÉROÏDIENS,PE,"Insuffisance rénale aiguë chez le patient à risque (âgé, déshydraté, sous diurétiques, avec une fonction rénale altérée), par diminution de la filtration glomérulaire secondaire à une diminution de la synthèse des prostaglandines rénales. Ces effets sont généralement réversibles. Par ailleurs, réduction de l'effet antihypertenseur.",Hydrater le malade et surveiller la fonction rénale en début de traitement et régulièrement pendant l'association.
DIURÉTIQUES,PRODUITS DE CONTRASTE IODÉS,PE,"En cas de déshydratation provoquée par les diurétiques, risque majoré d'insuffisance rénale fonctionnelle aiguë, en particulier lors d'utilisation de doses importantes de produits de contraste iodés.",Réhydratation avant administration du produit iodé.
DIURÉTIQUES DE L'ANSE,AMINOSIDES,PE,Augmentation des risques néphrotoxiques et ototoxiques de l'aminoside (insuffisance rénale fonctionnelle liée à la déshydratation entraînée par le diurétique).,"Association possible sous contrôle de l'état d'hydratation, des fonctions rénale et cochléovestibulaire, et éventuellement, des concentrations plasmatiques de l'aminoside."
DIURÉTIQUES DE L'ANSE,LITHIUM,AD,"Augmentation de la lithémie avec signes de surdosage en lithium, comme lors d'un régime désodé (diminution de l'excrétion urinaire du lithium).","Si l'association ne peut être évitée, surveillance stricte de la lithémie et adaptation de la posologie du lithium."
DIURÉTIQUES DE L'ANSE,METFORMINE,PE,"Acidose lactique due à la metformine, déclenchée par une éventuelle insuffisance rénale fonctionnelle, liée aux diurétiques de l'anse.","Ne pas utiliser la metformine lorsque la créatininémie dépasse 15 mg/l (135 µmol/l) chez l'homme, et 12 mg/l (110 µmol/l) chez la femme."
DIURÉTIQUES DE L'ANSE,ORGANOPLATINES,APEC,Risque d'addition des effets ototoxiques et/ou néphrotoxiques.,
DIURÉTIQUES ÉPARGNEURS DE POTASSIUM (SEULS OU ASSOCIÉS),AUTRES DIURÉTIQUES ÉPARGNEURS DE POTASSIUM (SEULS OU ASSOCIÉS),CI,"Hyperkaliémie potentiellement létale, notamment chez l'insuffisant rénal (addition des effets hyperkaliémiants).",Contre-indiqué sauf s'il existe une hypokaliémie.
DIURÉTIQUES ÉPARGNEURS DE POTASSIUM (SEULS OU ASSOCIÉS),ANTAGONISTES DES RÉCEPTEURS DE L'ANGIOTENSINE II,PE,Risque d'hyperkaliémie (potentiellement létale) surtout en cas d'insuffisance rénale (addition des effets hyperkaliémiants).,"ASDEC - PE Association déconseillée : - si l'association est justifiée, contrôle strict de la kaliémie et de la fonction rénale. : - pour la spironolactone à des doses comprises entre 12,5 mg et 50 mg/jour, et pour l'éplérénone utilisées dans le traitement de l'insuffisance cardiaque, ainsi qu'en cas d'hypokaliémie : contrôle strict de la kaliémie et de la fonction rénale."
DIURÉTIQUES ÉPARGNEURS DE POTASSIUM (SEULS OU ASSOCIÉS),CICLOSPORINE,AD,"Hyperkaliémie potentiellement létale, surtout lors d'une insuffisance rénale (addition des effets hyperkaliémiants).",
DIURÉTIQUES ÉPARGNEURS DE POTASSIUM (SEULS OU ASSOCIÉS),DIURÉTIQUES HYPOKALIÉMIANTS,PE,"L'association rationnelle, utile pour certains patients, n'exclut pas la survenue d'hypokaliémie ou, en particulier chez l'insuffisant rénal et le diabétique, d'hyperkaliémie.","Surveiller la kaliémie, éventuellement l'ECG et, s'il y a lieu, reconsidérer le traitement."
DIURÉTIQUES ÉPARGNEURS DE POTASSIUM (SEULS OU ASSOCIÉS),INHIBITEURS DE L'ENZYME DE CONVERSION,PE,Risque d'hyperkaliémie (potentiellement létale) surtout en cas d'insuffisance rénale (addition des effets hyperkaliémiants).,"ASDEC - PE Association déconseillée : - si l'association est justifiée, contrôle strict de la kaliémie et de la fonction rénale. : - pour la spironolactone à des doses comprises entre 12,5 mg et 50 mg/jour, et pour l'éplérénone utilisées dans le traitement de l'insuffisance cardiaque, ainsi qu'en cas d'hypokaliémie : contrôle strict de la kaliémie et de la fonction rénale."
DIURÉTIQUES ÉPARGNEURS DE POTASSIUM (SEULS OU ASSOCIÉS),LITHIUM,PE,"Augmentation de la lithémie avec signes de surdosage en lithium, comme lors d'un régime désodé (diminution de l'excrétion urinaire du lithium).",Surveillance stricte de la lithémie et adaptation éventuelle de la posologie du lithium.
DIURÉTIQUES ÉPARGNEURS DE POTASSIUM (SEULS OU ASSOCIÉS),POTASSIUM,AD,"Pour une quantité de potassium > à 1 mmol/prise, hyperkaliémie potentiellement létale, notamment chez l'insuffisant rénal (addition des effets hyperkaliémiants).",Sauf en cas d'hypokaliémie.
DIURÉTIQUES ÉPARGNEURS DE POTASSIUM (SEULS OU ASSOCIÉS),TACROLIMUS,AD,"Hyperkaliémie potentiellement létale, surtout lors d'une insuffisance rénale (addition des effets hyperkaliémiants).",
DIURÉTIQUES HYPOKALIÉMIANTS,ANTAGONISTES DES RÉCEPTEURS DE L'ANGIOTENSINE II,PE,Risque d'hypotension artérielle brutale et/ou d'insuffisance rénale aiguë lors de l'instauration ou de l'augmentation de la posologie d'un traitement par un antagoniste de l'angiotensine II en cas de déplétion hydrosodée préexistante.,"Dans l'hypertension artérielle, lorsqu'un traitement diurétique préalable a pu entraîner une déplétion hydrosodée, il faut : - soit arrêter le diurétique avant de débuter le traitement par l'antagoniste de l'angiotensine II, et réintroduire un diurétique hypokaliémiant si nécessaire ultérieurement ; - soit administrer des doses initiales réduites d'antagoniste de l'angiotensine II et augmenter progressivement la posologie. Dans tous les cas : surveiller la fonction rénale (créatininémie) dans les premières semaines du traitement par l'antagoniste de l'angiotensine II."
DIURÉTIQUES HYPOKALIÉMIANTS,CARBAMAZEPINE,PE,Risque d'hyponatrémie symptomatique.,"Surveillance clinique et biologique. Si possible, utiliser une autre classe de diurétiques."
DIURÉTIQUES HYPOKALIÉMIANTS,CICLOSPORINE,APEC,"Risque d'augmentation de la créatininémie sans modification des concentrations sanguines de ciclosporine, même en l'absence de déplétion hydrosodée. Egalement, risque d'hyperuricémie et de complications comme la goutte.",
DIURÉTIQUES HYPOKALIÉMIANTS,DIURÉTIQUES ÉPARGNEURS DE POTASSIUM (SEULS OU ASSOCIÉS),PE,"L'association rationnelle, utile pour certains patients, n'exclut pas la survenue d'hypokaliémie ou, en particulier chez l'insuffisant rénal et le diabétique, d'hyperkaliémie.","Surveiller la kaliémie, éventuellement l'ECG et, s'il y a lieu, reconsidérer le traitement."
DIURÉTIQUES HYPOKALIÉMIANTS,INHIBITEURS DE L'ENZYME DE CONVERSION,PE,Risque d'hypotension artérielle brutale et/ou d'insuffisance rénale aiguë lors de l'instauration ou de l'augmentation de la posologie d'un traitement par un inhibiteur de l'enzyme de conversion en cas de déplétion hydrosodée préexistante.,"Dans l'hypertension artérielle, lorsqu'un traitement diurétique préalable a pu entraîner une déplétion hydrosodée, il faut : - soit arrêter le diurétique avant de débuter le traitement par l'IEC, et réintroduire un diurétique hypokaliémiant si nécessaire ultérieurement ; - soit administrer des doses initiales réduites d'IEC et augmenter progressivement la posologie. Dans l'insuffisance cardiaque congestive traitée par diurétiques, commencer par une dose très faible d'IEC, éventuellement après réduction de la dose du diurétique hypokaliémient associé. Dans tous les cas : surveiller la fonction rénale (créatininémie) dans les premières semaines du traitement par l'IEC."
DIURÉTIQUES THIAZIDIQUES ET APPARENTÉS,CALCIUM,APEC,Risque d'hypercalcémie par diminution de l'élimination urinaire du calcium.,
DIURÉTIQUES THIAZIDIQUES ET APPARENTÉS,LITHIUM,AD,"Augmentation de la lithémie avec signes de surdosage en lithium, comme lors d'un régime désodé (diminution de l'excrétion urinaire du lithium).","Si l'association ne peut être évitée, surveillance stricte de la lithémie et adaptation de la posologie du lithium."
DOCETAXEL,AMIODARONE,PE,Risque de majoration des effets indésirables du docétaxel par diminution de son métabolisme hépatique par l'amiodarone,Surveillance clinique et adaptation éventuelle de la posologie du docétaxel.
DOCETAXEL,APALUTAMIDE,AD,"Risque de diminution très importante des concentrations du docétaxel, et perte d'efficacité, par augmentation de son métabolisme hépatique par l'apalutamide.",
DOCETAXEL,DRONEDARONE,PE,Risque de majoration de la toxicité du docétaxel par diminution de son métabolisme.,Surveillance clinique et adaptation éventuelle de la posologie du docétaxel pendant le traitement par l'inhibiteur enzymatique.
DOCETAXEL,INDUCTEURS ENZYMATIQUES,AD,"Diminution des concentrations du cytotoxique par augmentation de son métabolisme par l'inducteur, avec risque de moindre efficacité.",
DOCETAXEL,INHIBITEURS PUISSANTS DU CYP3A4,PE,Risque de majoration des effets indésirables dose-dépendants du docétaxel par inhibition de son métabolisme par l'inhibiteur enzymatique.,Surveillance clinique et adaptation éventuelle de la posologie du docétaxel pendant le traitement par l'inhibiteur enzymatique.
DOCETAXEL,MILLEPERTUIS,CI,Risque de moindre efficacité du taxane par augmentation de son métabolisme par le millepertuis.,
DOLUTÉGRAVIR,INDUCTEURS ENZYMATIQUES,PE,Diminution des concentrations plasmatiques de dolutégravir par augmentation de son métabolisme par l'inducteur.,ASDEC - PE Association déconseillée : - en cas de résistance à la classe des inhibiteurs d'intégrase : - en l'absence de résistance à la classe des inhibiteurs d'intégrase Adaptation de la posologie de dolutégravir à 50 mg 2 fois par jour pendant l'association et une semaine après son arrêt.
DOLUTÉGRAVIR,METFORMINE,PE,Augmentation moyenne de moins de deux fois des concentrations plasmatiques de metformine.,"Chez le patient avec une insuffisance rénale modérée, surveillance clinique et éventuelle réduction supplémentaire de la posologie de metformine."
DOLUTÉGRAVIR,MILLEPERTUIS,AD,Risque de diminution des concentrations plasmatiques de dolutégravir par augmentation de son métabolisme par le millepertuis.,
DOMPERIDONE,FLUCONAZOLE,CI,"Risque de troubles du rythme ventriculaire, notamment de torsades de pointes.",
DOMPERIDONE,INHIBITEURS PUISSANTS DU CYP3A4,CI,Augmentation des concentrations plasmatiques de dompéridone par diminution de son métabolisme hépatique par l'inhibiteur.,
DOPAMINERGIQUES,NEUROLEPTIQUES ANTIÉMÉTIQUES,CI,Antagonisme réciproque entre le dopaminergique et le neuroleptique.,Utiliser un antiémétique dénué d'effets extrapyramidaux.
DOPAMINERGIQUES,TETRABENAZINE,AD,Antagonisme réciproque entre le dopaminergique et la tétrabénazine.,
"DOPAMINERGIQUES, HORS PARKINSON",NEUROLEPTIQUES ANTIPSYCHOTIQUES (SAUF CLOZAPINE),CI,Antagonisme réciproque de l'agoniste dopaminergique et des neuroleptiques.,
DOXORUBICINE,VERAPAMIL,APEC,Risque de majoration de la toxicité de la doxorubicine par augmentation de ses concentrations plasmatiques.,
DOXYCYCLINE,INDUCTEURS ENZYMATIQUES PUISSANTS,APEC,Risque de diminution importante des concentrations de doxycycline.,
DOXYCYCLINE,RIFAMPICINE,APEC,Risque de diminution importante des concentrations de doxycycline.,
DRONEDARONE,DABIGATRAN,CI,"Doublement des concentrations plasmatiques de dabigatran, avec majoration du risque de saignement.",
DRONEDARONE,DIGOXINE,AD,"Dépression de l'automatisme (bradycardie excessive) et troubles de la conduction auriculo-ventriculaire. En outre, augmentation de la digoxinémie par diminution du métabolisme de la digoxine. Surveillance clinique et ECG.",Réduire de moitié les doses de digoxine.
DRONEDARONE,DILTIAZEM,PE,"Risque de bradycardie ou de bloc auriculo-ventriculaire, notamment chez le sujet âgé. Par ailleurs, légère augmentation des concentrations de dronédarone par diminution de son métabolisme par l'antagoniste des canaux calciques.","Débuter le traitement par l'antagoniste calcique aux posologies minimales recommandées, et ajuster les doses en fonction de l'ECG."
DRONEDARONE,DOCETAXEL,PE,Risque de majoration de la toxicité du docétaxel par diminution de son métabolisme.,Surveillance clinique et adaptation éventuelle de la posologie du docétaxel pendant le traitement par l'inhibiteur enzymatique.
DRONEDARONE,ÉDOXABAN,PE,"Augmentation des concentrations plasmatiques de l'édoxaban, avec majoration du risque de saignement.",Réduire la dose d'édoxaban de moitié.
DRONEDARONE,FIDAXOMICINE,AD,Augmentation des concentrations plasmatiques de la fidaxomicine.,
DRONEDARONE,IBRUTINIB,AD,Risque d'augmentation des concentrations plasmatiques d'ibrutinib par diminution de son métabolisme hépatique par la dronédarone.,"Si l'association ne peut être évitée, surveillance clinique étroite et réduction de la dose d'ibrutinib à 280 mg par jour pendant la durée de l'association."
DRONEDARONE,IMMUNOSUPPRESSEURS,AD,Augmentation importante des concentrations sanguines de l'immunosuppresseur par diminution de son métabolisme.,
DRONEDARONE,INDUCTEURS ENZYMATIQUES PUISSANTS,AD,"Diminution importante des concentrations de dronédarone par augmentation de son métabolisme, sans modification notable du métabolite actif.",
DRONEDARONE,INHIBITEURS PUISSANTS DU CYP3A4,CI,Augmentation importante des concentrations de dronédarone par diminution de son métabolisme.,
DRONEDARONE,MILLEPERTUIS,AD,"Diminution importante des concentrations de dronédarone par augmentation de son métabolisme, sans modification notable du métabolite actif.",
DRONEDARONE,PAMPLEMOUSSE (JUS ET FRUIT),AD,Augmentation des concentrations de dronédarone par inhibition de son métabolisme par le pamplemousse.,
DRONEDARONE,QUINIDINE,PE,"Risque de bradycardie ou de bloc auriculo-ventriculaire, notamment chez le sujet âgé. Par ailleurs, légère augmentation des concentrations de dronédarone par diminution de son métabolisme par la quinidine.","Débuter le traitement par la quinidine aux posologies minimales recommandées, et ajuster les doses en fonction de l'ECG."
DRONEDARONE,RIFAMPICINE,AD,"Diminution importante des concentrations de dronédarone par augmentation de son métabolisme, sans modification notable du métabolite actif.",
DRONEDARONE,SIMVASTATINE,AD,Risque majoré d'effets indésirables (concentration-dépendants) à type de rhabdomyolyse (diminution du métabolisme hépatique de la simvastatine).,
DRONEDARONE,TALAZOPARIB,PE,Augmentation des concentrations de talazoparib avec risque de majoration de la toxicité.,Réduire la dose de talazoparib.
DRONEDARONE,VERAPAMIL,PE,"Risque de bradycardie ou de bloc auriculo-ventriculaire, notamment chez le sujet âgé. Par ailleurs, légère augmentation des concentrations de dronédarone par diminution de son métabolisme par l'antagoniste des canaux calciques.","Débuter le traitement par l'antagoniste calcique aux posologies minimales recommandées, et ajuster les doses en fonction de l'ECG."
DULOXETINE,CODEINE,AD,Risque d'inefficacité de l'opiacé par inhibition de son métabolisme par l'inhibiteur.,
DULOXETINE,ENOXACINE,CI,Risque d'augmentation des effets indésirables de la duloxétine par diminution de son métabolisme hépatique par l'énoxacine.,
DULOXETINE,FLUVOXAMINE,CI,Risque d'augmentation des effets indésirables de la duloxétine par diminution de son métabolisme hépatique par la fluvoxamine.,
DULOXETINE,MEQUITAZINE,AD,"Risque de majoration des effets indésirables de la méquitazine, par inhibition de son métabolisme par l'inhibiteur enzymatique.",
DULOXETINE,METOPROLOL,PE,"Augmentation des concentrations plasmatiques de métoprolol avec risque de surdosage, par diminution de son métabolisme hépatique par la duloxétine.",Surveillance clinique et réduction de la posologie du métoprolol pendant le traitement par la duloxétine et après son arrêt.
DULOXETINE,PROPAFENONE,PE,"Augmentation des concentrations plasmatiques de propafénone avec risque de surdosage, par diminution de son métabolisme hépatique par la duloxétine.",Surveillance clinique et réduction de la posologie de la propafénone pendant le traitement par la duloxétine et après son arrêt.
DULOXETINE,TAMOXIFENE,AD,"Risque de baisse de l'efficacité du tamoxifène, par inhibition de la formation de son métabolite actif par la duloxétine.",
DULOXETINE,TETRABENAZINE,CI,Augmentation possiblement très importante de l'exposition des métabolites actifs de la tétrabénazine.,
DULOXETINE,TRAMADOL,AD,Risque d'inefficacité de l'opiacé par inhibition de son métabolisme par l'inhibiteur.,
ECONAZOLE,ANTIVITAMINES K,PE,Quelle que soit la voie d'administration de l'éconazole : augmentation de l'effet de l'antivitamine K et du risque hémorragique.,Contrôle plus fréquent de l'INR. Adaptation éventuelle de la posologie de l'antivitamine K pendant le traitement par éconazole et après son arrêt.
ÉDOXABAN,CICLOSPORINE,PE,"Augmentation des concentrations plasmatiques de l'édoxaban, avec majoration du risque de saignement.",Réduire la dose d'édoxaban de moitié.
ÉDOXABAN,DRONEDARONE,PE,"Augmentation des concentrations plasmatiques de l'édoxaban, avec majoration du risque de saignement.",Réduire la dose d'édoxaban de moitié.
ÉDOXABAN,ERYTHROMYCINE,PE,"Augmentation des concentrations plasmatiques de l'édoxaban, avec majoration du risque de saignement.",Réduire la dose d'édoxaban de moitié.
ÉDOXABAN,ITRACONAZOLE,PE,"Augmentation des concentrations plasmatiques de l'édoxaban, avec majoration du risque de saignement.",Réduire la dose d'édoxaban de moitié.
EFAVIRENZ,ANTIVITAMINES K,PE,Diminution de l'effet de l'antivitamine K par augmentation de son métabolisme hépatique.,Contrôle plus fréquent de l'INR. Adaptation éventuelle de la posologie de l'antivitamine K.
EFAVIRENZ,ATAZANAVIR,AD,Risque de baisse de l'efficacité de l'atazanavir par augmentation de son métabolisme hépatique.,"Si l'association s'avère nécessaire, adaptation posologique de l'atazanavir avec surveillance clinique et biologique régulière, notamment en début d'association."
EFAVIRENZ,ATOVAQUONE,AD,Diminution des concentrations plasmatiques d'atovaquone par l'inducteur enzymatique.,
EFAVIRENZ,DIHYDROERGOTAMINE,CI,Ergotisme avec possibilité de nécrose des extrémités (inhibition du métabolisme hépatique de l'alcaloïde de l'ergot de seigle).,
EFAVIRENZ,ERGOTAMINE,CI,Ergotisme avec possibilité de nécrose des extrémités (inhibition du métabolisme hépatique de l'alcaloïde de l'ergot de seigle).,
EFAVIRENZ,FOSAMPRENAVIR,PE,Risque de baisse de l'efficacité de l'amprénavir.,"Surveillance clinique et biologique régulière, notamment en début d'association."
EFAVIRENZ,GINKGO,AD,Risque de moindre efficacité de l'éfavirenz.,
EFAVIRENZ,HORMONES THYROÏDIENNES,PE,"Risque d'hypothyroïdie clinique chez les patients hypothyroïdiens, par augmentation du métabolisme de la T3 et de la T4.","Surveillance clinique et biologique. Adaptation, si besoin, de la posologie des hormones thyroïdiennes pendant le traitement par l'inducteur et après son arrêt."
EFAVIRENZ,LÉNACAPAVIR,AD,Diminution importante des concentrations de lénacapavir.,
EFAVIRENZ,MILLEPERTUIS,CI,"Risque de diminution des concentrations d'éfavirenz, avec baisse d'efficacité.",
EFAVIRENZ,PIMOZIDE,CI,"Risque majoré de troubles du rythme ventriculaire, notamment de torsades de pointes.",
EFAVIRENZ,RIFABUTINE,PE,"Diminution importante des concentrations de rifabutine, par augmentation de son métabolisme hépatique par l'éfavirenz. Egalement, possibilité de diminution importante des concentrations d'éfavirenz par la rifabutine.",Adaptation éventuelle de la posologie de la rifabutine ou de l'éfavirenz pendant la durée de l'association.
EFAVIRENZ,RIFAMPICINE,PE,Diminution des concentrations plasmatiques et de l'efficacité de l'éfavirenz par augmentation de son métabolisme hépatique par la rifampicine.,"Surveillance clinique et biologique régulière, notamment en début d'association."
EFAVIRENZ,VELPATASVIR,AD,"Risque de diminution des concentrations de velpatasvir/sofosbuvir, avec possible retentissement sur l'efficacité.",
EFAVIRENZ,VORICONAZOLE,AD,Risque de baisse de l'efficacité du voriconazole par augmentation de son métabolisme hépatique par l'efavirenz.,"Si l'association ne peut être évitée, surveillance clinique étroite et adaptation de la posologie du voriconazole et de l'éfavirenz pendant l'association."
ÉLIGLUSTAT,INHIBITEURS PUISSANTS DU CYP3A4,CI,"Chez les patients ayant un génotype de métaboliseurs lents du CYP2D6, risque de majoration des effets indésirables de l'éliglustat.",
ELTROMBOPAG,INHIBITEURS DE L'HMG-COA RÉDUCTASE (STATINES),PE,"Risque de majoration de la toxicité des statines, par inhibition de leur recapture hépatique.",Surveillance clinique et adaptation éventuelle de la posologie de la statine.
ELTROMBOPAG,OZANIMOD,AD,Risque d'augmentation des effets indésirables de l'ozanimod.,
ELVITÉGRAVIR,ESTROPROGESTATIFS CONTRACEPTIFS,PE,Diminution de l'efficacité contraceptive par augmentation du métabolisme hépatique du contraceptif hormonal par l'elvitégravir.,"Utiliser une méthode additionnelle de type mécanique (préservatif) pendant la durée de l'association, et un cycle suivant l'arrêt de l'elvitégravir."
ELVITÉGRAVIR,ITRACONAZOLE,PE,Augmentation des concentrations plasmatiques d'elvitegravir par diminution de son métabolisme par l'itraconazole.,"Avec l'elvitegravir co-administré avec le cobicistat, surveillance clinique. Limiter la dose maximale d'itraconazole à 200 mg/j."
ELVITÉGRAVIR,KETOCONAZOLE,PE,Augmentation des concentrations plasmatiques d'elvitegravir par diminution de son métabolisme par le kétoconazole.,"Avec l'elvitegravir co-administré avec le cobicistat, surveillance clinique. Limiter la dose maximale de kétoconazole à 200 mg/j."
ELVITÉGRAVIR,RIFABUTINE,APEC,Diminution des concentrations minimales d'elvitégravir.,
ENOXACINE,CAFEINE,AD,"Augmentation des concentrations plasmatiques de caféine, pouvant entraîner excitations et hallucinations, par diminution de son métabolisme hépatique.",
ENOXACINE,DULOXETINE,CI,Risque d'augmentation des effets indésirables de la duloxétine par diminution de son métabolisme hépatique par l'énoxacine.,
ENOXACINE,ROPINIROLE,PE,Augmentation des concentrations plasmatiques de ropinirole avec signes de surdosage par diminution de son métabolisme hépatique.,Surveillance clinique et réduction de la posologie du ropinirole pendant le traitement par l'énoxacine et après son arrêt.
ENOXACINE,"THÉOPHYLLINE (ET, PAR EXTRAPOLATION, AMINOPHYLLINE)",CI,Surdosage en théophylline par diminution importante de son métabolisme.,
ENTACAPONE,FER,PE,Diminution de l'absorption digestive de l'entacapone et du fer par chélation de celui-ci par l'entacapone.,Prendre les sels de fer à distance de l'entacapone (plus de 2 heures si possible).
ENZALUTAMIDE,GEMFIBROZIL,PE,Majoration de la fraction active de l'enzalutamide.,Réduire la dose d'enzalutamide de moitié en cas d'association au gemfibrozil.
EPLERENONE,ANTAGONISTES DES RÉCEPTEURS DE L'ANGIOTENSINE II,PE,"Majoration du risque d'hyperkaliémie, notamment chez le sujet âgé.",Contrôle strict de la kaliémie et de la fonction rénale pendant l'association.
EPLERENONE,INHIBITEURS DE L'ENZYME DE CONVERSION,PE,"Majoration du risque d'hyperkaliémie, notamment chez le sujet âgé.",Contrôle strict de la kaliémie et de la fonction rénale pendant l'association.
EPLERENONE,INHIBITEURS PUISSANTS DU CYP3A4,CI,"Risque d'augmentation des concentrations plasmatiques de l'éplérénone par l'inhibiteur et de ses effets indésirables, notamment l'hyperkaliémie.",
ERGOTAMINE,DALFOPRISTINE,CI,Ergotisme avec possibilité de nécrose des extrémités (inhibition du métabolisme hépatique de l'alcaloïde de l'ergot de seigle).,
ERGOTAMINE,DILTIAZEM,CI,Ergotisme avec possibilité de nécrose des extrémités (inhibition du métabolisme hépatique de l'alcaloïde de l'ergot de seigle).,
ERGOTAMINE,EFAVIRENZ,CI,Ergotisme avec possibilité de nécrose des extrémités (inhibition du métabolisme hépatique de l'alcaloïde de l'ergot de seigle).,
ERGOTAMINE,MACROLIDES (SAUF SPIRAMYCINE),CI,Ergotisme avec possibilité de nécrose des extrémités (diminution de l'élimination hépatique de l'ergotamine).,
ERGOTAMINE,OXPRENOLOL,PE,Ergotisme : quelques cas de spasme artériel avec ischémie des extrémités ont été observés (addition d'effets vasculaires).,"Surveillance clinique renforcée, en particulier pendant les premières semaines de l'association."
ERGOTAMINE,PROPRANOLOL,PE,Ergotisme : quelques cas de spasme artériel avec ischémie des extrémités ont été observés (addition d'effets vasculaires).,"Surveillance clinique renforcée, en particulier pendant les premières semaines de l'association."
ERGOTAMINE,QUINUPRISTINE,CI,Ergotisme avec possibilité de nécrose des extrémités (inhibition du métabolisme hépatique de l'alcaloïde de l'ergot de seigle).,
ERGOTAMINE,STIRIPENTOL,CI,Ergotisme avec possibilité de nécrose des extrémités (inhibition de l'élimination hépatique de l'alcaloïde de l'ergot de seigle).,
ERGOTAMINE,TRICLABENDAZOLE,CI,Ergotisme avec possibilité de nécrose des extrémités (inhibition du métabolisme hépatique de l'alcaloïde de l'ergot de seigle).,"Respecter un délai de 24 heures entre l'arrêt du triclabendazole et l'ergotamine, et inversement."
ERYTHROMYCINE,AFATINIB,PE,Augmentation des concentrations plasmatique d'afatinib par augmentation de son absorption par l'érythromycine.,"Il est recommandé d'administrer l'érythromycine le plus à distance possible de l'afatinib, en respectant de préférence un intervalle de 6 heures ou de 12 heures par rapport à la prise d'afatinib."
ERYTHROMYCINE,ALFENTANIL,PE,Augmentation de l'effet dépresseur respiratoire de l'analgésique opiacé par diminution de son métabolisme hépatique.,Adapter la posologie de l'alfentanil en cas de traitement par l'érythromycine.
ERYTHROMYCINE,ATORVASTATINE,PE,"Risque majoré d'effets indésirables (concentration-dépendants) à type de rhabdomyolyse, par diminution du métabolisme hépatique de l'hypocholesterolémiant.","Utiliser des doses plus faibles d'hypocholestérolémiant. Si l'objectif thérapeutique n'est pas atteint, utiliser une autre statine non concernée par ce type d'interaction."
ERYTHROMYCINE,BUSPIRONE,AD,"Augmentation des concentrations plasmatiques de la buspirone par diminution de son métabolisme hépatique, avec majoration importante de la sédation.",
ERYTHROMYCINE,CARBAMAZEPINE,AD,"Augmentation des concentrations plasmatiques de carbamazépine, avec signes de surdosage, par inhibition de son métabolisme hépatique.",
ERYTHROMYCINE,ÉDOXABAN,PE,"Augmentation des concentrations plasmatiques de l'édoxaban, avec majoration du risque de saignement.",Réduire la dose d'édoxaban de moitié.
ERYTHROMYCINE,FIDAXOMICINE,AD,Augmentation des concentrations plasmatiques de la fidaxomicine.,
ERYTHROMYCINE,GLIBENCLAMIDE,PE,Risque d'hypoglycémie par augmentation de l'absorption et des concentrations plasmatiques de l'antidiabétique.,"Prévenir le patient, renforcer l'autosurveillance glycémique et adapter éventuellement la posologie du sulfamide hypoglycémiant pendant le traitement par l'érythromycine."
ERYTHROMYCINE,GLIMEPIRIDE,PE,Risque d'hypoglycémie par augmentation de l'absorption et des concentrations plasmatiques de l'antidiabétique.,"Prévenir le patient, renforcer l'autosurveillance glycémique et adapter éventuellement la posologie du sulfamide hypoglycémiant pendant le traitement par l'érythromycine."
ERYTHROMYCINE,IMMUNOSUPPRESSEURS,AD,Augmentation très importante des concentrations sanguines de l'immunosuppresseur par inhibition de son métabolisme hépatique.,"En cas d'association, contrôle strict de la fonction rénale, dosage des concentrations sanguines de l'immunosuppresseur et adaptation éventuelle de la posologie."
ERYTHROMYCINE,NINTÉDANIB,PE,Augmentation des concentrations plasmatiques du nintédanib par augmentation de son absorption par l'érythromycine.,Surveillance clinique pendant l'association.
ERYTHROMYCINE,PRAVASTATINE,PE,Avec l'érythromycine utilisée par voie orale : augmentation de la concentration plasmatique de la pravastatine par l' érythromycine.,Surveillance clinique et biologique pendant le traitement par l'antibiotique.
ERYTHROMYCINE,TALAZOPARIB,PE,Augmentation des concentrations de talazoparib avec risque de majoration de la toxicité.,Réduire la dose de talazoparib.
ERYTHROMYCINE,"THÉOPHYLLINE (ET, PAR EXTRAPOLATION, AMINOPHYLLINE)",AD,"Surdosage en théophylline par diminution de son élimination hépatique, plus particulièrement à risque chez l'enfant.",
ERYTHROMYCINE,VENLAFAXINE,APEC,Augmentation des concentrations de venlafaxine avec risque de surdosage.,
ERYTHROMYCINE,VERAPAMIL,PE,"Bradycardie et/ou troubles de la conduction auriculo-ventriculaire, par diminution du métabolisme hépatique du vérapamil par l'érythromycine.","Surveillance clinique et ECG ; s'il y a lieu, adaptation de la posologie du vérapamil pendant le traitement par l'érythromycine et après son arrêt."
ESCITALOPRAM,ESOMEPRAZOLE,PE,"Risque majoré de troubles du rythme ventriculaire, notamment de torsades de pointes.",Surveillance clinique et électrocardiographique pendant l'association.
ESCITALOPRAM,OMEPRAZOLE,PE,"Risque majoré de troubles du rythme ventriculaire, notamment de torsades de pointes.",Surveillance clinique et électrocardiographique pendant l'association.
ESMOLOL,AMIODARONE,PE,"Troubles de la contractilité, de l'automatisme et de la conduction (suppression des mécanismes sympathiques compensateurs).",Surveillance clinique et ECG.
ESMOLOL,ANTIARYTHMIQUES CLASSE IA,PE,"Troubles de la contractilité, de l'automatisme et de la conduction (suppression des mécanismes sympathiques compensateurs).",Surveillance clinique et ECG.
ESMOLOL,DILTIAZEM,PE,"Troubles de l'automatisme (bradycardie excessive, arrêt sinusal), troubles de la conduction sino-auriculaire et auriculo-ventriculaire et défaillance cardiaque.",ASDEC - PE Association déconseillée : - en cas d'altération de la fonction ventriculaire gauche. : - si la fonction ventriculaire gauche est normale. Surveillance clinique et ECG.
ESMOLOL,PROPAFENONE,PE,"Troubles de la contractilité, de l'automatisme et de la conduction (suppression des mécanismes sympathiques compensateurs).",Surveillance clinique et ECG.
ESMOLOL,VERAPAMIL,PE,"Troubles de l'automatisme (bradycardie excessive, arrêt sinusal), troubles de la conduction sino-auriculaire et auriculo-ventriculaire et défaillance cardiaque.",ASDEC - PE Association déconseillée : - en cas d'altération de la fonction ventriculaire gauche. : - si la fonction ventriculaire gauche est normale. Surveillance clinique et ECG.
ESOMEPRAZOLE,ESCITALOPRAM,PE,"Risque majoré de troubles du rythme ventriculaire, notamment de torsades de pointes.",Surveillance clinique et électrocardiographique pendant l'association.
ESTRAMUSTINE,ACIDE CLODRONIQUE,PE,Risque d'augmentation des concentrations plasmatiques d'estramustine par le clodronate.,Surveillance clinique au cours de l'association.
ESTRAMUSTINE,CALCIUM,PE,Diminution de l'absorption digestive de l'estramustine.,"Prendre les sels de calcium à distance de l'estramustine (plus de 2 heures, si possible)."
ESTRAMUSTINE,INHIBITEURS DE L'ENZYME DE CONVERSION,AD,Risque de majoration des effets indésirables à type d'oedème angio-neurotique (angio-oedème).,
ESTROGÈNES NON CONTRACEPTIFS,HORMONES THYROÏDIENNES,PE,Risque d'hypothyroïdie clinique en cas d'estrogénothérapie substitutive.,Surveillance clinique et biologique ; adaptation éventuelle des doses de l'hormone thyroïdienne chez les femmes ménopausées prenant des estrogènes.
ESTROGÈNES NON CONTRACEPTIFS,INDUCTEURS ENZYMATIQUES PUISSANTS,PE,Diminution de l'efficacité de l'estrogène.,Surveillance clinique et adaptation éventuelle de la posologie du traitement hormonal pendant l'administration de l'inducteur et après son arrêt.
ESTROGÈNES NON CONTRACEPTIFS,OXCARBAZEPINE,PE,"Risque de diminution de l'efficacité du traitement hormonal, par augmentation de son métabolisme hépatique par l'oxcarbazépine.",Surveillance clinique et adaptation éventuelle de la posologie du traitement hormonal pendant le traitement par l'oxcarbazépine et après son arrêt.
ESTROPROGESTATIFS CONTRACEPTIFS,APREPITANT,PE,Diminution de l'efficacité contraceptive par augmentation du métabolisme hépatique du contraceptif hormonal par l'aprépitant.,"Utiliser une méthode additionnelle de type mécanique (préservatif) pendant la durée de l'association, et un cycle suivant l'arrêt de l'aprépitant."
ESTROPROGESTATIFS CONTRACEPTIFS,BOSENTAN,PE,Diminution de l'efficacité contraceptive par augmentation du métabolisme hépatique du contraceptif hormonal par le bosentan.,"Utiliser une méthode additionnelle de type mécanique (préservatif) pendant la durée de l'association, et un cycle suivant l'arrêt du bosentan."
ESTROPROGESTATIFS CONTRACEPTIFS,ELVITÉGRAVIR,PE,Diminution de l'efficacité contraceptive par augmentation du métabolisme hépatique du contraceptif hormonal par l'elvitégravir.,"Utiliser une méthode additionnelle de type mécanique (préservatif) pendant la durée de l'association, et un cycle suivant l'arrêt de l'elvitégravir."
ESTROPROGESTATIFS CONTRACEPTIFS,FELBAMATE,PE,"Risque de diminution de l'efficacité contraceptive, pendant le traitement et un cycle après l'arrêt du traitement par le felbamate, en raison de son potentiel inducteur enzymatique.","Utiliser une méthode additionnelle de type mécanique (préservatif) pendant la durée de l'association, et un cycle suivant l'arrêt du felbamate."
ESTROPROGESTATIFS CONTRACEPTIFS,GRISEOFULVINE,PE,Diminution de l'efficacité contraceptive par augmentation du métabolisme hépatique du contraceptif hormonal par la griséofulvine.,"Utiliser une méthode additionnelle de type mécanique (préservatif) pendant la durée de l'association, et un cycle suivant l'arrêt de de la griséofulvine."
ESTROPROGESTATIFS CONTRACEPTIFS,INDUCTEURS ENZYMATIQUES,AD,"Diminution de l'efficacité contraceptive, par augmentation du métabolisme hépatique du contraceptif hormonal par l'inducteur.","Utiliser une méthode additionnelle de type mécanique (préservatif) pendant la durée de l'association, et un cycle suivant l'arrêt de l'inducteur."
ESTROPROGESTATIFS CONTRACEPTIFS,INHIBITEURS DE PROTÉASES BOOSTÉS PAR RITONAVIR,AD,"Risque de diminution de l'efficacité contraceptive par diminution des concentrations en contraceptif hormonal, dûe à l'augmentation de son métabolisme hépatique par le ritonavir.","Utiliser une méthode additionnelle de type mécanique (préservatif) pendant la durée de l'association, et un cycle suivant l'arrêt du ritonavir."
ESTROPROGESTATIFS CONTRACEPTIFS,LAMOTRIGINE,PE,Diminution des concentrations et de l'efficacité de la lamotrigine par augmentation de son métabolisme hépatique.,ASDEC - PE Association déconseillée: - Eviter de mettre en route une contraception orale pendant la période d'ajustement posologique de la lamotrigine. : - Surveillance clinique et adaptation de la posologie de la lamotrigine lors de la mise en route d'une contraception orale et après son arrêt.
ESTROPROGESTATIFS CONTRACEPTIFS,MILLEPERTUIS,CI,"Diminution des concentrations plasmatiques du contraceptif hormonal, en raison de l'effet inducteur enzymatique du millepertuis, avec risque de baisse d'efficacité voire d'annulation de l'effet dont les conséquences peuvent être éventuellement graves (survenue d'une grossesse).",
ESTROPROGESTATIFS CONTRACEPTIFS,MODAFINIL,AD,"Risque de diminution de l'efficacité contraceptive, pendant le traitement et un cycle après l'arrêt du traitement par le modafinil, en raison de son potentiel inducteur enzymatique.","Utiliser une méthode additionnelle de type mécanique (préservatif) pendant la durée de l'association, et un cycle suivant l'arrêt du modafinil."
ESTROPROGESTATIFS CONTRACEPTIFS,RUFINAMIDE,PE,Diminution de l'efficacité contraceptive par augmentation du métabolisme hépatique du contraceptif hormonal par le rufinamide.,"Utiliser une méthode additionnelle de type mécanique (préservatif) pendant la durée de l'association, et un cycle suivant l'arrêt du rufinamide."
ESTROPROGESTATIFS CONTRACEPTIFS,TOPIRAMATE,AD,Pour des doses de topiramate >= 200 mg/jour : Risque de diminution de l'efficacité contraceptive par diminution des concentrations en estrogène.,"Si l'association s'avère nécessaire, utiliser une méthode additionnel de type mécanique pendant la durée de l'association et un cycle suivant l'arrêt du topiramate."
ESTROPROGESTATIFS CONTRACEPTIFS,VÉMURAFÉNIB,AD,"Risque de diminution des concentrations des estroprogestatifs, avec pour conséquence un risque d'inefficacité.",
ESZOPICLONE,INHIBITEURS PUISSANTS DU CYP3A4,PE,Augmentation de l'effet sédatif de l'eszopiclone.,"CI - PE Contre-indication - chez les patients âgés En cas d'association chez les sujets non âgés, une réduction de la dose d'eszopiclone peut être nécessaire."
ESZOPICLONE,RIFAMPICINE,PE,Risque de diminution des concentrations plasmatiques et de l'efficacité de l'eszopiclone par augmentation de son métabolisme hépatique par la rifampicine.,Surveillance clinique. Utiliser éventuellement un autre hypnotique.
ETANERCEPT,ANAKINRA,AD,Risque accru d'infections graves et de neutropénies.,
ÉTELCALCÉTIDE,CINACALCET,AD,Risque d'hypocalcémie sévère.,
ETHINYLESTRADIOL,DASABUVIR,CI,Augmentation de l'hépatotoxicité.,
ETHINYLESTRADIOL,GLÉCAPRÉVIR + PIBRENTASVIR,CI,Augmentation de l'hépatotoxicité avec la bithérapie.,
ETHINYLESTRADIOL,OMBITASVIR + PARITAPRÉVIR,CI,Augmentation de l'hépatotoxicité.,
ETHOSUXIMIDE,CARBAMAZEPINE,PE,Diminution des concentrations plasmatiques d'éthosuximide.,"Surveillance clinique, dosage plasmatique de l'éthosuximide et augmentation éventuelle de sa posologie."
ETOPOSIDE,INDUCTEURS ENZYMATIQUES,AD,Diminution des concentrations plasmatiques d'étoposide par l'inducteur.,"Si l'association s'avère nécessaire, surveillance clinique et adaptation éventuelle de la posologie d'étoposide pendant l'association, et 1 à 2 semaines après l'arrêt de l'inducteur."
ETOPOSIDE,MILLEPERTUIS,CI,Risque de diminution des concentrations plasmatiques d'étoposide par le millepertuis.,
ETRAVIRINE,ATAZANAVIR,AD,Risque de diminution des concentrations plasmatiques d'atazanavir par l'étravirine.,
ETRAVIRINE,CLARITHROMYCINE,APEC,"Dans le traitement des infections à Mycobacterium avium complex, risque de diminution de l'efficacité de la clarithromycine par augmentation de son métabolisme hépatique par l'étravirine.",
ETRAVIRINE,COBICISTAT,AD,Risque de diminution des concentrations plasmatiques du cobicistat par l'étravirine.,
ETRAVIRINE,DARUNAVIR,AD,Risque de diminution des concentrations plasmatiques du darunavir par l'étravirine.,
ETRAVIRINE,GRAZOPREVIR + ELBASVIR,CI,Risque de diminution des concentrations plasmatiques de grazoprevir/elbasvir par l'étravirine.,
EVEROLIMUS,CICLOSPORINE,PE,Augmentation des concentrations sanguines de l'évérolimus par la ciclosporine. La néphrotoxicité de la ciclosporine est également augmentée lors de l'association.,"Dosage des concentrations sanguines d'évérolimus, éventuellement adaptation de la posologie et contrôle de la fonction rénale, pendant l'association et après son arrêt."
EVEROLIMUS,OMBITASVIR + PARITAPRÉVIR,AD,En association avec le ritonavir : augmentation significative des concentrations de l'immunosuppresseur avec risque de majoration de sa toxicité par la bithérapie.,"Si l'association s'avère nécessaire, contrôle strict de la fonction rénale, dosage des concentrations sanguines de l'immunosuppresseur et adaptation éventuelle de la posologie."
EVEROLIMUS,VERAPAMIL,PE,Augmentation des concentrations sanguines de l'évérolimus par diminution de son métabolisme hépatique par le vérapamil.,"Dosage des concentrations sanguines de l'immunosuppresseur, contrôle de la fonction rénale et adaptation de la posologie pendant l'association et après son arrêt."
EXEMESTANE,RIFAMPICINE,APEC,Risque de diminution de l'efficacité de l'exemestane par augmentation de son métabolisme hépatique par l'inducteur enzymatique.,
EZETIMIBE,CICLOSPORINE,AD,"D'une part, risque majoré d'effets indésirables (concentration- dépendants) à type de rhabdomyolyse, par augmentation des concentrations d'ézétimibe ; d'autre part, possible augmentation des concentrations de ciclosporine.",
EZETIMIBE,FENOFIBRATE,AD,Risque de lithiase biliaire par augmentation de l'excrétion biliaire du cholestérol.,
FELBAMATE,CARBAMAZEPINE,PE,"Augmentation des concentrations plasmatiques du métabolite actif de la carbamazépine. De plus, diminution des concentrations plasmatiques de felbamate par augmentation de son métabolisme hépatique par la carbamazépine.","Surveillance clinique, dosages plasmatiques et adaptation éventuelle des posologies des deux anticonvulsivants."
FELBAMATE,ESTROPROGESTATIFS CONTRACEPTIFS,PE,"Risque de diminution de l'efficacité contraceptive, pendant le traitement et un cycle après l'arrêt du traitement par le felbamate, en raison de son potentiel inducteur enzymatique.","Utiliser une méthode additionnelle de type mécanique (préservatif) pendant la durée de l'association, et un cycle suivant l'arrêt du felbamate."
FELBAMATE,"PHÉNOBARBITAL (ET, PAR EXTRAPOLATION, PRIMIDONE)",PE,"Diminution des concentrations plasmatiques et de l'efficacité du felbamate et augmentation des concentrations plasmatiques du phénobarbital, avec risque de surdosage.",Surveillance clinique et contrôle des concentrations plasmatiques de phénobarbital avec adaptation de la posologie si besoin.
FELBAMATE,"PHÉNYTOÏNE (ET, PAR EXTRAPOLATION, FOSPHÉNYTOÏNE)",PE,"Augmentation des concentrations plasmatiques de phénytoïne avec risque de surdosage, par inhibition de son métabolisme par le felbamate.","Surveillance clinique, contrôle des concentrations plasmatiques de phénytoïne et si besoin, adaptation de sa posologie pendant le traitement par le felbamate."
FELBAMATE,"VALPROÏQUE (ACIDE) ET, PAR EXTRAPOLATION, VALPROMIDE",PE,"Augmentation des concentrations plasmatiques de l'acide valproïque, avec risque de surdosage.","Surveillance clinique, contrôle biologique et adaptation éventuelle de la posologie du valproate ou du valpromide pendant le traitement par le felbamate et après son arrêt."
FENOFIBRATE,CICLOSPORINE,PE,Risque d'augmentation de la néphrotoxicité de la ciclosporine.,"Surveillance clinique et biologique de la fonction rénale, pendant et après l'association."
FENOFIBRATE,EZETIMIBE,AD,Risque de lithiase biliaire par augmentation de l'excrétion biliaire du cholestérol.,
FENTANYL,INDUCTEURS ENZYMATIQUES PUISSANTS,AD,Diminution des concentrations plasmatiques de fentanyl par augmentation de son métabolisme hépatique par l'inducteur.,Préférer un autre morphinique.
FENTANYL,INHIBITEURS PUISSANTS DU CYP3A4,PE,Risque d'augmentation de l'effet dépresseur respiratoire de l'analgésique opiacé par légère diminution de son métabolisme hépatique.,Surveillance clinique et adaptation éventuelle de la posologie de l'analgésique opiacé en cas de traitement par un inhibiteur puissant du CYP3A4.
FENTANYL,RIFAMPICINE,AD,Diminution des concentrations plasmatiques de fentanyl par augmentation de son métabolisme hépatique par la rifampicine.,Préférer un autre morphinique.
FER,SELS DE FER PAR VOIE INJECTABLE,AD,"Lipothymie, voire choc attribué à la libération rapide du fer de sa forme complexe et à la saturation de la sidérophiline.",
FER,ACIDE ACETOHYDROXAMIQUE,APEC,Diminution de l'absorption digestive de ces deux médicaments par chélation du fer.,
FER,BICTÉGRAVIR,PE,Diminution de près des deux tiers de l'absorption du bictégravir en cas d'ingestion simultanée ou à jeun.,"Prendre le bictégravir au moins 2 heures avant les sels de fer, ou en même temps qu'un repas."
FER,BISPHOSPHONATES,PE,Pour les sels de fer administrés par voie orale : diminution de l'absorption digestive des bisphosphonates.,"Prendre les sels de fer à distance des bisphosphonates (de 30 minutes au minimum à plus de 2 heures, si possible, selon le bisphosphonate)."
FER,CALCIUM,PE,Avec les sels de fer par voie orale : diminution de l'absorption digestive des sels de fer.,Prendre les sels de fer à distance des repas et en l'absence de calcium.
FER,CYCLINES,PE,Diminution de l'absorption digestive des cyclines et du fer,"Prendre les sels de fer à distance des cyclines (plus de 2 heures, si possible)."
FER,ENTACAPONE,PE,Diminution de l'absorption digestive de l'entacapone et du fer par chélation de celui-ci par l'entacapone.,Prendre les sels de fer à distance de l'entacapone (plus de 2 heures si possible).
FER,FLUOROQUINOLONES,PE,Diminution de l'absorption digestive des fluoroquinolones.,"Prendre les sels de fer à distance des fluoroquinolones (plus de 2 heures, si possible)."
FER,HORMONES THYROÏDIENNES,PE,Diminution de l'absorption digestive des hormones thyroïdiennes.,"Prendre les hormones thyroïdiennes à distance du fer (plus de 2 heures, si possible)."
FER,INHIBITEURS D'INTÉGRASE,PE,Diminution de l'absorption digestive des inhibiteurs d'intégrase.,"Prendre les sels de fer à distance de l'antirétroviral (plus de 2 heures, si possible)."
FER,LEVODOPA,PE,Diminution de l'absorption digestive de la lévodopa.,Prendre les sels de fer à distance de la lévodopa (plus de 2 heures si possible).
FER,METHYLDOPA,PE,Diminution de l'absorption digestive de la méthyldopa (formation de complexes).,"Prendre les sels de fer à distance de la méthyldopa (plus de deux heures, si possible)."
FER,PENICILLAMINE,PE,Diminution de l'absorption digestive de la pénicillamine.,"Prendre les sels de fer à distance de la pénicillamine (plus de 2 heures, si possible)."
FER,ROXADUSTAT,PE,"La prise de cation divalent peut diminuer l'absorption intestinale et, potentiellement, l'efficacité du roxadustat pris simultanément.","Prendre le roxadustat à distance des sels de fer (plus de 1 heure, si possible)."
FER,STRONTIUM,PE,Diminution de l'absorption digestive du strontium.,"Prendre le strontium à distance des sels de fer (plus de deux heures, si possible)."
FER,TRIENTINE,PE,Diminution des concentrations de fer sérique.,Prendre la trientine à distance des sels de fer.
FER,ZINC,PE,Diminution de l'absorption digestive du zinc par le fer.,Prendre les sels de fer à distance du zinc (plus de 2 heures si possible).
FEXOFENADINE,MILLEPERTUIS,CI,Diminution des concentrations plasmatiques de la féxofénadine par le millepertuis.,
FIBRATES,FIBRATES (AUTRES),CI,Risque majoré d'effets indésirables à type de rhabdomyolyse et d'antagonisme pharmacodynamique entre les deux molécules.,
FIBRATES,ANTIVITAMINES K,PE,Augmentation de l'effet de l'antivitamine K et du risque hémorragique.,Contrôle plus fréquent de l'INR. Adaptation éventuelle de la posologie de l'antivitamine K pendant le traitement par le fibrate et 8 jours après son arrêt.
FIBRATES,COLCHICINE,PE,"Risque de majoration des effets indésirables musculaires de ces substances, et notamment de rhabdomyolyse.","Surveillance clinique et biologique, particulièrement au début de l'association."
FIDAXOMICINE,AMIODARONE,AD,Augmentation des concentrations plasmatiques de la fidaxomicine.,
FIDAXOMICINE,CICLOSPORINE,AD,Augmentation des concentrations plasmatiques de la fidaxomicine.,
FIDAXOMICINE,CLARITHROMYCINE,AD,Augmentation des concentrations plasmatiques de la fidaxomicine.,
FIDAXOMICINE,DRONEDARONE,AD,Augmentation des concentrations plasmatiques de la fidaxomicine.,
FIDAXOMICINE,ERYTHROMYCINE,AD,Augmentation des concentrations plasmatiques de la fidaxomicine.,
FIDAXOMICINE,KETOCONAZOLE,AD,Augmentation des concentrations plasmatiques de la fidaxomicine.,
FIDAXOMICINE,VERAPAMIL,AD,Augmentation des concentrations plasmatiques de la fidaxomicine.,
FINGOLIMOD,BRADYCARDISANTS,AD,Potentialisation des effets bradycardisants pouvant avoir des conséquences fatales. Les bêta-bloquants sont d'autant plus à risque qu'ils empêchent les mécanismes de compensation adrénergique.,"Surveillance clinique et ECG continu pendant les 6 heures suivant la première dose voire 2 heures de plus, jusqu'au lendemain si nécessaire."
FLUCLOXACILLINE,PARACETAMOL,AD,"Risque accru d'acidose métabolique à trou anionique élevé, notamment en cas d'insuffisance rénale sévère, de sepsis, de facteurs prédisposant à la déplétion en glutathion (malnutrition, alcoolisme chronique…), ainsi qu'en cas d'utilisation de paracétamol aux doses quotidiennes maximales.","Si l'association ne peut être évitée, surveillance étroite avec mesure de la 5-oxoproline urinaire."
FLUCLOXACILLINE,VORICONAZOLE,AD,"Diminution des concentrations de voriconazole, avec risque d'inefficacité de l'antifongique azolé.",
FLUCONAZOLE,ABROCITINIB,PE,Risque de majoration des effets indésirables de l'abrocitinib par diminution de son métabolisme.,Réduire la posologie de l'abrocitinib de moitié en cas de traitement par le fluconazole.
FLUCONAZOLE,ALFENTANIL,PE,Augmentation de l'effet dépresseur respiratoire de l'analgésique opiacé par diminution de son métabolisme hépatique.,Adapter la posologie de l'alfentanil en cas de traitement par le fluconazole.
FLUCONAZOLE,AMIODARONE,PE,Risque d'allongement de l'intervalle QT.,"Surveillance clinique, particulièrement aux fortes doses de fluconazole (800 mg/j)."
FLUCONAZOLE,ANTIVITAMINES K,PE,Augmentation de l'effet de l'antivitamine K et du risque hémorragique.,Contrôle plus fréquent de l'INR. Adaptation éventuelle de la posologie de l'antivitamine K pendant le traitement par le fluconazole et 8 jours après son arrêt.
FLUCONAZOLE,APIXABAN,AD,"Augmentation des concentrations plasmatiques de l'apixaban par le fluconazole, avec majoration du risque de saignement.",
FLUCONAZOLE,ATORVASTATINE,PE,Risque majoré d'effets indésirables concentration-dépendants à type de rhabdomyolyse (diminution du métabolisme hépatique de la statine).,"Utiliser des doses plus faibles de l'hypocholestérolémiant. Si l'objectif thérapeutique n'est pas atteint, utiliser une autre statine non concernée par ce type d'interaction."
FLUCONAZOLE,CARBAMAZEPINE,PE,Pour des doses de fluconazole >= 200 mg par jour : augmentation possible des effets indésirables de la carbamazépine.,"Adapter la posologie de carbamazépine, pendant et après l'arrêt du traitement antifongique."
FLUCONAZOLE,COLCHICINE,AD,"Augmentation des effets indésirables de la colchicine, aux conséquences potentiellement fatales.",
FLUCONAZOLE,DOMPERIDONE,CI,"Risque de troubles du rythme ventriculaire, notamment de torsades de pointes.",
FLUCONAZOLE,HALOFANTRINE,AD,"Risque majoré de troubles du rythme ventriculaires, notamment de torsades de pointes.","Si cela est possible, interrompre le fluconazole. Si l'association ne peut être évitée, contrôle préalable du QT et surveillance ECG monitorée."
FLUCONAZOLE,IBRUTINIB,AD,Risque d'augmentation des concentrations plasmatiques d'ibrutinib par diminution de son métabolisme hépatique par le fluconazole.,"Si l'association ne peut être évitée, surveillance clinique étroite et réduction de la dose d'ibrutinib à 280 mg par jour pendant la durée de l'association."
FLUCONAZOLE,IMMUNOSUPPRESSEURS,PE,Risque d'augmentation des concentrations sanguines de l'immunosuppresseur par inhibition de son métabolisme et de la créatininémie.,"Dosage des concentrations sanguines de l'immunosuppresseur, contrôle de la fonction rénale et adaptation de sa posologie pendant l'association et après son arrêt."
FLUCONAZOLE,IVACAFTOR (SEUL OU ASSOCIÉ),PE,"Augmentation des concentrations d'ivacaftor, avec risque de majoration des effets indésirables.",Se référer à l'AMM pour les adaptations posologiques.
FLUCONAZOLE,LOSARTAN,APEC,"Risque de diminution de l'efficacité du losartan, par inhibition de la formation de son métabolite actif par le fluconazole.",
FLUCONAZOLE,MIDAZOLAM,PE,"Augmentation des concentrations plasmatiques de midazolam par diminution de son métabolisme hépatique, avec majoration de la sédation.",Surveillance clinique et réduction de la posologie de midazolam en cas de traitement par le fluconazole.
FLUCONAZOLE,NEVIRAPINE,PE,Doublement des concentrations de névirapine avec risque d'augmentation de ses effets indésirables.,Surveillance clinique et adaptation éventuelle de la posologie de la névirapine.
FLUCONAZOLE,OLAPARIB,AD,Augmentation des concentrations plasmatiques d'olaparib par le fluconazole.,"Si l'association ne peut être évitée, limiter la dose d'olaparib à 200 mg deux fois par jour."
FLUCONAZOLE,OXYCODONE,AD,"Majoration des effets indésirables, notamment respiratoires, de l'oxycodone par diminution de son métabolisme hépatique par le fluconazole.",
FLUCONAZOLE,"PHÉNYTOÏNE (ET, PAR EXTRAPOLATION, FOSPHÉNYTOÏNE)",PE,Augmentation des concentrations plasmatiques de phénytoïne pouvant atteindre des valeurs toxiques. Mécanisme invoqué : inhibition du métabolisme hépatique de la phénytoïne.,Surveillance clinique et biologique étroite.
FLUCONAZOLE,PIMOZIDE,CI,"Risque majoré de troubles du rythme ventriculaire, notamment de torsades de pointes.",
FLUCONAZOLE,RIFABUTINE,PE,"Risque d'accroissement des effets indésirables de la rifabutine (uvéites), par augmentation de ses concentrations et de celles de son métabolite actif.","Surveillance clinique et biologique régulière, notamment en début d'association."
FLUCONAZOLE,RIFAMPICINE,AD,Diminution des concentrations plasmatiques et de l'efficacité du fluconazole par augmentation de son métabolisme par la rifampicine.,
FLUCONAZOLE,RIVAROXABAN,AD,"Augmentation des concentrations plasmatiques du rivaroxaban par le fluconazole, avec majoration du risque de saignement.",
FLUCONAZOLE,SIMVASTATINE,PE,Risque majoré d'effets indésirables concentration-dépendants à type de rhabdomyolyse (diminution du métabolisme hépatique de la simvastatine).,"Ne pas dépasser la posologie de 20 mg/j de simvastatine. Si l'objectif thérapeutique n'est pas atteint, utiliser une autre statine non concernée par ce type d'interaction."
FLUCONAZOLE,SULFAMIDES HYPOGLYCÉMIANTS,PE,Augmentation du temps de demi-vie du sulfamide avec survenue possible de manifestations d'hypoglycémie.,"Prévenir le patient, renforcer l'autosurveillance glycémique et adapter éventuellement la posologie du sulfamide pendant le traitement par le fluconazole."
FLUCONAZOLE,"THÉOPHYLLINE (ET, PAR EXTRAPOLATION, AMINOPHYLLINE)",PE,Augmentation de la théophyllinémie avec risque de surdosage (diminution de la clairance de la théophylline).,"Surveillance clinique et éventuellement de la théophyllinémie ; s'il y a lieu, adaptation de la posologie de la théophylline pendant le traitement par le fluconazole et après son arrêt."
FLUCONAZOLE,TOLVAPTAN,PE,"Augmentation des concentrations de tolvaptan, avec risque de majoration importante des effets indésirables, notamment diurèse importante, déshydratation, insuffisance rénale aiguë.",Réduire la posologie de tolvaptan de moitié.
FLUCONAZOLE,VINCA-ALCALOÏDES CYTOTOXIQUES,PE,Risque de majoration de la toxicité de l'antimitotique par diminution de son métabolisme hépatique par le fluconazole.,Surveillance clinique et biologique étroite pendant l'association.
FLUCYTOSINE,CYTOTOXIQUES,APEC,Risque de majoration de la toxicité hématologique,
FLUCYTOSINE,GANCICLOVIR,APEC,Risque de majoration de la toxicité hématologique.,
FLUCYTOSINE,IMMUNOSUPPRESSEURS,APEC,Risque de majoration de la toxicité hématologique.,
FLUCYTOSINE,VALGANCICLOVIR,APEC,Risque de majoration de la toxicité hématologique.,
FLUCYTOSINE,ZIDOVUDINE,PE,Augmentation de la toxicité hématologique (addition d'effets de toxicité médullaire).,Contrôle plus fréquent de l'hémogramme.
FLUDARABINE,PENTOSTATINE,AD,Majoration du risque de toxicité pulmonaire pouvant être fatale.,
FLUOROQUINOLONES,ANTIVITAMINES K,PE,Augmentation de l'effet de l'antivitamine K et du risque hémorragique.,Contrôle plus fréquent de l'INR. Adaptation éventuelle de la posologie de l'antivitamine K pendant le traitement par la fluoroquinolone et après son arrêt.
FLUOROQUINOLONES,FER,PE,Diminution de l'absorption digestive des fluoroquinolones.,"Prendre les sels de fer à distance des fluoroquinolones (plus de 2 heures, si possible)."
FLUOROQUINOLONES,GLUCOCORTICOÏDES (SAUF HYDROCORTISONE),APEC,"Possible majoration du risque de tendinopathie, voire de rupture tendineuse (exceptionnelle), particulièrement chez les patients recevant une corticothérapie prolongée.",
FLUOROQUINOLONES,MYCOPHENOLATE MOFETIL,APEC,"Diminution des concentrations de l'acide mycophénolique d'environ un tiers, avec risque potentiel de baisse d'efficacité.",
FLUOROQUINOLONES,STRONTIUM,PE,Diminution de l'absorption digestive du strontium.,"Prendre le strontium à distance des fluoroquinolones (plus de deux heures, si possible)."
FLUOROQUINOLONES,SUCRALFATE,PE,Diminution de l'absorption digestive des fluoroquinolones.,"Prendre le sucralfate à distance des fluoroquinolones (plus de 2 heures, si possible)."
FLUOROQUINOLONES,ZINC,PE,Diminution de l'absorption digestive des fluoroquinolones.,"Prendre les sels de zinc à distance des fluoroquinolones (plus de 2 heures, si possible)."
"FLUOROURACILE (ET, PAR EXTRAPOLATION, AUTRES FLUOROPYRIMIDINES)",ACIDE FOLINIQUE,APEC,"Potentialisation des effets, à la fois cytostatiques et indésirables, du fluoro-uracile.",
"FLUOROURACILE (ET, PAR EXTRAPOLATION, AUTRES FLUOROPYRIMIDINES)",ANTIVITAMINES K,AD,Augmentation importante de l'effet de l'antivitamine K et du risque hémorragique.,"Si elle ne peut être évitée, contrôle plus fréquent de l'INR. Adaptation de la posologie de l'antivitamine K pendant le traitement par le cytotoxique et 8 jours après son arrêt."
"FLUOROURACILE (ET, PAR EXTRAPOLATION, AUTRES FLUOROPYRIMIDINES)",INTERFERON ALFA,APEC,Augmentation de la toxicité gastro-intestinale du fluorouracile.,
"FLUOROURACILE (ET, PAR EXTRAPOLATION, AUTRES FLUOROPYRIMIDINES)",METRONIDAZOLE,APEC,Augmentation de la toxicité du fluoro-uracile par diminution de sa clairance.,
"FLUOROURACILE (ET, PAR EXTRAPOLATION, AUTRES FLUOROPYRIMIDINES)",ORNIDAZOLE,APEC,Augmentation de la toxicité du fluoro-uracile par diminution de sa clairance.,
FLUOXETINE,CARBAMAZEPINE,PE,Augmentation des concentrations plasmatiques de carbamazépine avec signes de surdosage.,"Surveillance clinique, contrôle des concentrations plasmatiques de carbamazépine et réduction éventuelle de la posologie de la carbamazépine pendant le traitement par l'antidépresseur sérotoninergique et après son arrêt."
FLUOXETINE,CODEINE,AD,Diminution de l'efficacité de l'opiacé par inhibition de son métabolisme par l'inhibiteur.,
FLUOXETINE,MEQUITAZINE,AD,"Risque de majoration des effets indésirables de la méquitazine, par inhibition de son métabolisme par l'inhibiteur enzymatique.",
FLUOXETINE,METOPROLOL,PE,"Risque de majoration des effets indésirables du métoprolol, avec notamment bradycardie excessive, par inhibition de son métabolisme par la fluoxétine.","Surveillance clinique accrue ; si besoin, adaptation de la posologie du métoprolol pendant la durée du traitement par la fluoxétine et après son arrêt."
FLUOXETINE,NEBIVOLOL,PE,"Risque de majoration des effets indésirables du nébivolol avec notamment bradycardie excessive, par inhibition de son métabolisme par l'antidépresseur.","Surveillance clinique accrue ; si besoin, adaptation de la posologie du nébivolol pendant la durée du traitement par l'antidépresseur et après son arrêt."
FLUOXETINE,"PHÉNYTOÏNE (ET, PAR EXTRAPOLATION, FOSPHÉNYTOÏNE)",PE,"Augmentation des concentrations plasmatiques de phénytoïne avec signes de surdosage, par inhibition du métabolisme de la phénytoïne.","Surveillance clinique et éventuellement contrôle des concentrations plasmatiques de phénytoïne. Si besoin, adaptation posologique pendant le traitement par la fluoxétine et après son arrêt."
FLUOXETINE,PIMOZIDE,CI,"Risque majoré de troubles du rythme ventriculaire, notamment de torsades de pointes.",
FLUOXETINE,RISPERIDONE,PE,"Augmentation de la fraction active de la rispéridone par diminution de son métabolisme hépatique par la fluoxétine, avec risque de majoration des effets indésirables.","Surveillance clinique et, si besoin, adaptation posologique de la rispéridone."
FLUOXETINE,TAMOXIFENE,AD,"Baisse de l'efficacité du tamoxifène, par inhibition de la formation de son métabolite actif par la fluoxétine.",
FLUOXETINE,TETRABENAZINE,CI,Augmentation possiblement très importante de l'exposition des métabolites actifs de la tétrabénazine.,
FLUOXETINE,TRAMADOL,AD,Diminution de l'efficacité de l'opiacé par inhibition de son métabolisme par l'inhibiteur.,
FLUVASTATINE,CICLOSPORINE,PE,"Augmentation modérée des concentrations de fluvastatine, avec risque musculaire non exclu.",Surveillance clinique et biologique pendant l'association.
FLUVOXAMINE,ABROCITINIB,PE,Risque de majoration des effets indésirables de l'abrocitinib par diminution de son métabolisme.,Réduire la posologie de l'abrocitinib de moitié en cas de traitement par la fluvoxamine.
FLUVOXAMINE,AGOMELATINE,CI,"Augmentation des concentrations d'agomélatine, avec risque de majoration des effets indésirables.",
FLUVOXAMINE,CARBAMAZEPINE,PE,Augmentation des concentrations plasmatiques de carbamazépine avec signes de surdosage.,"Surveillance clinique, contrôle des concentrations plasmatiques de carbamazépine et réduction éventuelle de la posologie de la carbamazépine pendant le traitement par l'antidépresseur sérotoninergique et après son arrêt."
FLUVOXAMINE,CLOZAPINE,PE,Augmentation des concentrations plasmatiques de clozapine avec signes de surdosage.,"Surveillance clinique accrue ; si besoin, adaptation de la posologie de la clozapine pendant le traitement par la fluvoxamine et après son arrêt."
FLUVOXAMINE,DULOXETINE,CI,Risque d'augmentation des effets indésirables de la duloxétine par diminution de son métabolisme hépatique par la fluvoxamine.,
FLUVOXAMINE,LIDOCAINE,PE,Augmentation des concentrations plasmatiques de la lidocaïne avec possibilités d'effets indésirables neurologiques et cardiaques (diminution de la clairance hépatique de la lidocaïne).,"Surveillance clinique, ECG et éventuellement contrôle des concentrations plasmatiques de la lidocaïne pendant et après l'arrêt de l'association. Adaptation, si besoin, de la posologie de la lidocaïne."
FLUVOXAMINE,METHADONE,PE,"Augmentation des concentrations plasmatiques de méthadone avec surdosage et risque majoré d'allongement de l'intervalle QT et de troubles du rythme ventriculaire, notamment de torsades de pointes.","Surveillance clinique et électrocardiographique renforcée ; si besoin, adaptation de la posologie de la méthadone pendant le traitement par la fluvoxamine et après son arrêt."
FLUVOXAMINE,MEXILETINE,PE,"Risque de majoration des effets indésirables de la méxilétine, par inhibition de son métabolisme par la fluvoxamine.",Surveillance clinique et ECG. Adaptation de la posologie de la méxilétine pendant le traitement par la fluvoxamine et après son arrêt.
FLUVOXAMINE,OLANZAPINE,PE,"Augmentation des concentrations de l'olanzapine, avec risque de majoration des effets indésirables, par diminution de son métabolisme hépatique par la fluvoxamine.",Surveillance clinique et réduction éventuelle de la posologie de l'olanzapine pendant le traitement par fluvoxamine.
FLUVOXAMINE,"PHÉNYTOÏNE (ET, PAR EXTRAPOLATION, FOSPHÉNYTOÏNE)",PE,"Augmentation des concentrations plasmatiques de phénytoïne avec signes de surdosage, par inhibition du métabolisme hépatique de la phénytoïne.","Surveillance clinique et éventuellement contröle des concentrations plamatiques de phénytoïne. Si besoin, adaptation posologique de la phénytoïne pendant le traitement par la fluvoxamine et après son arrët."
FLUVOXAMINE,PIRFENIDONE,CI,Augmentation des concentrations plasmatiques de pirfenidone avec signes de surdosage.,
FLUVOXAMINE,PROPRANOLOL,PE,"Augmentation des concentrations plasmatiques de propranolol par inhibition de son métabolisme hépatique, avec majoration de l'activité et des effets indésirables, par exemple : bradycardie importante.","Surveillance clinique accrue et, si besoin, adaptation de la posologie du propranolol pendant le traitement par la fluvoxamine et après son arrêt."
FLUVOXAMINE,ROPINIROLE,PE,"Augmentation des concentrations de ropinirole, avec risque de surdosage, par diminution de son métabolisme hépatique par la fluvoxamine.",Surveillance clinique et réduction de la posologie du ropinirole pendant le traitement par fluvoxamine et après son arrêt.
FLUVOXAMINE,"THÉOPHYLLINE (ET, PAR EXTRAPOLATION, AMINOPHYLLINE)",PE,Augmentation de la théophyllinémie avec signes de surdosage (diminution du métabolisme hépatique de la théophylline).,"Surveillance clinique et éventuellement de la théophyllinémie ; si besoin, adaptation de la posologie de la théophylline pendant le traitement par la fluvoxamine et après son arrêt."
FOLATES,"PHÉNOBARBITAL (ET, PAR EXTRAPOLATION, PRIMIDONE)",PE,"Diminution des concentrations plasmatiques du phénobarbital, par augmentation de son métabolisme dont les folates représentent un des cofacteurs.","Surveillance clinique, contrôle des concentrations plasmatiques, et adaptation, s'il y a lieu, de la posologie du phénobarbital pendant la supplémentation folique et après son arrêt."
FOLATES,"PHÉNYTOÏNE (ET, PAR EXTRAPOLATION, FOSPHÉNYTOÏNE)",PE,Diminution des concentrations plasmatiques de phénytoïne par augmentation de son métabolisme dont les folates représentent un des cofacteurs.,Surveillance clinique et contrôle des concentrations plasmatiques de phénytoïne. Adaptation éventuelle de la posologie de la phénytoïne pendant la supplémentation folique et après son arrêt.
FOSAMPRENAVIR,EFAVIRENZ,PE,Risque de baisse de l'efficacité de l'amprénavir.,"Surveillance clinique et biologique régulière, notamment en début d'association."
FOSAMPRENAVIR,MARAVIROC,AD,Diminution significative des concentrations d'amprénavir pouvant conduire à une perte de la réponse virologique.,
FOSAMPRENAVIR,NEVIRAPINE,PE,Risque de baisse de l'efficacité de l'amprénavir.,"Surveillance clinique et biologique régulière, notamment en début d'association."
FOSCARNET,PENTAMIDINE,PE,Risque d'hypocalcémie sévère.,Surveillance de la calcémie et supplémentation si nécessaire.
FOSTAMATINIB,ROSUVASTATINE,PE,Doublement moyen des concentrations plasmatiques de la rosuvastatine.,"Surveillance clinique et biologique, avec adaptation de la posologie de rosuvastatine si nécessaire."
FOSTEMSAVIR,INDUCTEURS ENZYMATIQUES,APEC,"Diminution significative des concentrations de fotemsavir avec la rifampicine, avec risque de réduction de la réponse virologique.","CI - APEC Contre-indication : - avec la rifampicine, la carbamazépine, la phénytoïne, l'enzalutamide : - avec les autres inducteurs"
FOSTEMSAVIR,MILLEPERTUIS,CI,"Risque de diminution significative des concentrations de fostemsavir avec le millepertuis, avec réduction de la réponse virologique.",
FOSTEMSAVIR,MITOTANE,CI,"Diminution significative des concentrations de fostemsavir avec la rifampicine, avec risque de réduction de la réponse virologique. Éventualité non exclue avec le mitotane.",
FOSTEMSAVIR,ROSUVASTATINE,PE,Augmentation modérée des concentrations de rosuvastatine.,Débuter par la dose minimale de rosuvastatine. Surveillance clinique régulière.
FOTEMUSTINE,DACARBAZINE,PE,Avec la dacarbazine à doses élevées : risque de toxicité pulmonaire (syndrome de détresse respiratoire aiguë de l'adulte).,Ne pas utiliser simultanément mais respecter un délai d'une semaine entre la dernière administration de fotémustine et le premier jour de la cure de dacarbazine.
FUROSEMIDE,"PHÉNYTOÏNE (ET, PAR EXTRAPOLATION, FOSPHÉNYTOÏNE)",PE,Diminution de l'effet diurétique pouvant atteindre 50 %.,Utiliser éventuellement des doses plus élevées de furosémide.
GANCICLOVIR,DIDANOSINE,AD,"Risque d'augmentation des effets indésirables de la didanosine, et notamment la toxicité mitochondriale, par augmentation importante de ses concentrations. De plus risque de diminution de l'efficacité du ganciclovir par diminution de ses concentrations, si les deux médicaments sont ingérés à moins de 2 heures d'intervalle.",
GANCICLOVIR,FLUCYTOSINE,APEC,Risque de majoration de la toxicité hématologique.,
GANCICLOVIR,MARIBAVIR,CI,Antagonisme de la phosporylation et donc de l'effet pharmacologique du ganciclovir par le maribavir.,
GANCICLOVIR,ZIDOVUDINE,PE,Augmentation de la toxicité hématologique (addition d'effets de toxicité médullaire).,"Arrêter de façon transitoire la zidovudine ; contrôler la NFS et réintroduire, si possible, la zidovudine à doses faibles."
GEMFIBROZIL,DASABUVIR,CI,Risque d'augmentation des concentrations plasmatiques du dasabuvir par le gemfibrozil.,
GEMFIBROZIL,ENZALUTAMIDE,PE,Majoration de la fraction active de l'enzalutamide.,Réduire la dose d'enzalutamide de moitié en cas d'association au gemfibrozil.
GEMFIBROZIL,OZANIMOD,APEC,Augmentation des concentrations des métabolites actifs de l'onazimod.,
GEMFIBROZIL,PACLITAXEL,PE,Risque d'augmentation des concentrations plasmatiques du paclitaxel par inhibition de son métabolisme hépatique par le gemfibrozil.,Surveillance clinique et biologique étroite et adaptation de la posologie du paclitaxel pendant l'association.
GEMFIBROZIL,REPAGLINIDE,CI,"Risque d'hypoglycémie sévère voire de coma, par augmentation importante des concentrations plasmatiques de repaglinide par le gemfibrozil.",
GEMFIBROZIL,ROXADUSTAT,PE,"Augmentation de l'exposition du roxadustat, par diminution de son métabolisme par le gemfibrozil.",Surveillance clinique et biologique (hémoglobine).
GEMFIBROZIL,SELEXIPAG,CI,Risque d'augmentation des effets indésirables du sélexipag par diminution de son métabolisme.,
GEMFIBROZIL,TUCATINIB,AD,Augmentation importante des concentrations de tucatinib par diminution de son métabolisme par le gemfibrozil.,
GILTÉRITINIB,MILLEPERTUIS,CI,Diminution des concentrations plasmatiques de gilteritinib avec risque de perte d'efficacité.,
GINKGO,EFAVIRENZ,AD,Risque de moindre efficacité de l'éfavirenz.,
GIVOSIRAN,THEOPHYLLINE,PE,Risque d'augmentation de la théophyllinémie avec signes de surdosage par diminution de son métabolisme hépatique.,Surveillance clinique et éventuellement de la théophyllinémie.
GLASDÉGIB,INDUCTEURS ENZYMATIQUES,PE,"Diminution, éventuellement importante selon l'inducteur, des concentrations de glasdégib par augmentation de son métabolisme, avec risque d'inefficacité.","ASDEC - PE Association déconseillée - avec la rifampicine - avec les anticonvulsivants inducteurs enzymatiques (carbamazépine, phénytoïne, phénobarbital…) - avec les autres inducteurs - si l'association ne peut être évitée, augmenter la dose de glasdégib."
GLASDÉGIB,INHIBITEURS PUISSANTS DU CYP3A4,AD,Risque de majoration des effets indésirables du glasdégib par diminution de son métabolisme.,"Si l'association ne peut être évitée, surveillance clinique étroite."
GLASDÉGIB,SUBSTANCES SUSCEPTIBLES DE DONNER DES TORSADES DE POINTES,PE,"Risque majoré de troubles du rythme ventriculaire, notamment de torsades de pointes.",Surveillance clinique et électrocardiographique pendant l'association.
GLÉCAPRÉVIR + PIBRENTASVIR,ATAZANAVIR,CI,Augmentation de l'hépatotoxicité avec la bithérapie.,
GLÉCAPRÉVIR + PIBRENTASVIR,ATORVASTATINE,CI,"Augmentation importante des concentrations plasmatiques d'atorvastatine par la bithérapie, avec risque majoré d'effets indésirables (concentration-dépendants) à type de rhabdomyolyses.",
GLÉCAPRÉVIR + PIBRENTASVIR,DABIGATRAN,CI,"Doublement des concentrations plasmatiques de dabigatran, avec majoration du risque de saignements.",
GLÉCAPRÉVIR + PIBRENTASVIR,DIGOXINE,PE,Augmentation des concentrations plasmatiques de la digoxine par la bithérapie.,Surveillance clinique et éventuellement de la digoxinémie pendant le traitement par glécaprévir/ pibrentasvir.
GLÉCAPRÉVIR + PIBRENTASVIR,ETHINYLESTRADIOL,CI,Augmentation de l'hépatotoxicité avec la bithérapie.,
GLÉCAPRÉVIR + PIBRENTASVIR,MILLEPERTUIS,CI,Diminution des concentrations plasmatiques de la bithérapie par augmentation de son métabolisme par le millepertuis.,
GLÉCAPRÉVIR + PIBRENTASVIR,SIMVASTATINE,CI,"Augmentation importante des concentrations plasmatiques de simvastatine par la bithérapie, avec risque majoré d'effets indésirables (concentration-dépendants) à type de rhabdomyolyses .",
GLIBENCLAMIDE,BOSENTAN,PE,"Risque de moindre efficacité du glibenclamide par diminution de ses concentrations plasmatiques, en raison de l'effet inducteur du bosentan. Par ailleurs, des cas d'hépatotoxicité ont été rapportés lors de l'association.","Surveillance de la glycémie, adaptation du traitement si besoin, et surveillance des constantes biologiques hépatiques."
GLIBENCLAMIDE,ERYTHROMYCINE,PE,Risque d'hypoglycémie par augmentation de l'absorption et des concentrations plasmatiques de l'antidiabétique.,"Prévenir le patient, renforcer l'autosurveillance glycémique et adapter éventuellement la posologie du sulfamide hypoglycémiant pendant le traitement par l'érythromycine."
GLIMEPIRIDE,ERYTHROMYCINE,PE,Risque d'hypoglycémie par augmentation de l'absorption et des concentrations plasmatiques de l'antidiabétique.,"Prévenir le patient, renforcer l'autosurveillance glycémique et adapter éventuellement la posologie du sulfamide hypoglycémiant pendant le traitement par l'érythromycine."
GLINIDES,BÊTA-BLOQUANTS (SAUF ESMOLOL) (Y COMPRIS COLLYRES),PE,Tous les bêta-bloquants peuvent masquer certains symptômes de l'hypoglycémie : palpitations et tachycardie.,"Prévenir le patient et renforcer, surtout en début de traitement, l'autosurveillance glycémique."
GLINIDES,BÊTA-BLOQUANTS DANS L'INSUFFISANCE CARDIAQUE,PE,Tous les bêtabloquants peuvent masquer certains symptômes de l'hypoglycémie : palpitations et tachycardie.,"Prévenir le patient et renforcer, surtout en début de traitement, l'autosurveillance glycémique."
GLIPIZIDE,VORICONAZOLE,PE,Risque d'augmentation des concentrations plasmatiques du glipizide à l'origine d'hypoglycémies potentiellement sévères.,"Prévenir le patient, renforcer l'autosurveillance glycémique et adapter éventuellement la posologie du sulfamide pendant et après le traitement par voriconazole."
GLIPTINES,BÊTA-BLOQUANTS (SAUF ESMOLOL) (Y COMPRIS COLLYRES),PE,Tous les bêtabloquants peuvent masquer certains symptômes de l'hypoglycémie : palpitations et tachycardie.,"Prévenir le patient et renforcer, surtout en début de traitement, l'autosurveillance glycémique."
GLIPTINES,INHIBITEURS DE L'ENZYME DE CONVERSION,APEC,Risque de majoration de la survenue d'un angio-œdème d'origine bradykinique pouvant être fatal.,
GLIPTINES,INHIBITEURS DE L'HMG-COA RÉDUCTASE (STATINES),PE,"Possibilité de survenue d'effets indésirables musculaires à l'introduction d'une gliptine, malgré le traitement antérieur par statine bien toléré.",Le contrôle régulier de la fonction rénale et le strict respect des doses sont impératifs.
GLOBULINES ANTILYMPHOCYTAIRES,IMMUNOSUPPRESSEURS,APEC,Immunodépression excessive avec risque de lymphoprolifération.,
GLOBULINES ANTILYMPHOCYTAIRES,VACCINS VIVANTS ATTÉNUÉS,APEC,Risque de maladie généralisée éventuellement mortelle. Ce risque est majoré chez les sujets âgés déjà immunodéprimés par la maladie sous-jacente.,"En particulier, utiliser un vaccin inactivé lorsqu'il existe (poliomyélite)."
GLUCOCORTICOÏDES (SAUF HYDROCORTISONE),ACIDE ACETYLSALICYLIQUE,APEC,Majoration du risque hémorragique.,ASDEC - APEC Association déconseillée avec : - des doses anti-inflammatoires d'acide acétylsalicylique (>=1g par prise et/ou >=3g par jour) avec : - des doses antalgiques ou antipyrétiques (>=500 mg par prise et/ou <3g par jour).
GLUCOCORTICOÏDES (SAUF HYDROCORTISONE),ANTICOAGULANTS ORAUX,PE,"Glucocorticoïdes (voies générale et rectale) : impact éventuel de la corticothérapie sur le métabolisme de l'antivitamine K et sur celui des facteurs de la coagulation. Risque hémorragique propre à la corticothérapie (muqueuse digestive, fragilité vasculaire) à fortes doses ou en traitement prolongé supérieur à 10 jours.","Lorsque l'association est justifiée, renforcer la surveillance : le cas échéant, avec les antivitamines K, contrôle biologique au 8e jour, puis tous les 15 jours pendant la corticothérapie et après son arrêt."
GLUCOCORTICOÏDES (SAUF HYDROCORTISONE),ANTI-INFLAMMATOIRES NON STÉROÏDIENS,APEC,Augmentation du risque d'ulcération et d'hémorragie gastro- intestinale.,
GLUCOCORTICOÏDES (SAUF HYDROCORTISONE),COBIMÉTINIB,PE,Augmentation du risque hémorragique.,Surveillance clinique.
GLUCOCORTICOÏDES (SAUF HYDROCORTISONE),CURARES NON DÉPOLARISANTS,APEC,"Avec les glucocorticoïdes par voie IV : risque de myopathie sévère, réversible après un délai éventuellement long (plusieurs mois).",
GLUCOCORTICOÏDES (SAUF HYDROCORTISONE),FLUOROQUINOLONES,APEC,"Possible majoration du risque de tendinopathie, voire de rupture tendineuse (exceptionnelle), particulièrement chez les patients recevant une corticothérapie prolongée.",
GLUCOCORTICOÏDES (SAUF HYDROCORTISONE),HÉPARINES,APEC,Augmentation du risque hémorragique.,
GLUCOCORTICOÏDES (SAUF HYDROCORTISONE),INDUCTEURS ENZYMATIQUES,PE,Diminution des concentrations plasmatiques et de l'efficacité des corticoïdes par augmentation de leur métabolisme hépatique par l'inducteur ; les conséquences sont particulièrement importantes chez les addisoniens traités par l'hydrocortisone et en cas de transplantation.,Surveillance clinique et biologique ; adaptation de la posologie des corticoïdes pendant le traitement par l'inducteur et après son arrêt.
GLUCOCORTICOÏDES (SAUF HYDROCORTISONE),ISONIAZIDE,PE,Décrit pour la prednisolone. Diminution des concentrations plasmatiques de l'isoniazide. Mécanisme invoqué : augmentation du métabolisme hépatique de l'isoniazide et diminution de celui des glucocorticoïdes.,Surveillance clinique et biologique.
GLUCOCORTICOÏDES (SAUF HYDROCORTISONE),VACCINS VIVANTS ATTÉNUÉS,CI,"A l'exception des voies inhalées et locales, et pour des posologies supérieures à 10 mg/j d'équivalent-prednisone (ou > 2 mg/kg/j chez l'enfant ou > 20 mg/j chez l'enfant de plus de 10 kg) pendant plus de deux semaines et pour les « bolus » de corticoïdes: risque de maladie vaccinale généralisée éventuellement mortelle.",Et pendant les 3 mois suivant l'arrêt de la corticothérapie.
GLUCOCORTICOÏDES PAR VOIE INTRA-ARTICULAIRE ET MÉTABOLISÉS,COBICISTAT,PE,"Décrit chez des patients HIV. Risque d'insuffisance surrénale aiguë, même en cas d'injection unique. L'articulation peut constituer un réservoir relarguant de façon continue le corticoïde CYP3A4-dépendant dans la circulation générale, avec augmentation possiblement très importante des concentrations du corticoïde, à l'origine d'une freination de la réponse hypothalamo- hypophysaire.",Préférer un corticoïde non CYP3A4-dépendant (hydrocortisone).
GLUCOCORTICOÏDES PAR VOIE INTRA-ARTICULAIRE ET MÉTABOLISÉS,RITONAVIR,PE,"Décrit chez des patients HIV. Risque d'insuffisance surrénale aiguë, même en cas d'injection unique. L'articulation peut constituer un réservoir relarguant de façon continue le corticoïde CYP3A4-dépendant dans la circulation générale, avec augmentation possiblement très importante des concentrations du corticoïde, à l'origine d'une freination de la réponse hypothalamo-hypophysaire.",Préférer un corticoïde non CYP3A4-dépendant (hydrocortisone).
GLUCOSAMINE,ANTIVITAMINES K,PE,Augmentation du risque hémorragique.,Contrôle plus fréquent de l'INR. Adapation éventuelle de la posologie de l'antivitamine K.
GLYCEROL,LITHIUM,PE,Diminution de la lithémie avec risque de baisse de l'efficacité thérapeutique.,Surveillance stricte de la lithémie et adaptation éventuelle de la posologie du lithium.
GRAZOPREVIR + ELBASVIR,CICLOSPORINE,CI,Augmentation des concentrations de grazoprévir et d'elbasvir.,
GRAZOPREVIR + ELBASVIR,ETRAVIRINE,CI,Risque de diminution des concentrations plasmatiques de grazoprevir/elbasvir par l'étravirine.,
GRAZOPREVIR + ELBASVIR,INDUCTEURS ENZYMATIQUES,CI,"Risque de diminution des concentrations de grazoprévir et d'elbasvir par l'inducteur, avec possible retentissement sur l'efficacité.",
GRAZOPREVIR + ELBASVIR,INHIBITEURS DE L'HMG-COA RÉDUCTASE (STATINES),PE,Augmentation des concentrations plasmatiques de l'hypochlestérolémiant par augmentation de son absorption intestinale.,Surveillance clinique et biologique pendant l'association. La dose de statine ne doit pas dépasser 20 mg par jour (10 mg avec la rosuvastatine).
GRAZOPREVIR + ELBASVIR,SUNITINIB,AD,Risque d'augmentation des effets indésirables du sunitinib par le grazoprévir/elbasvir.,"Si l'association ne peut être évitée, surveillance clinique étroite."
GRAZOPREVIR + ELBASVIR,TACROLIMUS,PE,Augmentation des concentrations plasmatiques de tacrolimus par inhibition de son métabolisme hépatique.,Surveillance clinique et biologique étroite.
GRISEOFULVINE,ESTROPROGESTATIFS CONTRACEPTIFS,PE,Diminution de l'efficacité contraceptive par augmentation du métabolisme hépatique du contraceptif hormonal par la griséofulvine.,"Utiliser une méthode additionnelle de type mécanique (préservatif) pendant la durée de l'association, et un cycle suivant l'arrêt de de la griséofulvine."
GRISEOFULVINE,PROGESTATIFS CONTRACEPTIFS,PE,Risque de diminution de l'efficacité du contraceptif hormonal par augmentation de son métabolisme hépatique.,"Utiliser une méthode contraceptive fiable, additionnelle ou alternative, pendant la durée de l'association et un cycle suivant."
GUANETHIDINE,IMAO IRRÉVERSIBLES,CI,"Avec la guanéthidine utilisée par voie IV : risque de réactions vasculaires imprévisibles, notamment d'hypotension.",Interrompre le traitement par IMAO 15 jours avant le traitement par guanéthidine.
HALOFANTRINE,FLUCONAZOLE,AD,"Risque majoré de troubles du rythme ventriculaires, notamment de torsades de pointes.","Si cela est possible, interrompre le fluconazole. Si l'association ne peut être évitée, contrôle préalable du QT et surveillance ECG monitorée."
HALOFANTRINE,INHIBITEURS PUISSANTS DU CYP3A4,AD,"Risque majoré de troubles du rythme ventriculaires, notamment de torsades de pointes.","Si cela est possible, interrompre l'inhibiteur. Si l'association ne peut être évitée, contrôle préalable du QT et surveillance ECG monitorée."
HALOFANTRINE,JOSAMYCINE,AD,"Risque majoré de troubles du rythme ventriculaire, notamment de torsades de pointes.","Si cela est possible, interrompre le macrolide. Si l'association ne peut être évitée, contrôle préalable du QT et surveillance ECG monitorée."
HALOFANTRINE,PAMPLEMOUSSE (JUS ET FRUIT),AD,"Risque majoré de troubles du rythme ventriculaire, notamment de torsades de pointes.",
HALOFANTRINE,STIRIPENTOL,AD,"Risque majoré de troubles du rythme ventriculaire, notamment de torsades de pointes.",
HALOPERIDOL,INDUCTEURS ENZYMATIQUES PUISSANTS,PE,Risque de moindre efficacité de l'halopéridol par augmentation de son métabolisme hépatique par l'inducteur.,"Surveillance clinique et, si besoin, adaptation posologique pendant le traitement par l'halopéridol et après son arrêt."
HALOPERIDOL,RIFAMPICINE,PE,"Risque de diminution des concentrations plasmatiques de l'halopéridol et de son efficacité thérapeutique, par augmentation de son métabolisme hépatique par la rifampicine.","Surveillance clinique et, si besoin, adaptation posologique pendant le traitement par la rifampicine et après son arrêt."
HALOTHANE,BÊTA-2 MIMÉTIQUES,AD,"En cas d'intervention obstétricale, majoration de l'inertie utérine avec risque hémorragique ; par ailleurs, troubles du rythme ventriculaires graves, par augmentation de la réactivité cardiaque.",Interrompre le traitement par bêta-2 mimétiques si l'anesthésie doit se faire sous halothane.
HALOTHANE,"THÉOPHYLLINE (ET, PAR EXTRAPOLATION, AMINOPHYLLINE)",AD,Troubles du rythme ventriculaire graves par augmentation de l'excitabilité cardiaque.,
HÉPARINES,ANTIAGRÉGANTS PLAQUETTAIRES,APEC,Augmentation du risque hémorragique.,
HÉPARINES,COBIMÉTINIB,PE,Augmentation du risque hémorragique.,Surveillance clinique.
HÉPARINES,DÉFIBROTIDE,AD,Risque hémorragique accru.,
HÉPARINES,GLUCOCORTICOÏDES (SAUF HYDROCORTISONE),APEC,Augmentation du risque hémorragique.,
HÉPARINES (DOSES CURATIVES ET/OU SUJET ÂGÉ),ACIDE ACETYLSALICYLIQUE,APEC,Augmentation du risque hémorragique (inhibition de la fonction plaquettaire et agression de la muqueuse gastroduodénale par l'acide acétylsalicylique.,ASDEC - APEC Association déconseillée avec : - des doses anti-inflammatoires d'acide acétylsalicylique (>=1g par prise et/ou >=3g par jour) - des doses antalgiques ou antipyrétiques (>=500 mg par prise et/ou <3g par jour) Utiliser un autre anti-inflammatoire ou un autre antalgique ou antipyrétique. avec : - des doses antiagrégantes (de 50 mg à 375 mg par jour).
HÉPARINES (DOSES CURATIVES ET/OU SUJET ÂGÉ),ANTI-INFLAMMATOIRES NON STÉROÏDIENS,AD,Augmentation du risque hémorragique (agression de la muqueuse gastroduodénale par les anti-inflammatoires non stéroïdiens).,"Si l'association ne peut être évitée, surveillance clinique étroite."
HÉPARINES (DOSES CURATIVES ET/OU SUJET ÂGÉ),DEXTRAN,AD,Augmentation du risque hémorragique (inhibition de la fonction plaquettaire par le dextran 40).,
HÉPARINES (DOSES CURATIVES ET/OU SUJET ÂGÉ),THROMBOLYTIQUES,APEC,Augmentation du risque hémorragique.,
HÉPARINES (DOSES PRÉVENTIVES),ACIDE ACETYLSALICYLIQUE,APEC,"L'utilisation conjointe de médicaments agissant à divers niveaux de l'hémostase majore le risque de saignement. Ainsi, chez le sujet de moins de 65 ans, l'association de l'héparine à doses préventives, ou de substances apparentées, à l'acide acétylsalicylique, quelle que soit la dose, doit être prise en compte en maintenant une surveillance clinique et éventuellement biologique.",
HÉPARINES (DOSES PRÉVENTIVES),ANTI-INFLAMMATOIRES NON STÉROÏDIENS,APEC,Augmentation du risque hémorragique.,
HORMONES THYROÏDIENNES,ANTISÉCRÉTOIRES INHIBITEURS DE LA POMPE À PROTONS,PE,"Diminution probable de l'absorption des hormones thyroïdiennes, par augmentation du pH intra-gastrique par l'antisécrétoire.","Contrôle clinique et biologique régulier, avec augmentation éventuelle de la posologie des hormones thyroïdiennes."
HORMONES THYROÏDIENNES,CALCIUM,PE,Diminution de l'absorption digestive des hormones thyroïdiennes.,"Prendre les sels de calcium à distance des hormones thyroïdiennes (plus de 2 heures, si possible)."
HORMONES THYROÏDIENNES,CHLOROQUINE,PE,Risque d'hypothyroïdie clinique chez les patients substitués par hormones thyroïdiennes.,"Surveillance clinique et biologique. Adaptation, si besoin, de la posologie des hormones thyroïdiennes pendant le traitement par chloroquine et après son arrêt."
HORMONES THYROÏDIENNES,EFAVIRENZ,PE,"Risque d'hypothyroïdie clinique chez les patients hypothyroïdiens, par augmentation du métabolisme de la T3 et de la T4.","Surveillance clinique et biologique. Adaptation, si besoin, de la posologie des hormones thyroïdiennes pendant le traitement par l'inducteur et après son arrêt."
HORMONES THYROÏDIENNES,ESTROGÈNES NON CONTRACEPTIFS,PE,Risque d'hypothyroïdie clinique en cas d'estrogénothérapie substitutive.,Surveillance clinique et biologique ; adaptation éventuelle des doses de l'hormone thyroïdienne chez les femmes ménopausées prenant des estrogènes.
HORMONES THYROÏDIENNES,FER,PE,Diminution de l'absorption digestive des hormones thyroïdiennes.,"Prendre les hormones thyroïdiennes à distance du fer (plus de 2 heures, si possible)."
HORMONES THYROÏDIENNES,INDUCTEURS ENZYMATIQUES PUISSANTS,PE,"Risque d'hypothyroïdie clinique chez les patients hypothyroïdiens, par augmentation du métabolisme de la T3 et de la T4.","Surveillance clinique et biologique. Adaptation, si besoin, de la posologie des hormones thyroïdiennes pendant le traitement par l'inducteur et après son arrêt."
HORMONES THYROÏDIENNES,INHIBITEURS DE PROTÉASES BOOSTÉS PAR RITONAVIR,PE,Risque de baisse de l'efficacité des hormones thyroïdiennes par augmentation de leur métabolisme hépatique par le ritonavir.,Surveillance clinique et biologique et adaptation éventuelle de la posologie des hormones thyroïdiennes.
HORMONES THYROÏDIENNES,MILLEPERTUIS,AD,Risque de baisse de l'efficacité des hormones thyroïdiennes.,
HORMONES THYROÏDIENNES,ORLISTAT,APEC,Risque de déséquilibre du traitement thyroïdien substitutif en cas de traitement par orlistat.,
HORMONES THYROÏDIENNES,PROGUANIL,PE,Risque d'hypothyroïdie clinique chez les patients substitués par hormones thyroïdiennes.,"Surveillance clinique et biologique. Adaptation, si besoin, de la posologie des hormones thyroïdiennes pendant le traitement par l'antipaludique et après son arrêt."
HORMONES THYROÏDIENNES,RÉSINES CHÉLATRICES,PE,Diminution de l'absorption digestive des hormones thyroïdiennes.,"Prendre les hormones thyroïdiennes à distance de la résine (plus de 2 heures, si possible)."
HORMONES THYROÏDIENNES,RIFABUTINE,PE,"Décrit pour la phénytoïne, la rifampicine, la carbamazépine. Risque d'hypothyroïdie clinique chez les patients hypothyroïdiens, par augmentation du métabolisme de la T3 et de la T4.","Surveillance clinique et biologique. Adaptation, si besoin, de la posologie des hormones thyroïdiennes pendant le traitement par la rifabutine et après son arrêt."
HORMONES THYROÏDIENNES,RIFAMPICINE,PE,"Risque d'hypothyroïdie clinique chez les patients hypothyroïdiens, par augmentation du métabolisme de la T3 et de la T4.","Surveillance clinique et biologique. Adaptation, si besoin, de la posologie des hormones thyroïdiennes pendant le traitement par la rifampicine et après son arrêt."
HORMONES THYROÏDIENNES,SELPERCATINIB,PE,Risque de moindre efficacité de la supplémentation en lévothyroxine par baisse de la conversion de T4 en T3 en cas de traitement par selpercatinib.,"Surveillance clinique et biologique, et adjonction éventuelle de liothyronine au traitement par la lévothyroxine."
HORMONES THYROÏDIENNES,SUCRALFATE,PE,Diminution de l'absorption digestive des hormones thyroïdiennes.,"Prendre les hormones thyroïdiennes à distance du sucralfate (plus de 2 heures, si possible)."
HUILES MINÉRALES,PRÉSERVATIFS EN LATEX,CI,"Risque de rupture du préservatif lors de l'utilisation avec des corps gras ou des lubrifiants contenant des huiles minérales (huile de paraffine, huile de silicone, etc...).","Utiliser un lubrifiant hydrosoluble (glycérine, polyacrylamide...)."
HYDROCORTISONE,INDUCTEURS ENZYMATIQUES,PE,Risque de diminution de l'efficacité de l'hydrocortisone (augmentation de son métabolisme) ; les conséquences sont graves lorsque l'hydrocortisone est administrée en traitement substitutif ou en cas de transplantation.,Surveillance clinique et biologique ; adaptation de la posologie de l'hydrocortisone pendant l'association et après l'arrêt de l'inducteur enzymatique.
HYDROQUINIDINE,ALCALINISANTS URINAIRES,PE,Augmentation des concentrations plasmatiques de l'hydroquinidine et risque de surdosage (diminution de l'excrétion rénale de l'hydroquinidine par alcalinisation des urines).,"Surveillance clinique, ECG et éventuellement contrôle des concentrations de l'hydroquinidine ; si besoin, adaptation de la posologie pendant le traitement alcalinisant et après son arrêt."
HYDROQUINIDINE,DIGOXINE,PE,"Augmentation de la digoxinémie par diminution de la clairance rénale de la digoxine. De plus, troubles de l'automatisme (bradycardie excessive et troubles de la conduction auriculo- ventriculaire).","Surveillance clinique et ECG. En cas de réponse inattendue, contrôler la digoxinémie et adapter la posologie."
HYDROQUINIDINE,ITRACONAZOLE,PE,Risque d'acouphènes et/ou de diminution de l'acuité auditive : cinchonisme lié à une diminution du métabolisme hépatique de l'antiarythmique par l'itraconazole.,Surveillance des concentrations plasmatiques de l'antiarythmique et diminution éventuelle de sa posologie si nécessaire.
HYDROXYCARBAMIDE,VACCINS VIVANTS ATTÉNUÉS,AD,"Dans son indication chez le patient drépanocytaire, risque théorique de maladie vaccinale généralisée.","L'association ne devra être envisagée que si les bénéfices sont estimés comme étant supérieurs à ce risque. S'il est décidé d'interrompre le traitement par hydroxycarbamide pour effectuer la vaccination, un délai de 3 mois après l'arrêt est recommandé."
HYPERKALIÉMIANTS,AUTRES HYPERKALIÉMIANTS,APEC,"Risque de majoration de l'hyperkaliémie, potentiellement létale.",
HYPNOTIQUES,AUTRES HYPNOTIQUES,APEC,Majoration de la dépression centrale.,
HYPOKALIÉMIANTS,AUTRES HYPOKALIÉMIANTS,PE,Risque majoré d'hypokaliémie.,Surveillance de la kaliémie avec si besoin correction.
HYPOKALIÉMIANTS,DIGOXINE,PE,Hypokaliémie favorisant les effets toxiques des digitaliques.,"Corriger auparavant toute hypokaliémie et réaliser une surveillance clinique, électrolytique et électrocardiographique."
HYPOKALIÉMIANTS,SUBSTANCES SUSCEPTIBLES DE DONNER DES TORSADES DE POINTES,PE,"Risque majoré de troubles du rythme ventriculaire, notamment de torsades de pointes.","Corriger toute hypokaliémie avant d'administrer le produit et réaliser une surveillance clinique, électrolytique et électrocardiographique."
HYPONATRÉMIANTS,AUTRES MÉDICAMENTS HYPONATRÉMIANTS,APEC,Majoration du risque d'hyponatrémie.,
IBRUTINIB,AMIODARONE,AD,Risque d'augmentation des concentrations plasmatiques d'ibrutinib par diminution de son métabolisme hépatique par l'amiodarone.,"Si l'association ne peut être évitée, surveillance clinique étroite et réduction de la dose d'ibrutinib à 280 mg par jour pendant la durée de l'association."
IBRUTINIB,ANTIAGRÉGANTS PLAQUETTAIRES,PE,Augmentation du risque hémorragique.,Surveillance clinique.
IBRUTINIB,ANTICOAGULANTS ORAUX,AD,Augmentation du risque hémorragique.,"Si l'association ne peut être évitée, surveillance clinique et biologique étroite (pour les antivitamines K, contrôle plus fréquent de l'INR)."
IBRUTINIB,CRIZOTINIB,AD,Risque d'augmentation des concentrations plasmatiques d'ibrutinib par diminution de son métabolisme hépatique par le crizotinib.,"Si l'association ne peut être évitée, surveillance clinique étroite et réduction de la dose d'ibrutinib à 280 mg par jour pendant la durée de l'association."
IBRUTINIB,DILTIAZEM,AD,Risque d'augmentation des concentrations plasmatiques d'ibrutinib par diminution de son métabolisme hépatique par le diltiazem.,"Si l'association ne peut être évitée, surveillance clinique étroite et réduction de la dose d'ibrutinib à 280 mg par jour pendant la durée de l'association."
IBRUTINIB,DRONEDARONE,AD,Risque d'augmentation des concentrations plasmatiques d'ibrutinib par diminution de son métabolisme hépatique par la dronédarone.,"Si l'association ne peut être évitée, surveillance clinique étroite et réduction de la dose d'ibrutinib à 280 mg par jour pendant la durée de l'association."
IBRUTINIB,FLUCONAZOLE,AD,Risque d'augmentation des concentrations plasmatiques d'ibrutinib par diminution de son métabolisme hépatique par le fluconazole.,"Si l'association ne peut être évitée, surveillance clinique étroite et réduction de la dose d'ibrutinib à 280 mg par jour pendant la durée de l'association."
IBRUTINIB,IMATINIB,AD,Risque d'augmentation des concentrations plasmatiques d'ibrutinib par diminution de son métabolisme hépatique par l'imatinib.,"Si l'association ne peut être évitée, surveillance clinique étroite et réduction de la dose d'ibrutinib à 280 mg par jour pendant la durée de l'association."
IBRUTINIB,VERAPAMIL,AD,Risque d'augmentation des concentrations plasmatiques d'ibrutinib par diminution de son métabolisme hépatique par le vérapamil.,"Si l'association ne peut être évitée, surveillance clinique étroite et réduction de la dose d'ibrutinib à 280 mg par jour pendant la durée de l'association."
IDÉLALISIB,ANTAGONISTES DES CANAUX CALCIQUES,PE,"Majoration des effets indésirables de l'antagoniste des canaux calciques, à type d'hypotension orthostatique, notamment chez le sujet âgé.",Surveillance clinique et adaptation de la posologie de l'antagoniste calcique pendant le traitement par l'idélalisib et après son arrêt.
IDÉLALISIB,INDUCTEURS ENZYMATIQUES PUISSANTS,AD,Diminution des concentrations plasmatiques d'idélalisib par augmentation de son métabolisme hépatique par l'inducteur enzymatique.,
IDÉLALISIB,INHIBITEURS PUISSANTS DU CYP3A4,APEC,Augmentation des concentrations plasmatiques d'idélalisib par diminution de son métabolisme hépatique par l'inhibiteur.,
IDÉLALISIB,MILLEPERTUIS,AD,Risque de diminution importante des concentrations plasmatiques d'idélalisib par augmentation de son métabolisme hépatique par le millepertuis.,
IDÉLALISIB,RIFAMPICINE,AD,Diminution des concentrations plasmatiques d'idélalisib par augmentation de son métabolisme hépatique par l'inducteur.,
IDÉLALISIB,SUBSTRATS À RISQUE DU CYP3A4,AD,Augmentation des concentrations plasmatiques du substrat par diminution de son métabolisme hépatique par l'idelalisib.,
IFOSFAMIDE,APREPITANT,APEC,Risque d'augmentation de la neurotoxicité de l'ifosfamide.,
IFOSFAMIDE,"PHÉNOBARBITAL (ET, PAR EXTRAPOLATION, PRIMIDONE)",AD,Risque de majoration de la neurotoxicité de l'ifosfamide par augmentation de son métabolisme hépatique par le phénobarbital.,
IFOSFAMIDE,VÉMURAFÉNIB,APEC,"Risque de diminution des concentrations de l'ifosfamide, avec augmentation de son métabolite actif et toxicité majorée.",
IMAO IRRÉVERSIBLES,ADRÉNALINE (VOIE BUCCO-DENTAIRE OU SOUS-CUTANÉE),PE,Troubles du rythme ventriculaire graves par augmentation de l'excitabilité cardiaque.,"Limiter l'apport, par exemple : moins de 0,1 mg d'adrénaline en 10 minutes ou 0,3 mg en 1 heure chez l'adulte."
IMAO IRRÉVERSIBLES,ALCOOL (BOISSON OU EXCIPIENT),AD,"Majoration des effets hypertenseurs et/ou hyperthermiques de la tyramine présente dans certaines boissons alcoolisées (chianti, certaines bières, etc).",Eviter la prise de boissons alcoolisées et de médicaments contenant de l'alcool.
IMAO IRRÉVERSIBLES,DEXTROMETHORPHANE,CI,"Risque d'apparition d'un syndrome sérotoninergique : diarrhée, tachycardie, sueurs, tremblements, confusion voire coma.",
IMAO IRRÉVERSIBLES,GUANETHIDINE,CI,"Avec la guanéthidine utilisée par voie IV : risque de réactions vasculaires imprévisibles, notamment d'hypotension.",Interrompre le traitement par IMAO 15 jours avant le traitement par guanéthidine.
IMAO IRRÉVERSIBLES,INHIBITEURS DE LA CATÉCHOL-O-MÉTHYLTRANSFÉRASE (COMT),CI,"Potentialisation des effets pharmacologiques, et notamment vasopresseurs, des catécholamines par inhibition conjuguée de leur métabolisme.",
IMAO IRRÉVERSIBLES,INHIBITEURS SÉLECTIFS DE LA RECAPTURE DE LA SÉROTONINE,CI,"Risque d'apparition d'un syndrome sérotoninergique : diarrhée, tachycardie, sueurs, tremblements, confusion voire coma.","Respecter un délai de deux semaines entre l'arrêt de l'IMAO et le début du traitement par l'antidépresseur sérotoninergique, et d'au moins une semaine entre l'arrêt de l'antidépresseur sérotoninergique (sauf pour la fluoxétine : cinq semaines) et le début."
IMAO IRRÉVERSIBLES,MÉDICAMENTS MIXTES ADRÉNERGIQUES-SÉROTONINERGIQUES,CI,"Risque d'apparition d'un syndrome sérotoninergique : diarrhée, tachycardie, sueurs, tremblements, confusion voire coma.","Respecter un délai de deux semaines entre l'arrêt de l'IMAO et le début de l'autre traitement, et d'au moins une semaine entre l'arrêt de l'autre traitement et le début de l'IMAO."
IMAO IRRÉVERSIBLES,MIDODRINE,CI,"Crises hypertensives (inhibition du métabolisme des amines pressives). Du fait de la durée d'action des IMAO, cette interaction est encore possible 15 jours après l'arrêt de l'IMAO.",
IMAO IRRÉVERSIBLES,MILLEPERTUIS,PE,Risque d'apparition d'un syndrome sérotoninergique.,"Surveillance clinique et biologique régulière, notamment en début d'association."
IMAO IRRÉVERSIBLES,PETHIDINE,CI,"Risque d'apparition d'un syndrome sérotoninergique : diarrhée, tachycardie, sueurs, tremblements, confusion voire coma.",
IMAO IRRÉVERSIBLES,RESERPINE,CI,"Agitation psychomotrice, convulsions, hypertension.",
IMAO IRRÉVERSIBLES,SYMPATHOMIMÉTIQUES ALPHA (VOIES ORALE ET/OU NASALE),AD,"Crises hypertensives (inhibition du métabolisme des amines pressives). Du fait de la durée d'action de l'IMAO, cette interaction est encore possible 15 jours après l'arrêt de l'IMAO.",
IMAO IRRÉVERSIBLES,SYMPATHOMIMÉTIQUES ALPHA ET BÊTA (VOIE IM ET IV),PE,"Augmentation de l'action pressive du sympathomimétique, le plus souvent modérée.",A n'utiliser que sous contrôle médical strict.
IMAO IRRÉVERSIBLES,SYMPATHOMIMÉTIQUES INDIRECTS,CI,"Hypertension paroxystique, hyperthermie pouvant être fatale. Du fait de la durée d'action de l'IMAO, cette interaction est encore possible 15 jours après l'arrêt de l'IMAO.",
IMAO IRRÉVERSIBLES,TETRABENAZINE,CI,"Risque de crises hypertensives. Du fait de la durée d'action de l'IMAO, cette interaction est encore théoriquement possible 15 jours après son arrêt.",
IMAO IRRÉVERSIBLES,TIANEPTINE,AD,"Risque de collapsus, hypertension paroxystique, hyperthermie, convulsions, décès.",
IMAO IRRÉVERSIBLES,TRAMADOL,CI,"Risque d'apparition d'un syndrome sérotoninergique : diarrhée, sueurs, tremblements, confusion, voire coma.",
IMAO IRRÉVERSIBLES,TRIPTANS MÉTABOLISÉS PAR LA MAO,CI,"Risque d'hypertension artérielle, de vasoconstriction artérielle coronaire.",
IMAO IRRÉVERSIBLES,TRIPTANS NON MÉTABOLISÉS PAR LA MAO,AD,"Risque d'hypertension artérielle, de vasoconstriction artérielle coronaire.",
"IMAO-A RÉVERSIBLES, Y COMPRIS OXAZOLIDINONES ET BLEU DE MÉTHYLÈNE",DEXTROMETHORPHANE,AD,"Risque d'apparition d'un syndrome sérotoninergique : diarrhée, tachycardie, sueurs, tremblements, confusion voire coma.",
"IMAO-A RÉVERSIBLES, Y COMPRIS OXAZOLIDINONES ET BLEU DE MÉTHYLÈNE",IMAO-B,CI,"Risque de poussée hypertensive, par absence de sélectivité sur la monoamine oxydase, notamment en cas d'alimentation riche en tyramine (fromage, bière,…).",
"IMAO-A RÉVERSIBLES, Y COMPRIS OXAZOLIDINONES ET BLEU DE MÉTHYLÈNE",INHIBITEURS SÉLECTIFS DE LA RECAPTURE DE LA SÉROTONINE,AD,"Risque d'apparition d'un syndrome sérotoninergique : diarrhée, tachycardie, sueurs, tremblements, confusion voire coma.","Si l'association ne peut être évitée, surveillance clinique très étroite. Débuter l'association aux posologies minimales recommandées."
"IMAO-A RÉVERSIBLES, Y COMPRIS OXAZOLIDINONES ET BLEU DE MÉTHYLÈNE",MÉDICAMENTS MIXTES ADRÉNERGIQUES-SÉROTONINERGIQUES,AD,"Risque d'apparition d'un syndrome sérotoninergique : diarrhée, tachycardie, sueur, confusion voire coma.","Si l'association ne peut être évitée, surveillance clinique très étroite. Débuter l'association aux posologies minimales recommandées."
"IMAO-A RÉVERSIBLES, Y COMPRIS OXAZOLIDINONES ET BLEU DE MÉTHYLÈNE",MILLEPERTUIS,PE,Risque d'apparition d'un syndrome sérotoninergique.,"Surveillance clinique et biologique régulière, notamment en début d'association."
"IMAO-A RÉVERSIBLES, Y COMPRIS OXAZOLIDINONES ET BLEU DE MÉTHYLÈNE",PETHIDINE,CI,"Risque d'apparition d'un syndrome sérotoninergique : diarrhée, tachycardie, sueurs, tremblements, confusion voire coma.",
"IMAO-A RÉVERSIBLES, Y COMPRIS OXAZOLIDINONES ET BLEU DE MÉTHYLÈNE",SYMPATHOMIMÉTIQUES ALPHA ET BÊTA (VOIE IM ET IV),PE,Par extrapolation à partir des IMAO non sélectifs : risque d'augmentation de l'action pressive.,A n'utiliser que sous contrôle médical strict.
"IMAO-A RÉVERSIBLES, Y COMPRIS OXAZOLIDINONES ET BLEU DE MÉTHYLÈNE",TRAMADOL,AD,"Risque d'apparition d'un syndrome sérotoninergique : diarrhée, tachycardie, sueurs, tremblements, confusion voire coma.",
"IMAO-A RÉVERSIBLES, Y COMPRIS OXAZOLIDINONES ET BLEU DE MÉTHYLÈNE",TRIPTANS MÉTABOLISÉS PAR LA MAO,CI,"Risque d'hypertension artérielle, de vasoconstriction artérielle coronaire.",
"IMAO-A RÉVERSIBLES, Y COMPRIS OXAZOLIDINONES ET BLEU DE MÉTHYLÈNE",TRIPTANS NON MÉTABOLISÉS PAR LA MAO,AD,"Risque d'hypertension artérielle, de vasoconstriction artérielle coronaire.",
IMAO-B,BUPROPION,CI,Risque de crises hypertensives.,
IMAO-B,"IMAO-A RÉVERSIBLES, Y COMPRIS OXAZOLIDINONES ET BLEU DE MÉTHYLÈNE",CI,"Risque de poussée hypertensive, par absence de sélectivité sur la monoamine oxydase, notamment en cas d'alimentation riche en tyramine (fromage, bière,…).",
IMAO-B,INHIBITEURS SÉLECTIFS DE LA RECAPTURE DE LA SÉROTONINE,APEC,Risque d'apparition d'un syndrome sérotoninergique.,
IMAO-B,LEVODOPA,APEC,Augmentation du risque d'hypotension orthostatique.,
IMAO-B,PETHIDINE,CI,"Manifestations d'excitation centrale évoquant un syndrome sérotoninergique : diarrhée, tachycardie, sueurs, tremblements, confusion voire coma.",
IMAO-B,TRAMADOL,APEC,Risque d'apparition d'un syndrome sérotoninergique.,
IMAO-B,TRIPTANS MÉTABOLISÉS PAR LA MAO,CI,"Risque d'hypertension artérielle, de vasoconstriction artérielle coronaire.",
IMAO-B,TRIPTANS NON MÉTABOLISÉS PAR LA MAO,AD,"Risque d'hypertension artérielle, de vasoconstriction artérielle coronaire.",
IMATINIB,ANTICOAGULANTS ORAUX,AD,"Augmentation du risque hémorragique. Pour l'apixaban et le rivaroxaban, risque de diminution de leur métabolisme par l'imatinib, se surajoutant au risque pharmacodynamique.","Si l'association ne peut être évitée, surveillance clinique et biologique étroite (pour les antivitamines K, contrôle plus fréquent de l'INR)."
IMATINIB,IBRUTINIB,AD,Risque d'augmentation des concentrations plasmatiques d'ibrutinib par diminution de son métabolisme hépatique par l'imatinib.,"Si l'association ne peut être évitée, surveillance clinique étroite et réduction de la dose d'ibrutinib à 280 mg par jour pendant la durée de l'association."
IMATINIB,TÉDIZOLIDE,AD,"Risque d'augmentation des concentrations plasmatiques de l'imatinib, par augmentation de son absorption avec le tédizolide administré par voie orale.",
IMMUNOSUPPRESSEURS,APALUTAMIDE,AD,"Risque de diminution très importante des concentrations des immunosuppresseurs, et perte d'efficacité, par augmentation de leur métabolisme hépatique par l'apalutamide.",
IMMUNOSUPPRESSEURS,CLARITHROMYCINE,AD,Augmentation très importante des concentrations sanguines de l'immunosuppresseur par inhibition de son métabolisme hépatique.,"En cas d'association, contrôle strict de la fonction rénale, dosage des concentrations sanguines de l'immunosuppresseur et adaptation éventuelle de la posologie."
IMMUNOSUPPRESSEURS,CYTOTOXIQUES,APEC,Immunodépression excessive avec risque de syndrome lympho- prolifératif.,
IMMUNOSUPPRESSEURS,DALFOPRISTINE,PE,Augmentation des concentrations sanguines de l'immunosuppresseur par inhibition de son métabolisme hépatique.,"Dosage des concentrations sanguines de l'immunosuppresseur, contrôle de la fonction rénale et adaptation de la posologie pendant l'association et après son arrêt."
IMMUNOSUPPRESSEURS,DILTIAZEM,PE,Augmentation des concentrations sanguines de l'immunosuppresseur par diminution de son métabolisme.,"Dosage des concentrations sanguines de l'immunosuppresseur, contrôle de la fonction rénale et adaptation de la posologie pendant l'association et après son arrêt."
IMMUNOSUPPRESSEURS,DRONEDARONE,AD,Augmentation importante des concentrations sanguines de l'immunosuppresseur par diminution de son métabolisme.,
IMMUNOSUPPRESSEURS,ERYTHROMYCINE,AD,Augmentation très importante des concentrations sanguines de l'immunosuppresseur par inhibition de son métabolisme hépatique.,"En cas d'association, contrôle strict de la fonction rénale, dosage des concentrations sanguines de l'immunosuppresseur et adaptation éventuelle de la posologie."
IMMUNOSUPPRESSEURS,FLUCONAZOLE,PE,Risque d'augmentation des concentrations sanguines de l'immunosuppresseur par inhibition de son métabolisme et de la créatininémie.,"Dosage des concentrations sanguines de l'immunosuppresseur, contrôle de la fonction rénale et adaptation de sa posologie pendant l'association et après son arrêt."
IMMUNOSUPPRESSEURS,FLUCYTOSINE,APEC,Risque de majoration de la toxicité hématologique.,
IMMUNOSUPPRESSEURS,GLOBULINES ANTILYMPHOCYTAIRES,APEC,Immunodépression excessive avec risque de lymphoprolifération.,
IMMUNOSUPPRESSEURS,INDUCTEURS ENZYMATIQUES,PE,"Diminution des concentrations sanguines et de l'efficacité de l'immunosuppresseur, par augmentation de son métabolisme hépatique par l'inducteur.",Augmentation de la posologie de l'immunosuppresseur sous contrôle des concentrations sanguines. Réduction de la posologie après l'arrêt de l'inducteur.
IMMUNOSUPPRESSEURS,INHIBITEURS DE PROTÉASES BOOSTÉS PAR RITONAVIR,AD,Augmentation très importante des concentrations sanguines de l'immunosuppresseur par inhibition de son métabolisme hépatique.,"En cas d'association, contrôle strict de la fonction rénale, dosage des concentrations sanguines de l'immunosuppresseur et adaptation de sa posologie."
IMMUNOSUPPRESSEURS,ITRACONAZOLE,AD,Augmentation très importante des concentrations sanguines de l'immunosuppresseur par inhibition de son métabolisme hépatique.,"En cas d'association, contrôle strict de la fonction rénale, dosage des concentrations sanguines de l'immunosuppresseur et adaptation éventuelle de la posologie."
IMMUNOSUPPRESSEURS,KETOCONAZOLE,AD,Augmentation très importante des concentrations sanguines de l'immunosuppresseur par inhibition de son métabolisme hépatique.,"En cas d'association, contrôle strict de la fonction rénale, dosage des concentrations sanguines de l'immunosuppresseur et adaptation éventuelle de la posologie."
IMMUNOSUPPRESSEURS,LÉTERMOVIR,PE,"Augmentation, éventuellement très importante, des concentrations sanguines de l'immunosuppresseur par inhibition de son métabolisme et de la créatininémie.",Surveillance clinique et biologique renforcée.
IMMUNOSUPPRESSEURS,MARIBAVIR,PE,Possible augmentation des concentrations de l'immunosuppresseur.,"Dosage des concentrations sanguines de l'immunosuppresseur, contrôle de la fonction rénale et adaptation éventuelle de la posologie pendant l'association et après son arrêt."
IMMUNOSUPPRESSEURS,MILLEPERTUIS,CI,"Diminution des concentrations sanguines de l'immunosuppresseur, en raison de l'effet inducteur enzymatique du millepertuis, avec risque de baisse d'efficacité voire d'annulation de l'effet dont les conséquences peuvent être éventuellement graves (rejet de greffe).",
IMMUNOSUPPRESSEURS,NICARDIPINE,PE,"Augmentation des concentrations sanguines de l'immunodépresseur, par inhibition de son métabolisme.","Dosage des concentrations sanguines de l'immunosuppresseur, contrôle de la fonction rénale et adaptation de sa posologie pendant le traitement et après l'arrêt."
IMMUNOSUPPRESSEURS,PAMPLEMOUSSE (JUS ET FRUIT),AD,Augmentation de la biodisponibilité de l'immunosuppresseur et par conséquent de ses effets indésirables.,
IMMUNOSUPPRESSEURS,POSACONAZOLE,AD,Augmentation très importante des concentrations sanguines de l'immunosuppresseur par inhibition de son métabolisme hépatique.,"En cas d'association, contrôle strict de la fonction rénale, dosage des concentrations sanguines de l'immunosuppresseur et adaptation éventuelle de la posologie."
IMMUNOSUPPRESSEURS,PRISTINAMYCINE,PE,Augmentation des concentrations sanguines de l'immunosuppresseur par inhibition de son métabolisme hépatique.,"Dosage des concentrations sanguines de l'immunosuppresseur, contrôle de la fonction rénale et adaptation de sa posologie pendant l'association et après son arrêt."
IMMUNOSUPPRESSEURS,QUINUPRISTINE,PE,Augmentation des concentrations sanguines de l'immunosuppresseur par inhibition de son métabolisme hépatique.,"Dosage des concentrations sanguines de l'immunosuppresseur, contrôle de la fonction rénale et adaptation de la posologie pendant l'association et après son arrêt."
IMMUNOSUPPRESSEURS,RANOLAZINE,PE,Augmentation des concentrations sanguines de l'immunosuppresseur par inhibition de son métabolisme par la ranolazine.,"Surveillance clinique et biologique, et adaptation éventuelle de la posologie de l'immunosuppresseur."
IMMUNOSUPPRESSEURS,STIRIPENTOL,CI,Augmentation des concentrations sanguines de l'immunosuppresseur (diminution de son métabolisme hépatique).,
IMMUNOSUPPRESSEURS,TELITHROMYCINE,AD,Augmentation très importante des concentrations sanguines de l'immunosuppresseur par inhibition de son métabolisme hépatique.,"En cas d'association, contrôle strict de la fonction rénale, dosage des concentrations sanguines de l'immunosuppresseur et adaptation éventuelle de la posologie."
IMMUNOSUPPRESSEURS,VACCINS VIVANTS ATTÉNUÉS,CI,Risque de maladie vaccinale généralisée éventuellement mortelle.,Et pendant les 3 mois suivant l'arrêt du traitement.
IMMUNOSUPPRESSEURS,VÉMURAFÉNIB,AD,"Risque de diminution des concentrations des immunosuppresseurs, avec pour conséquence un risque d'inefficacité.",
IMMUNOSUPPRESSEURS,VORICONAZOLE,PE,Augmentation des concentrations sanguines de l'immunosuppresseur par inhibition de son métabolisme hépatique par le voriconazole.,"ASDEC - PE Association déconseillée - avec l'évérolimus, le sirolimus, et le temsirolimus. - avec la ciclosporine et le tacrolimus : dosage des concentrations sanguines de l'immunosuppresseur, contrôle de la fonction rénale et adaptation de la posologie pendant l'association et après son arrêt."
INDUCTEURS ENZYMATIQUES,ANDROGÈNES,PE,"Risque de diminution des concentrations plasmatiques de l'androgène et par conséquent de son efficacité, par augmentation de son métabolisme hépatique par l'inducteur.",Surveillance clinique et biologique pendant l'association et 1 à 2 semaines après l'arrêt de l'inducteur.
INDUCTEURS ENZYMATIQUES,APRÉMILAST,AD,Diminution des concentrations plasmatiques d'aprémilast par augmentatiion de son métabolisme par l'inducteur.,
INDUCTEURS ENZYMATIQUES,ARIPIPRAZOLE,PE,Diminution des concentrations plasmatiques de l'aripiprazole.,Surveillance clinique et adaptation éventuelle de la posologie de l'aripiprazole pendant l'association et 1 à 2 semaines après l'arrêt de l'inducteur.
INDUCTEURS ENZYMATIQUES,BAZÉDOXIFÈNE,PE,Diminution des concentrations plasmatiques de bazédoxifène par l'inducteur.,Surveillance d'éventuels signes évocateurs d'une perte d'efficacité (saignements).
INDUCTEURS ENZYMATIQUES,BÉDAQUILINE,AD,Diminution des concentrations plasmatiques de bédaquiline par augmentation de son métabolisme par l'inducteur.,
INDUCTEURS ENZYMATIQUES,BORTEZOMIB,APEC,"Diminution des concentrations du cytotoxique par augmentation de son métabolisme par l'inducteur, avec risque de moindre efficacité.",
INDUCTEURS ENZYMATIQUES,CABAZITAXEL,APEC,"Diminution des concentrations du cytotoxique par augmentation de son métabolisme par l'inducteur, avec risque de moindre efficacité.",
INDUCTEURS ENZYMATIQUES,CABOTEGRAVIR,APEC,"Diminution importante des concentrations de cabotégravir avec la rifampicine, avec risque de réduction de la réponse virologique.","CI - APEC Contre-indication : - avec la rifampicine, la carbamazépine, l'oxcarbazépine, la phénytoïne, le phénobarbital : - avec les autres inducteurs"
INDUCTEURS ENZYMATIQUES,CASPOFUNGINE,PE,Diminution des concentrations plasmatiques de caspofungine.,"En cas de traitement par inducteur, maintenir la posologie à 70 mg par jour dès le 2e jour."
INDUCTEURS ENZYMATIQUES,CYCLOPHOSPHAMIDE,AD,"Risque d'augmentation des concentrations plasmatiques du métabolite actif du cyclophosphamide par l'inducteur, et donc de sa toxicité.",
INDUCTEURS ENZYMATIQUES,CYPROTERONE,PE,Risque de diminution de l'efficacité de la cyprotérone.,"ASDEC - PE Association déconseillée: - dans son utilisation comme contraceptif hormonal: utiliser de préférence une autre méthode de contraception en particulier de type mécanique, pendant la durée de l'association et un cycle suivant. - dans ses indications comme anti-androgène: surveillance clinique et adaptation éventuelle de la posologie de la cyprotérone pendant l'association et après son arrêt."
INDUCTEURS ENZYMATIQUES,DASABUVIR,CI,Risque de diminution des concentrations plasmatiques du dasabuvir par l'inducteur.,
INDUCTEURS ENZYMATIQUES,DISOPYRAMIDE,PE,Risque de diminution des concentrations du disopyramide par l'inducteur.,Surveillance clinique et éventuellement adaptation de la posologie du disopyramide pendant l'association et 1 à 2 semaines après l'arrêt de l'inducteur.
INDUCTEURS ENZYMATIQUES,DOCETAXEL,AD,"Diminution des concentrations du cytotoxique par augmentation de son métabolisme par l'inducteur, avec risque de moindre efficacité.",
INDUCTEURS ENZYMATIQUES,DOLUTÉGRAVIR,PE,Diminution des concentrations plasmatiques de dolutégravir par augmentation de son métabolisme par l'inducteur.,ASDEC - PE Association déconseillée : - en cas de résistance à la classe des inhibiteurs d'intégrase : - en l'absence de résistance à la classe des inhibiteurs d'intégrase Adaptation de la posologie de dolutégravir à 50 mg 2 fois par jour pendant l'association et une semaine après son arrêt.
INDUCTEURS ENZYMATIQUES,ESTROPROGESTATIFS CONTRACEPTIFS,AD,"Diminution de l'efficacité contraceptive, par augmentation du métabolisme hépatique du contraceptif hormonal par l'inducteur.","Utiliser une méthode additionnelle de type mécanique (préservatif) pendant la durée de l'association, et un cycle suivant l'arrêt de l'inducteur."
INDUCTEURS ENZYMATIQUES,ETOPOSIDE,AD,Diminution des concentrations plasmatiques d'étoposide par l'inducteur.,"Si l'association s'avère nécessaire, surveillance clinique et adaptation éventuelle de la posologie d'étoposide pendant l'association, et 1 à 2 semaines après l'arrêt de l'inducteur."
INDUCTEURS ENZYMATIQUES,FOSTEMSAVIR,APEC,"Diminution significative des concentrations de fotemsavir avec la rifampicine, avec risque de réduction de la réponse virologique.","CI - APEC Contre-indication : - avec la rifampicine, la carbamazépine, la phénytoïne, l'enzalutamide : - avec les autres inducteurs"
INDUCTEURS ENZYMATIQUES,GLASDÉGIB,PE,"Diminution, éventuellement importante selon l'inducteur, des concentrations de glasdégib par augmentation de son métabolisme, avec risque d'inefficacité.","ASDEC - PE Association déconseillée - avec la rifampicine - avec les anticonvulsivants inducteurs enzymatiques (carbamazépine, phénytoïne, phénobarbital…) - avec les autres inducteurs - si l'association ne peut être évitée, augmenter la dose de glasdégib."
INDUCTEURS ENZYMATIQUES,GLUCOCORTICOÏDES (SAUF HYDROCORTISONE),PE,Diminution des concentrations plasmatiques et de l'efficacité des corticoïdes par augmentation de leur métabolisme hépatique par l'inducteur ; les conséquences sont particulièrement importantes chez les addisoniens traités par l'hydrocortisone et en cas de transplantation.,Surveillance clinique et biologique ; adaptation de la posologie des corticoïdes pendant le traitement par l'inducteur et après son arrêt.
INDUCTEURS ENZYMATIQUES,GRAZOPREVIR + ELBASVIR,CI,"Risque de diminution des concentrations de grazoprévir et d'elbasvir par l'inducteur, avec possible retentissement sur l'efficacité.",
INDUCTEURS ENZYMATIQUES,HYDROCORTISONE,PE,Risque de diminution de l'efficacité de l'hydrocortisone (augmentation de son métabolisme) ; les conséquences sont graves lorsque l'hydrocortisone est administrée en traitement substitutif ou en cas de transplantation.,Surveillance clinique et biologique ; adaptation de la posologie de l'hydrocortisone pendant l'association et après l'arrêt de l'inducteur enzymatique.
INDUCTEURS ENZYMATIQUES,IMMUNOSUPPRESSEURS,PE,"Diminution des concentrations sanguines et de l'efficacité de l'immunosuppresseur, par augmentation de son métabolisme hépatique par l'inducteur.",Augmentation de la posologie de l'immunosuppresseur sous contrôle des concentrations sanguines. Réduction de la posologie après l'arrêt de l'inducteur.
INDUCTEURS ENZYMATIQUES,IRINOTECAN,AD,"Diminution probable des concentrations plasmatiques du métabolite actif de l'irinotécan, avec risque d'échec du traitement cytotoxique.",
INDUCTEURS ENZYMATIQUES,ISAVUCONAZOLE,CI,Diminution des concentrations plasmatiques d'isavuconazole par augmentation de son métabolisme hépatique par l'inducteur.,
INDUCTEURS ENZYMATIQUES,ITRACONAZOLE,AD,"Diminution des concentrations plasmatiques d'itraconazole, avec risque de perte d'efficacité, par augmentation de son métabolisme hépatique par l'inducteur.",
INDUCTEURS ENZYMATIQUES,IVACAFTOR (SEUL OU ASSOCIÉ),AD,"Diminution importante des concentrations de l'ivacaftor, avec risque de perte d'efficacité.",
INDUCTEURS ENZYMATIQUES,LEVONORGESTREL,PE,"Avec le lévonorgestrel utilisé dans l'indication contraception d'urgence, diminution importante des concentrations plasmatiques de lévonorgestrel, avec risque d'inefficacité.","En cas de prise d'un médicament inducteur dans les 4 dernières semaines, l'utilisation d'une contraception d'urgence non hormonale (DIU au cuivre) devrait s'envisager. Si ce n'est pas possible, le doublement de la dose de lévonorgestrel est une autre option."
INDUCTEURS ENZYMATIQUES,LURASIDONE,CI,Diminution des concentrations plasmatiques de la lurasidone par augmentation de son métabolisme hépatique par l'inducteur.,
INDUCTEURS ENZYMATIQUES,MACITENTAN,AD,Diminution des concentrations plasmatiques de macitentan par augmentation de son métabolisme par l'inducteur.,
INDUCTEURS ENZYMATIQUES,MARAVIROC,PE,"En l'absence de co-administration avec un inhibiteur puissant du CYP3A4, diminution des concentrations de maraviroc par l'inducteur (sauf la névirapine).",La dose de maraviroc doit être augmentée à 600 mg deux fois par jour dans cette situation.
INDUCTEURS ENZYMATIQUES,MARIBAVIR,AD,"Diminution possiblement importante des concentrations de maribavir avec la rifampicine, avec risque de réduction de la réponse virologique.","Si l'association ne peut être évitée, augmentation éventuelle de la posologie de maribavir."
INDUCTEURS ENZYMATIQUES,METHADONE,PE,"Diminution des concentrations plasmatiques de méthadone avec risque d'apparition d'un syndrome de sevrage, par augmentation de son métabolisme hépatique.",Augmenter la fréquence des prises de méthadone (2 à 3 fois par jour au lieu d'une fois par jour).
INDUCTEURS ENZYMATIQUES,MIANSERINE,AD,Risque d'inefficacité de la miansérine.,
INDUCTEURS ENZYMATIQUES,MIDOSTAURINE,CI,Diminution des concentrations de midostaurine par l'inducteur enzymatique.,
INDUCTEURS ENZYMATIQUES,NALOXEGOL,AD,Diminution des concentrations de naloxegol par l'inducteur.,
INDUCTEURS ENZYMATIQUES,NÉTUPITANT,AD,Diminution très importante des concentrations de nétupitant avec risque de perte d'efficacité.,
INDUCTEURS ENZYMATIQUES,OLAPARIB,AD,"Diminution, éventuellement très importante selon l'inducteur, des concentrations plasmatiques de l'olaparib par augmentation de son métabolisme hépatique par l'inducteur.",
INDUCTEURS ENZYMATIQUES,OMBITASVIR + PARITAPRÉVIR,CI,Diminution des concentrations plasmatiques de la bithérapie par augmentation de son métabolisme hépatique par l'inducteur.,
INDUCTEURS ENZYMATIQUES,OXYCODONE,AD,Diminution des concentrations plasmatiques de l'oxycodone par augmentation de son métabolisme par l'inducteur.,Adaptation éventuelle de la posologie d'oxycodone .
INDUCTEURS ENZYMATIQUES,PACLITAXEL,AD,"Diminution des concentrations du cytotoxique par augmentation de son métabolisme par l'inducteur, avec risque de moindre efficacité.",
INDUCTEURS ENZYMATIQUES,PROGESTATIFS CONTRACEPTIFS,AD,"Diminution de l'efficacité contraceptive du contraceptif hormonal, par augmentation de son métabolisme hépatique par l'inducteur.","Utiliser de préférence une autre méthode contraceptive, en particulier de type mécanique, pendant la durée de l'association et un cycle suivant."
INDUCTEURS ENZYMATIQUES,"PROGESTATIFS NON CONTRACEPTIFS, ASSOCIÉS OU NON À UN ESTROGÈNE",PE,Diminution de l'efficacité du progestatif.,Surveillance clinique et adaptation éventuelle de la posologie du traitement hormonal pendant l'administration de l'inducteur et après son arrêt.
INDUCTEURS ENZYMATIQUES,RÉGORAFÉNIB,AD,Diminution des concentrations plasmatiques de régorafenib par augmentation de son métabolisme par l'inducteur.,
INDUCTEURS ENZYMATIQUES,RILPIVIRINE,CI,Diminution significative des concentrations plasmatiques de rilpivirine par augmentation de son métabolisme hépatique par l'inducteur.,
INDUCTEURS ENZYMATIQUES,ROLAPITANT,AD,Diminution très importante des concentrations de rolapitant avec risque de perte d'efficacité.,
INDUCTEURS ENZYMATIQUES,SERTRALINE,AD,Risque d'inefficacité du traitement antidépresseur.,
INDUCTEURS ENZYMATIQUES,TAMOXIFENE,APEC,Risque d'inefficacité du tamoxifène par augmentation de son métabolisme par l'inducteur.,
INDUCTEURS ENZYMATIQUES,TÉNOFOVIR ALAFÉNAMIDE,AD,Diminution des concentrations plasmatiques du ténofovir alafénamide par diminution de son absorption par l'inducteur.,"Si l'association ne peut être évitée, surveillance clinique pendant l'association et 1 à 2 semaines après l'arrêt de l'inducteur."
INDUCTEURS ENZYMATIQUES,VÉMURAFÉNIB,AD,"Risque de diminution des concentrations du vémurafénib, avec moindre efficacité.",
INDUCTEURS ENZYMATIQUES,VÉNÉTOCLAX,AD,"Diminution importante des concentrations de vénétoclax, avec risque de perte d'efficacité.",
INDUCTEURS ENZYMATIQUES,VINCA-ALCALOÏDES CYTOTOXIQUES,AD,"Diminution des concentrations plasmatiques du vinca-alcaloïde par l'inducteur, avec possible retentissement sur l'efficacité..",
INDUCTEURS ENZYMATIQUES,VISMODÉGIB,AD,Risque de diminution des concentrations plasmatiques de vismodegib par augmentation de son métabolisme hépatique par l'inducteur.,
INDUCTEURS ENZYMATIQUES PUISSANTS,ABIRATERONE,AD,"Diminution notable des concentrations plasmatiques de l'abiratérone, avec risque de moindre efficacité.",
INDUCTEURS ENZYMATIQUES PUISSANTS,AFATINIB,PE,Diminution des concentrations plasmatiques de l'afatinib par augmentation de son métabolisme par ces substances.,Surveillance clinique pendant l'association et 1 à 2 semaines après leur arrêt.
INDUCTEURS ENZYMATIQUES PUISSANTS,ALBENDAZOLE,PE,"Diminution importante des concentrations plasmatiques de l'albendazole et de son métabolite actif par l'inducteur, avec risque de baisse de son efficacité.",Surveillance clinique de la réponse thérapeutique et adaptation éventuelle de la posologie de l'albendazole pendant le traitement avec l'inducteur enzymatique et après son arrêt.
INDUCTEURS ENZYMATIQUES PUISSANTS,ANTAGONISTES DES CANAUX CALCIQUES,PE,Diminution des concentrations plasmatiques de l'antagoniste du calcium par augmentation de son métabolisme hépatique.,ASDEC - PE Association déconseillée avec la nimodipine : Surveillance clinique et adaptation éventuelle de la posologie de l'antagoniste du calcium pendant le traitement par l'inducteur et après son arrêt.
INDUCTEURS ENZYMATIQUES PUISSANTS,ANTIARYTHMIQUES CLASSE IA,PE,"Diminution des concentrations plasmatiques et de l'efficacité de l'antiarythmique, par augmentation de son métabolisme hépatique par l'inducteur.","Surveillance clinique, ECG et contrôle des concentrations plasmatiques ; si besoin, adaptation de la posologie de l'antiarythmique pendant le traitement par l'inducteur et après son arrêt."
INDUCTEURS ENZYMATIQUES PUISSANTS,ANTIVITAMINES K,PE,"Diminution (ou, rarement, augmentation avec la phénytoïne) de l'effet de l'antivitamine K par augmentation de son métabolisme hépatique par l'anticonvulsivant inducteur.",Contrôle plus fréquent de l'INR. Adaptation éventuelle de la posologie de l'antivitamine K pendant le traitement par l'anticonvulsivant inducteur et 8 jours après son arrêt.
INDUCTEURS ENZYMATIQUES PUISSANTS,APIXABAN,AD,"Diminution des concentrations plasmatiques de l'apixaban par l'inducteur enzymatique, avec risque de réduction de l'effet thérapeutique.",
INDUCTEURS ENZYMATIQUES PUISSANTS,APREPITANT,AD,Risque de diminution très importante des concentrations d'aprépitant.,
INDUCTEURS ENZYMATIQUES PUISSANTS,BOSENTAN,AD,Risque de diminution des concentrations plasmatiques de,
INDUCTEURS ENZYMATIQUES PUISSANTS,CANNABIDIOL,AD,Diminution des concentrations plasmatiques de cannabidiol avec risque de perte d'efficacité.,
INDUCTEURS ENZYMATIQUES PUISSANTS,CLOZAPINE,PE,"Diminution des concentrations plasmatiques de clozapine avec risque de perte d'efficacité. De plus, avec la carbamazépine, risque de majoration des effets hématologiques graves.","ASDEC - PE Association déconseillée: - avec la carbamazépine, l'apalutamide, l'enzalutamide : - Avec la phénytoïne, la fosphénytoïne, la primidone, le phénobarbital. Surveillance clinique et adaptation posologique de la clozapine pendant l'association et après l'arrêt de l'inducteur - Avec l'apalutamide, l'enzalutamide : risque vraisemblablement modéré"
INDUCTEURS ENZYMATIQUES PUISSANTS,COBICISTAT,CI,Risque de diminution de l'efficacité du cobicistat par augmentation de son métabolisme par l'inducteur.,
INDUCTEURS ENZYMATIQUES PUISSANTS,DABIGATRAN,AD,"Diminution des concentrations plasmatiques de dabigatran, avec risque de diminution de l'effet thérapeutique.",
INDUCTEURS ENZYMATIQUES PUISSANTS,DAROLUTAMIDE,AD,Diminution des concentrations plasmatiques de dalorutamide avec risque de perte d'efficacité.,
INDUCTEURS ENZYMATIQUES PUISSANTS,DEFERASIROX,PE,Risque de diminution des concentrations plasmatiques de déférasirox.,"Surveiller la ferritinémie pendant et après le traitement par l'inducteur enzymatique. Si besoin, adaptation de la posologie de déférasirox."
INDUCTEURS ENZYMATIQUES PUISSANTS,DÉLAMANID,CI,Diminution des concentrations plasmatiques de delamanid par augmentation de son métabolisme hépatique par l'inducteur.,
INDUCTEURS ENZYMATIQUES PUISSANTS,DOXYCYCLINE,APEC,Risque de diminution importante des concentrations de doxycycline.,
INDUCTEURS ENZYMATIQUES PUISSANTS,DRONEDARONE,AD,"Diminution importante des concentrations de dronédarone par augmentation de son métabolisme, sans modification notable du métabolite actif.",
INDUCTEURS ENZYMATIQUES PUISSANTS,ESTROGÈNES NON CONTRACEPTIFS,PE,Diminution de l'efficacité de l'estrogène.,Surveillance clinique et adaptation éventuelle de la posologie du traitement hormonal pendant l'administration de l'inducteur et après son arrêt.
INDUCTEURS ENZYMATIQUES PUISSANTS,FENTANYL,AD,Diminution des concentrations plasmatiques de fentanyl par augmentation de son métabolisme hépatique par l'inducteur.,Préférer un autre morphinique.
INDUCTEURS ENZYMATIQUES PUISSANTS,HALOPERIDOL,PE,Risque de moindre efficacité de l'halopéridol par augmentation de son métabolisme hépatique par l'inducteur.,"Surveillance clinique et, si besoin, adaptation posologique pendant le traitement par l'halopéridol et après son arrêt."
INDUCTEURS ENZYMATIQUES PUISSANTS,HORMONES THYROÏDIENNES,PE,"Risque d'hypothyroïdie clinique chez les patients hypothyroïdiens, par augmentation du métabolisme de la T3 et de la T4.","Surveillance clinique et biologique. Adaptation, si besoin, de la posologie des hormones thyroïdiennes pendant le traitement par l'inducteur et après son arrêt."
INDUCTEURS ENZYMATIQUES PUISSANTS,IDÉLALISIB,AD,Diminution des concentrations plasmatiques d'idélalisib par augmentation de son métabolisme hépatique par l'inducteur enzymatique.,
INDUCTEURS ENZYMATIQUES PUISSANTS,INHIBITEURS DE LA 5-ALPHA REDUCTASE,AD,Diminution des concentrations plasmatiques de l'inhibiteur de la 5- alpha réductase par l'inducteur enzymatique.,"Si l'association ne peut être évitée, surveillance clinique étroite."
INDUCTEURS ENZYMATIQUES PUISSANTS,INHIBITEURS DE PROTÉASES BOOSTÉS PAR RITONAVIR,PE,Risque de baisse de l'efficacité de l'inhibiteur de protéases par augmentation de son métabolisme hépatique par l'inducteur.,"Surveillance clinique et biologique régulière, notamment en début d'association."
INDUCTEURS ENZYMATIQUES PUISSANTS,INHIBITEURS DE TYROSINE KINASES MÉTABOLISÉS,AD,"Diminution des concentrations plasmatiques et de l'efficacité de l'inhibiteur de tyrosine kinase, par augmentation de son métabolisme par l'inducteur.",
INDUCTEURS ENZYMATIQUES PUISSANTS,IVABRADINE,PE,"Risque de diminution de l'efficacité de l'ivabradine, par augmentation de son métabolisme par l'inducteur.",Surveillance clinique et adaptation de la posologie de l'ivabradine pendant l'association et après l'arrêt de l'inducteur.
INDUCTEURS ENZYMATIQUES PUISSANTS,LÉDIPASVIR,CI,Diminution importante des concentrations plasmatiques du lédipasvir par augmentation de son métabolisme hépatique par l'inducteur enzymatique.,Sauf pour enzalutamide
INDUCTEURS ENZYMATIQUES PUISSANTS,LÉNACAPAVIR,CI,"Diminution, éventuellement considérable, des concentrations de lénacapavir, avec risque de réduction de la réponse virologique.",
INDUCTEURS ENZYMATIQUES PUISSANTS,METRONIDAZOLE,PE,Diminution des concentrations plasmatiques du métronidazole par augmentation de son métabolisme hépatique par l'inducteur.,Surveillance clinique et adaptation éventuelle de la posologie de métronidazole pendant le traitement par l'inducteur et après son arrêt.
INDUCTEURS ENZYMATIQUES PUISSANTS,MIDAZOLAM,APEC,Risque de diminution des concentrations plasmatiques du midazolam par l'anticonvulsivant.,
INDUCTEURS ENZYMATIQUES PUISSANTS,MINÉRALOCORTICOÏDES,PE,Diminution des concentrations plasmatiques et de l'efficacité des corticoïdes par augmentation de leur métabolisme hépatique par l'inducteur : les conséquences sont particulièrement importantes chez les addisoniens traités par l'hydrocortisone et en cas de transplantation.,Surveillance clinique et biologique ; adaptation de la posologie des corticoïdes pendant le traitement par l'inducteur et après son arrêt.
INDUCTEURS ENZYMATIQUES PUISSANTS,MONTELUKAST,PE,Risque de baisse de l'efficacité du montélukast par augmentation de son métabolisme hépatique par l'inducteur.,Surveillance clinique et adaptation éventuelle de la posologie de l'anti- asthmatique pendant le traitement par l'inducteur et après son arrêt.
INDUCTEURS ENZYMATIQUES PUISSANTS,NIMODIPINE,AD,Diminution des concentrations plasmatiques de l'antagoniste du calcium par augmentation de son métabolisme hépatique par l'inducteur.,Surveillance clinique et adaptation éventuelle de la posologie de l'antagoniste du calcium pendant le traitement par l'inducteur et après son arrêt.
INDUCTEURS ENZYMATIQUES PUISSANTS,OZANIMOD,AD,Diminution des concentrations des métabolites actifs de l'ozanimod d'environ 60%.,
INDUCTEURS ENZYMATIQUES PUISSANTS,PÉRAMPANEL,APEC,Diminution importante (jusqu'aux deux-tiers) des concentrations de pérampanel.,
INDUCTEURS ENZYMATIQUES PUISSANTS,POSACONAZOLE,PE,Diminution des concentrations plasmatiques et de l'efficacité du posaconazole.,"Surveillance clinique. Si possible, dosages plasmatiques du posaconazole et adaptation éventuelle de sa posologie."
INDUCTEURS ENZYMATIQUES PUISSANTS,PRAZIQUANTEL,AD,"Diminution très importante des concentrations plasmatiques du praziquantel, avec risque d'échec du traitement, par augmentation de son métabolisme hépatique par l'inducteur.",
INDUCTEURS ENZYMATIQUES PUISSANTS,PROCARBAZINE,APEC,"Augmentation des réactions d'hypersensibilité (hyperéosinophilie, rash), par augmentation du métabolisme de la procarbazine par l'inducteur.",
INDUCTEURS ENZYMATIQUES PUISSANTS,PROPAFENONE,PE,Diminution des concentrations plasmatiques de la propafénone par augmentation de son métabolisme hépatique par l'inducteur.,"Surveillance clinique et ECG. S'il y a lieu, adaptation de la posologie de la propafénone pendant l'association et après l'arrêt de l'inducteur."
INDUCTEURS ENZYMATIQUES PUISSANTS,QUETIAPINE,AD,"Diminution très importante des concentrations plasmatiques de quétiapine par augmentation de son métabolisme hépatique par l'inducteur, avec risque d'inefficacité.",
INDUCTEURS ENZYMATIQUES PUISSANTS,QUININE,PE,Risque de perte de l'efficacité de la quinine par augmentation de son métabolisme hépatique par l'inducteur.,Surveillance clinique et adaptation de la posologie de la quinine pendant le traitement par l'inducteur et après son arrêt.
INDUCTEURS ENZYMATIQUES PUISSANTS,RANOLAZINE,AD,Risque de diminution importante des concentrations de ranolazine.,
INDUCTEURS ENZYMATIQUES PUISSANTS,RIVAROXABAN,AD,"Diminution des concentrations plasmatiques de rivaroxaban, avec risque de diminution de l'effet thérapeutique.",
INDUCTEURS ENZYMATIQUES PUISSANTS,SACITUZUMAB,APEC,"Pour le SN38 lié au sacizutumab (govitécan) : risque de diminution de son exposition, par augmentation de son métabolisme.",
INDUCTEURS ENZYMATIQUES PUISSANTS,SOTORASIB,AD,"Diminution notable des concentrations plasmatiques du sotorasib, avec risque de moindre efficacité.",
INDUCTEURS ENZYMATIQUES PUISSANTS,STIRIPENTOL,PE,"Augmentation des concentrations plasmatiques de l'inducteur, avec risque de surdosage, par inhibition de son métabolisme hépatique par le stiripentol.","Surveillance clinique et dosage plasmatique, lorsque cela est possible, de l'inducteur associé au stiripentol et adaptation éventuelle de sa posologie."
INDUCTEURS ENZYMATIQUES PUISSANTS,TELITHROMYCINE,AD,"Diminution des concentrations plasmatiques de la télithromycine, avec risque d'échec du traitement anti-infectieux, par augmentation de son métabolisme hépatique par l'inducteur.",
INDUCTEURS ENZYMATIQUES PUISSANTS,"THÉOPHYLLINE (ET, PAR EXTRAPOLATION, AMINOPHYLLINE)",PE,Diminution des concentrations plasmatiques et de l'efficacité de la théophylline par augmentation de son métabolisme hépatique par l'inducteur.,"Surveillance clinique et, si besoin, de la théophyllinémie. Adaptation éventuelle de la posologie de la théophylline pendant le traitement par l'inducteur et après son arrêt."
INDUCTEURS ENZYMATIQUES PUISSANTS,TIAGABINE,PE,Diminution des concentrations plasmatiques de la tiagabine par augmentation de son métabolisme hépatique par l'inducteur.,Une augmentation de la posologie de tiagabine peut s'avérer nécessaire en cas d'association à un anticonvulsivant inducteur enzymatique.
INDUCTEURS ENZYMATIQUES PUISSANTS,TICAGRELOR,AD,"Diminution importante des concentrations plasmatiques de ticagrelor par augmentation de son métabolisme hépatique par l'inducteur enzymatique, avec risque de diminution de l'effet thérapeutique.",
INDUCTEURS ENZYMATIQUES PUISSANTS,ULIPRISTAL,AD,"Risque de diminution de l'effet de l'ulipristal, par augmentation de son métabolisme hépatique par l'inducteur.",Préférer une alternative thérapeutique peu ou pas métabolisée.
INDUCTEURS ENZYMATIQUES PUISSANTS,VELPATASVIR,CI,"Diminution des concentrations plasmatiques de velpatasvir par l'inducteur, avec possible retentissement sur l'efficacité.",
INDUCTEURS ENZYMATIQUES PUISSANTS,VITAMINE D,PE,Diminution des concentrations de vitamine D plus marquée qu'en l'absence d'inducteur.,Dosage des concentrations de vitamine D et supplémentation si nécessaire.
INDUCTEURS ENZYMATIQUES PUISSANTS,VOXELOTOR,AD,"Diminution notable des concentrations plasmatiques du voxelotor, avec risque de moindre efficacité.",
INHIBITEURS DE LA 5-ALPHA REDUCTASE,INDUCTEURS ENZYMATIQUES PUISSANTS,AD,Diminution des concentrations plasmatiques de l'inhibiteur de la 5- alpha réductase par l'inducteur enzymatique.,"Si l'association ne peut être évitée, surveillance clinique étroite."
INHIBITEURS DE LA 5-ALPHA REDUCTASE,MILLEPERTUIS,CI,Diminution des concentrations plasmatiques de l'inhibiteur de la 5- alpha réductase par le millepertuis.,
INHIBITEURS DE LA 5-ALPHA REDUCTASE,RIFAMPICINE,AD,Diminution des concentrations plasmatiques de l'inhibiteur de la 5- alpha réductase par l'inducteur enzymatique.,"Si l'association ne peut être évitée, surveillance clinique étroite."
INHIBITEURS DE LA CATÉCHOL-O-MÉTHYLTRANSFÉRASE (COMT),IMAO IRRÉVERSIBLES,CI,"Potentialisation des effets pharmacologiques, et notamment vasopresseurs, des catécholamines par inhibition conjuguée de leur métabolisme.",
INHIBITEURS DE LA PHOSPHODIESTERASE DE TYPE 5,ALPHABLOQUANTS À VISÉE UROLOGIQUE,PE,"Risque d'hypotension orthostatique, notamment chez le sujet âgé.",ASDEC - PE Association déconseillée : - avec la doxazosine : - avec les autres alpha-bloquants Débuter le traitement aux posologies minimales recommandées et adapter progressivement les doses si besoin.
INHIBITEURS DE LA PHOSPHODIESTERASE DE TYPE 5,ANTIHYPERTENSEURS ALPHA-BLOQUANTS,PE,"Risque d'hypotension orthostatique, notamment chez le sujet âgé.",ASDEC - PE Association déconseillée : - avec la doxazosine : - avec les autres alpha-bloquants Débuter le traitement aux posologies minimales recommandées et adapter progressivement les doses si besoin.
INHIBITEURS DE LA PHOSPHODIESTERASE DE TYPE 5,DÉRIVÉS NITRÉS ET APPARENTÉS,CI,Risque d'hypotension importante (effet synergique) pouvant aggraver l'état d'ischémie myocardique et provoquer notamment un accident coronarien aigu.,
INHIBITEURS DE LA PHOSPHODIESTERASE DE TYPE 5,RIOCIGUAT,CI,Risque d'hypotension importante (effet synergique).,
INHIBITEURS DE LA XANTHINE OXYDASE,ANTIPURINES,CI,Insuffisance médullaire éventuellement grave.,
INHIBITEURS DE LA XANTHINE OXYDASE,"THÉOPHYLLINE (ET, PAR EXTRAPOLATION, AMINOPHYLLINE)",PE,"En cas de posologies élevées de l'inhibiteur, augmentation des concentrations plasmatiques de théophylline par inhibition de son métabolisme.","Surveillance clinique et contrôle de la théophyllinémie jusqu'à deux à trois semaines après la mise en route du traitement par l'inhibiteur ; s'il y a lieu, adaptation de la posologie pendant le traitement par l'association."
INHIBITEURS DE L'ENZYME DE CONVERSION,ACIDE ACETYLSALICYLIQUE,PE,"Pour des doses anti-inflammatoires d'acide acétylsalicylique (>= 1g par prise et/ou >= 3g par jour) ou pour des doses antalgiques ou antipyrétiques (>= 500 mg par prise et/ou < 3g par jour) : Insuffisance rénale aiguë chez le patient à risque (âgé, déshydraté, sous diurétiques, avec une fonction rénale altérée), par diminution de la filtration glomérulaire secondaire à une diminution de la synthèse des prostaglandines rénales. Par ailleurs, réduction de l'effet antihypertenseur.",Hydrater le malade et surveiller la fonction rénale en début de traitement et régulièrement pendant l'association.
INHIBITEURS DE L'ENZYME DE CONVERSION,ANTAGONISTES DES RÉCEPTEURS DE L'ANGIOTENSINE II,APEC,"Dans les indications où cette association est possible, risque accru de dégradation de la fonction rénale, voire insuffisance rénale aiguë, et majoration de l'hyperkaliémie, ainsi que de l'hypotension et des syncopes.",
INHIBITEURS DE L'ENZYME DE CONVERSION,ANTI-INFLAMMATOIRES NON STÉROÏDIENS,PE,"Insuffisance rénale aiguë chez le patient à risque (âgé, déshydraté, sous diurétiques, avec une fonction rénale altérée), par diminution de la filtration glomérulaire secondaire à une diminution de la synthèse des prostaglandines rénales. Ces effets sont généralement réversibles. Par ailleurs, réduction de l'effet antihypertenseur.",Hydrater le malade et surveiller la fonction rénale en début de traitement et régulièrement pendant l'association.
INHIBITEURS DE L'ENZYME DE CONVERSION,DIURÉTIQUES ÉPARGNEURS DE POTASSIUM (SEULS OU ASSOCIÉS),PE,Risque d'hyperkaliémie (potentiellement létale) surtout en cas d'insuffisance rénale (addition des effets hyperkaliémiants).,"ASDEC - PE Association déconseillée : - si l'association est justifiée, contrôle strict de la kaliémie et de la fonction rénale. : - pour la spironolactone à des doses comprises entre 12,5 mg et 50 mg/jour, et pour l'éplérénone utilisées dans le traitement de l'insuffisance cardiaque, ainsi qu'en cas d'hypokaliémie : contrôle strict de la kaliémie et de la fonction rénale."
INHIBITEURS DE L'ENZYME DE CONVERSION,DIURÉTIQUES HYPOKALIÉMIANTS,PE,Risque d'hypotension artérielle brutale et/ou d'insuffisance rénale aiguë lors de l'instauration ou de l'augmentation de la posologie d'un traitement par un inhibiteur de l'enzyme de conversion en cas de déplétion hydrosodée préexistante.,"Dans l'hypertension artérielle, lorsqu'un traitement diurétique préalable a pu entraîner une déplétion hydrosodée, il faut : - soit arrêter le diurétique avant de débuter le traitement par l'IEC, et réintroduire un diurétique hypokaliémiant si nécessaire ultérieurement ; - soit administrer des doses initiales réduites d'IEC et augmenter progressivement la posologie. Dans l'insuffisance cardiaque congestive traitée par diurétiques, commencer par une dose très faible d'IEC, éventuellement après réduction de la dose du diurétique hypokaliémient associé. Dans tous les cas : surveiller la fonction rénale (créatininémie) dans les premières semaines du traitement par l'IEC."
INHIBITEURS DE L'ENZYME DE CONVERSION,EPLERENONE,PE,"Majoration du risque d'hyperkaliémie, notamment chez le sujet âgé.",Contrôle strict de la kaliémie et de la fonction rénale pendant l'association.
INHIBITEURS DE L'ENZYME DE CONVERSION,ESTRAMUSTINE,AD,Risque de majoration des effets indésirables à type d'oedème angio-neurotique (angio-oedème).,
INHIBITEURS DE L'ENZYME DE CONVERSION,GLIPTINES,APEC,Risque de majoration de la survenue d'un angio-œdème d'origine bradykinique pouvant être fatal.,
INHIBITEURS DE L'ENZYME DE CONVERSION,INSULINE,PE,L'utilisation des IEC peut entraîner une majoration de l'effet hypoglycémiant chez le diabétique traité par insuline. La survenue de malaises hypoglycémiques semble exceptionnelle (amélioration de la tolérance au glucose qui aurait pour conséquence une réduction des besoins en insuline).,Renforcer l'autosurveillance glycémique.
INHIBITEURS DE L'ENZYME DE CONVERSION,LITHIUM,AD,Augmentation de la lithémie pouvant atteindre des valeurs toxiques (diminution de l'excrétion rénale du lithium).,"Si l'usage d'un IEC est indispensable, surveillance stricte de la lithémie et adaptation de la posologie du lithium."
INHIBITEURS DE L'ENZYME DE CONVERSION,OR,APEC,"Avec les sels d'or administrés par voie IV : risque de réaction «nitritoïde» à l'introduction de l'IEC (nausées, vomissements, effets vasomoteurs à type de flush, hypotension, éventuellement collapsus).",
INHIBITEURS DE L'ENZYME DE CONVERSION,POTASSIUM,AD,"Pour une quantité de potassium > à 1 mmol/prise, hyperkaliémie potentiellement létale, notamment chez l'insuffisant rénale ( addition des effets hyperkaliémiants).",Sauf s'il existe une hypokaliémie.
INHIBITEURS DE L'ENZYME DE CONVERSION,SACUBITRIL,CI,Augmentation du risque d'angioedème.,
INHIBITEURS DE L'ENZYME DE CONVERSION,SIROLIMUS,APEC,Majoration du risque d'angio-oedème.,
INHIBITEURS DE L'ENZYME DE CONVERSION,SPIRONOLACTONE,PE,"Avec la spironolactone à la posologie de 12,5 à 50 mg par jour, et avec des doses faibles d'IEC. Dans le traitement de l'insuffisance cardiaque de classe III ou IV (NYHA) avec fraction d'éjection <35 % et préalablement traitée par l'association inhibiteur de conversion + diurétique de l'anse : risque d'hyperkaliémie, potentiellement létale, en cas de non-respect des conditions de prescription de cette association.","Vérifier au préalable l'absence d'hyperkaliémie et d'insuffisance rénale. Surveillance biologique étroite de la kaliémie et de la créatininémie (1 fois par semaine pendant le premier mois, puis une fois par mois ensuite)."
INHIBITEURS DE L'ENZYME DE CONVERSION,SULFAMIDES HYPOGLYCÉMIANTS,PE,L'utilisation des IEC peut entraîner une majoration de l'effet hypoglycémiant chez le diabétique traité par sulfamides hypoglycémiants. La survenue de malaises hypoglycémiques semble exceptionnelle (amélioration de la tolérance au glucose qui aurait pour conséquence une réduction des besoins en sulfamides hypoglycémiants).,Renforcer l'autosurveillance glycémique.
INHIBITEURS DE L'ENZYME DE CONVERSION,TEMSIROLIMUS,APEC,Majoration du risque d'angio-oedème.,
INHIBITEURS DE L'HMG-COA RÉDUCTASE (STATINES),ACIDE FUSIDIQUE,CI,Risque majoré d'effets indésirables (concentration-dépendants) à type de rhabdomyolyse.,Arrêter le traitement par l'inhibiteur de l'HMG Co-A réductase avant d'initier un traitement par acide fusidique ou utiliser un autre antibiotique.
INHIBITEURS DE L'HMG-COA RÉDUCTASE (STATINES),ANTIVITAMINES K,PE,Augmentation de l'effet de l'antivitamine K et du risque hémorragique.,Contrôle plus fréquent de l'INR. Adaptation éventuelle de la posologie de l'antivitamine K.
INHIBITEURS DE L'HMG-COA RÉDUCTASE (STATINES),COBIMÉTINIB,APEC,Risque majoré de rhabdomyolyse.,
INHIBITEURS DE L'HMG-COA RÉDUCTASE (STATINES),COLCHICINE,PE,"Risque de majoration des effets indésirables musculaires de ces substances, et notamment de rhabdomyolyse.","Surveillance clinique et biologique, notamment au début de l'association."
INHIBITEURS DE L'HMG-COA RÉDUCTASE (STATINES),DAPTOMYCINE,AD,Risque d'addition des effets indésirables (dose-dépendant) à type de rhabdomyolyse.,"Si l'association ne peut être évitée, renforcer la surveillance biologique (dosage des CPK plus d'une fois par semaine) et surveillance clinique étroite."
INHIBITEURS DE L'HMG-COA RÉDUCTASE (STATINES),ELTROMBOPAG,PE,"Risque de majoration de la toxicité des statines, par inhibition de leur recapture hépatique.",Surveillance clinique et adaptation éventuelle de la posologie de la statine.
INHIBITEURS DE L'HMG-COA RÉDUCTASE (STATINES),GLIPTINES,PE,"Possibilité de survenue d'effets indésirables musculaires à l'introduction d'une gliptine, malgré le traitement antérieur par statine bien toléré.",Le contrôle régulier de la fonction rénale et le strict respect des doses sont impératifs.
INHIBITEURS DE L'HMG-COA RÉDUCTASE (STATINES),GRAZOPREVIR + ELBASVIR,PE,Augmentation des concentrations plasmatiques de l'hypochlestérolémiant par augmentation de son absorption intestinale.,Surveillance clinique et biologique pendant l'association. La dose de statine ne doit pas dépasser 20 mg par jour (10 mg avec la rosuvastatine).
INHIBITEURS DE L'HMG-COA RÉDUCTASE (STATINES),LÉDIPASVIR,PE,Risque d'augmentation des concentrations plasmatiques de la statine et de ses effets indésirables à type de rhabdomyolyse.,CI - PE Contre-indication : - avec la rosuvastatine. : - avec les autres inhibiteurs de l'HMG Co-A réductase. Surveillance clinique et biologique. Adaptation éventuelle de la posologie de la statine.
INHIBITEURS DE L'HMG-COA RÉDUCTASE (STATINES),LENALIDOMIDE,PE,Risque majoré de survenue de rhabdomyolyses.,"Renforcer le contrôle clinique et biologique, notamment durant les premières semaines de traitement."
INHIBITEURS DE L'HMG-COA RÉDUCTASE (STATINES),LÉTERMOVIR,PE,Risque d'augmentation des concentrations plasmatiques de la statine et de ses effets indésirables à type de rhabdomyolyse.,"ASDEC - PE Association déconseillée: - avec simvastatine, pitavastatine, rosuvastatine (en cas d'utilisation du létermovir seul): - ne pas dépasser 20 mg/ jour d'atorvastatine - adaptation éventuelle de la posologie de fluvastatine et de pravastatine,"
INHIBITEURS DE L'HMG-COA RÉDUCTASE (STATINES),ROXADUSTAT,PE,"Augmentation d'un facteur 2 à 3 de l'exposition de la statine, par diminution de son métabolisme par le roxadustat.",Surveillance clinique et adaptation de la posologie de la statine pendant le traitement par roxadustat.
INHIBITEURS DE PROTÉASES BOOSTÉS PAR RITONAVIR,AFATINIB,PE,Augmentation des concentrations plasmatiques d'afatinib par augmentation de son absorption par l'inhibiteur de protéases.,"Il est recommandé d'administrer l'inhibiteur de protéases le plus à distance possible de l'afatinib, en respectant de préférence un intervalle de 6 heures ou de 12 heures par rapport à la prise d'afatinib."
INHIBITEURS DE PROTÉASES BOOSTÉS PAR RITONAVIR,ALBENDAZOLE,PE,"Diminution importante des concentrations plasmatiques de l'albendazole et de son métabolite actif par le ritonavir, avec risque de baisse de son efficacité.",Surveillance clinique de la réponse thérapeutique et adaptation éventuelle de la posologie de l'albendazole pendant le traitement avec l'inducteur enzymatique et après son arrêt.
INHIBITEURS DE PROTÉASES BOOSTÉS PAR RITONAVIR,ANTIVITAMINES K,PE,"Variation de l'effet de l'antivitamine K, le plus souvent dans le sens d'une diminution.",Contrôle plus fréquent de l'INR. Adaptation éventuelle de la posologie de l'antivitamine K pendant la durée du traitement.
INHIBITEURS DE PROTÉASES BOOSTÉS PAR RITONAVIR,ATORVASTATINE,AD,Risque majoré d'effets indésirables (concentration-dépendants) à type de rhabdomyolyse (diminution du métabolisme hépatique de l'atorvastatine).,"Utiliser des doses plus faibles d'atorvastatine. Si l'objectif thérapeutique n'est pas atteint, utiliser une autre statine non concernée par ce type d'interaction."
INHIBITEURS DE PROTÉASES BOOSTÉS PAR RITONAVIR,ATOVAQUONE,AD,"Diminution, éventuellement très importante, des concentrations plasmatiques de l'atovaquone par augmentation de son métabolisme.",
INHIBITEURS DE PROTÉASES BOOSTÉS PAR RITONAVIR,BUPRENORPHINE,APEC,"Risque de majoration ou de diminution des effets de la buprénorphine, à la fois par inhibition et accélération de son métabolisme par l'inhibiteur de protéases.",
INHIBITEURS DE PROTÉASES BOOSTÉS PAR RITONAVIR,CLARITHROMYCINE,PE,Augmentation des concentrations de la clarithromycine et de son métabolite actif par diminution de son métabolisme hépatique par l'inhibiteur de protéases.,"Surveillance clinique et biologique régulière, notamment en début d'association."
INHIBITEURS DE PROTÉASES BOOSTÉS PAR RITONAVIR,CYPROTERONE,PE,Risque de diminution de l'efficacité de la cyprotérone.,"ASDEC - PE Association déconseillée - dans son utilisation comme contraceptif hormonal: utiliser de préférence une autre méthode de contraception en particulier de type mécanique, pendant la durée de l'association et un cycle suivant. - dans ses indications comme anti-androgène: surveillance clinique et adaptation éventuelle de la posologie de la cyprotérone pendant l'association et après son arrêt."
INHIBITEURS DE PROTÉASES BOOSTÉS PAR RITONAVIR,DIGOXINE,PE,"Augmentation de la digoxinémie, plus marquée pour la voie intraveineuse, par augmentation de l'absorption de la digoxine ou diminution de sa clairance rénale.","Surveillance clinique et, s'il y a lieu, de l'ECG et de la digoxinémie, avec adaptation éventuelle de la posologie de digoxine."
INHIBITEURS DE PROTÉASES BOOSTÉS PAR RITONAVIR,ESTROPROGESTATIFS CONTRACEPTIFS,AD,"Risque de diminution de l'efficacité contraceptive par diminution des concentrations en contraceptif hormonal, dûe à l'augmentation de son métabolisme hépatique par le ritonavir.","Utiliser une méthode additionnelle de type mécanique (préservatif) pendant la durée de l'association, et un cycle suivant l'arrêt du ritonavir."
INHIBITEURS DE PROTÉASES BOOSTÉS PAR RITONAVIR,HORMONES THYROÏDIENNES,PE,Risque de baisse de l'efficacité des hormones thyroïdiennes par augmentation de leur métabolisme hépatique par le ritonavir.,Surveillance clinique et biologique et adaptation éventuelle de la posologie des hormones thyroïdiennes.
INHIBITEURS DE PROTÉASES BOOSTÉS PAR RITONAVIR,IMMUNOSUPPRESSEURS,AD,Augmentation très importante des concentrations sanguines de l'immunosuppresseur par inhibition de son métabolisme hépatique.,"En cas d'association, contrôle strict de la fonction rénale, dosage des concentrations sanguines de l'immunosuppresseur et adaptation de sa posologie."
INHIBITEURS DE PROTÉASES BOOSTÉS PAR RITONAVIR,INDUCTEURS ENZYMATIQUES PUISSANTS,PE,Risque de baisse de l'efficacité de l'inhibiteur de protéases par augmentation de son métabolisme hépatique par l'inducteur.,"Surveillance clinique et biologique régulière, notamment en début d'association."
INHIBITEURS DE PROTÉASES BOOSTÉS PAR RITONAVIR,INHIBITEURS PUISSANTS DU CYP3A4,APEC,Risque d'augmentation des concentrations plasmatiques de l'inhibiteur de protéase boosté par le ritonavir ou de l'inhibiteur du CYP3A4.,"Pour connaître les risques et les niveaux de contrainte de chaque inhibiteur de protéase boosté par le ritonavir avec les inhibiteurs puissants du CYP3A4, il convient de se reporter aux AMM spécifiques à chacun d'eux."
INHIBITEURS DE PROTÉASES BOOSTÉS PAR RITONAVIR,ITRACONAZOLE,PE,Risque d'augmentation des concentrations d'itraconazole par l'inhibiteur de protéases.,Surveillance clinique lors de l'association. L'administration de doses élevées d'itraconazole (>200 mg par jour) n'est pas recommandée.
INHIBITEURS DE PROTÉASES BOOSTÉS PAR RITONAVIR,LAMOTRIGINE,PE,Risque de diminution des concentrations et de l'efficacité de la lamotrigine par augmentation de son métabolisme hépatique par le ritonavir.,ASDEC - PE Association déconseillée - Eviter de mettre en route le traitement par ritonavir pendant la période d'ajustement posologique de la lamotrigine. - Surveillance clinique et adaptation de la posologie de la lamotrigine lors de la mise en route du traitement par ritonavir.
INHIBITEURS DE PROTÉASES BOOSTÉS PAR RITONAVIR,METHADONE,PE,Diminution des concentrations plasmatiques de méthadone avec risque d'apparition d'un syndrome de sevrage par augmentation de son métabolisme hépatique par le ritonavir.,Surveillance clinique régulière et adaptation éventuelle de la posologie de méthadone.
INHIBITEURS DE PROTÉASES BOOSTÉS PAR RITONAVIR,MILLEPERTUIS,CI,"Diminution des concentrations plasmatiques de l'inhibiteur de protéases, en raison de l'effet inducteur enzymatique du millepertuis, avec risque de baisse d'efficacité voire d'annulation de l'effet dont les conséquences peuvent être éventuellement graves (baisse de l'efficacité antirétrovirale).","En cas d'association fortuite, ne pas interrompre brutalement la prise de millepertuis mais contrôler les concentrations plasmatiques (ou l'efficacité) de l'inhibiteur de protéases avant puis après l'arrêt du millepertuis."
INHIBITEURS DE PROTÉASES BOOSTÉS PAR RITONAVIR,NINTÉDANIB,PE,Augmentation des concentrations plasmatiques du nintédanib par augmentation de son absorption par l'inhibiteur de protéases boosté par ritonavir.,Surveillance clinique pendant l'association.
INHIBITEURS DE PROTÉASES BOOSTÉS PAR RITONAVIR,PROGESTATIFS CONTRACEPTIFS,AD,"Risque de diminution de l'efficacité contraceptive par diminution des concentrations en contraceptif hormonal, dûe à l'augmentation de son métabolisme hépatique par le ritonavir.","Utiliser de préférence une autre méthode contraceptive, en particulier de type mécanique (préservatif ou stérilet), pendant la durée de l'association et un cycle suivant."
INHIBITEURS DE PROTÉASES BOOSTÉS PAR RITONAVIR,QUINIDINE,CI,"Risque majoré de troubles du rythme ventriculaire, notamment de torsades de pointes.",
INHIBITEURS DE PROTÉASES BOOSTÉS PAR RITONAVIR,RIFABUTINE,PE,"Risque de baisse de l'efficacité de l'inhibiteur de protéases (ce d'autant que la posologie de la rifabutine est élevée) d'une part, et risque d'augmentation des effets indésirables (uvéites) de la rifabutine, d'autre part.","Réduction de la dose de rifabutine (150 mg 1 jour sur deux). Surveillance clinique et biologique régulière, notamment en début d'association."
INHIBITEURS DE PROTÉASES BOOSTÉS PAR RITONAVIR,RIFAMPICINE,CI,"Diminution très importante des concentrations plasmatiques de l'inhibiteur de protéases, par augmentation de son métabolisme hépatique par la rifampicine. Pour l'association (saquinavir + ritonavir) : risque de toxicité hépatocellulaire sévère.","Dans l'attente de données complémentaires avec les inhibiteurs de protéases ""boostés""."
INHIBITEURS DE PROTÉASES BOOSTÉS PAR RITONAVIR,ROSUVASTATINE,PE,Augmentation des concentrations plasmatiques de la rosuvastatine par augmentation de son absorption.,Surveillance clinique et biologique.
INHIBITEURS DE PROTÉASES BOOSTÉS PAR RITONAVIR,TALAZOPARIB,PE,Augmentation des concentrations de talazoparib avec risque de majoration de la toxicité.,Réduire la dose de talazoparib.
INHIBITEURS DE PROTÉASES BOOSTÉS PAR RITONAVIR,TÉNOFOVIR ALAFÉNAMIDE,PE,"Avec l'atazanavir, le darunavir ou le lopinavir, augmentation des concentrations plasmatiques du ténofovir alafénamide par augmentation de son absorption.","En cas de co-administration, la dose de ténofovir alafénamide doit être limitée à 10 mg par jour. L'association avec les autres inhibiteurs de protéases du VIH n'a pas été étudiée."
INHIBITEURS DE PROTÉASES BOOSTÉS PAR RITONAVIR,"THÉOPHYLLINE (ET, PAR EXTRAPOLATION, AMINOPHYLLINE)",PE,"Diminution des concentrations plasmatiques de la théophylline, par augmentation de son métabolisme hépatique.","Surveillance clinique et éventuellement de la théophyllinémie ; s'il y a lieu, adaptation de la posologie de la théophylline pendant le traitement par l'inhibiteur de protéases et après son arrêt."
INHIBITEURS DE PROTÉASES BOOSTÉS PAR RITONAVIR,ULIPRISTAL,AD,"Risque de diminution de l'effet de l'ulipristal, par augmentation de son métabolisme hépatique par le ritonavir.",Préférer une alternative thérapeutique peu ou pas métabolisée.
INHIBITEURS DE PROTÉASES BOOSTÉS PAR RITONAVIR,VENLAFAXINE,APEC,Augmentation des concentrations de venlafaxine avec risque de surdosage.,
INHIBITEURS DE PROTÉASES BOOSTÉS PAR RITONAVIR,VORICONAZOLE,AD,"Baisse très importante des concentrations de l'antifongique par augmentation de son métabolisme par le ritonavir, avec risque d'échec du traitement.",
INHIBITEURS DE TYROSINE KINASES MÉTABOLISÉS,ANTISÉCRÉTOIRES ANTIHISTAMINIQUES H2,APEC,"Risque de diminution de la biodisponibilité de l'inhibiteur de tyrosine kinases, en raison de son absorption pH-dépendante.",- sauf avec l'entrectinib et le vandétanib.
INHIBITEURS DE TYROSINE KINASES MÉTABOLISÉS,ANTISÉCRÉTOIRES INHIBITEURS DE LA POMPE À PROTONS,APEC,"Risque de diminution de la biodisponibilité de l'inhibiteur de tyrosine kinases, en raison de son absorption pH-dépendante.","- sauf avec l'entrectinib, le fédratinib, l'imatinib, le tucatinib et le vandétanib"
INHIBITEURS DE TYROSINE KINASES MÉTABOLISÉS,INDUCTEURS ENZYMATIQUES PUISSANTS,AD,"Diminution des concentrations plasmatiques et de l'efficacité de l'inhibiteur de tyrosine kinase, par augmentation de son métabolisme par l'inducteur.",
INHIBITEURS DE TYROSINE KINASES MÉTABOLISÉS,INHIBITEURS PUISSANTS DU CYP3A4,PE,Risque de majoration des effets indésirables de l'inhibiteur de tyrosine kinase par diminution de son métabolisme.,"ASDEC - PE Association déconseillée : - avec l'axitinib, le bosutinib, le cabozantinib, le céritinib, le cobimétinib, le dabrafenib, le dasatinib, l'entrectinib, le nilotinib, le sunitinib. - avec l'ibrutinib et le ribociclib: si l'association ne peut être évitée, surveillance clinique étroite et réduction de la dose pendant la durée de l'association voire interruption temporaire ou définitive. avec les autres ITK (sauf abrocitinib, osimertinib, tucatinib et vandétanib): Surveillance clinique."
INHIBITEURS DE TYROSINE KINASES MÉTABOLISÉS,MILLEPERTUIS,CI,"Diminution des concentrations plasmatiques et de l'efficacité de l'inhibiteur de tyrosine kinase, par augmentation de son métabolisme par le millepertuis.",
INHIBITEURS DE TYROSINE KINASES MÉTABOLISÉS,RIFAMPICINE,AD,"Diminution des concentrations plasmatiques et de l'efficacité de l'inhibiteur de tyrosine kinase, par augmentation de son métabolisme par l'inducteur.",
INHIBITEURS D'INTÉGRASE,CALCIUM,PE,Diminution de l'absorption digestive des inhibiteurs d'intégrase.,"Prendre les sels de calcium à distance de l'antirétroviral (plus de 2 heures, si possible)."
INHIBITEURS D'INTÉGRASE,FER,PE,Diminution de l'absorption digestive des inhibiteurs d'intégrase.,"Prendre les sels de fer à distance de l'antirétroviral (plus de 2 heures, si possible)."
INHIBITEURS D'INTÉGRASE,MAGNÉSIUM,PE,Diminution de l'absorption digestive des inhibiteurs d'intégrase.,"Prendre les sels de magnésium à distance de l'antirétroviral (plus de 2 heures, si possible)."
INHIBITEURS D'INTÉGRASE,ZINC,PE,"Risque de diminution de l'absorption digestive des inhibiteurs d'intégrase, par chélation par le cation divalent.","Prendre les sels de zinc à distance de l'antirétroviral (plus de 2 heures, si possible)."
INHIBITEURS DIRECTS DE LA THROMBINE À INDICATION SPÉCIFIQUE,AUTRES MÉDICAMENTS AGISSANT SUR L'HÉMOSTASE,APEC,Majoration du risque hémorragique.,
INHIBITEURS PUISSANTS DU CYP3A4,ALCALOÏDES DE L'ERGOT DE SEIGLE VASOCONSTRICTEURS,CI,"Risque de vasoconstriction coronaire ou des extrémités (ergotisme), ou de poussées hypertensives.",
INHIBITEURS PUISSANTS DU CYP3A4,ALFENTANIL,PE,Augmentation de l'effet dépresseur respiratoire de l'analgésique opiacé par diminution de son métabolisme hépatique.,Surveillance clinique et adaptation de la posologie de l'analgésique opiacé en cas de traitement par un inhibiteur puissant du CYP3A4.
INHIBITEURS PUISSANTS DU CYP3A4,ALFUZOSINE,AD,Risque d'augmentation des concentrations plasmatiques de l'alfuzosine et de ses effets indésirables.,
INHIBITEURS PUISSANTS DU CYP3A4,ALPRAZOLAM,APEC,Possible augmentation de l'effet sédatif de l'alprazolam.,
INHIBITEURS PUISSANTS DU CYP3A4,ANTAGONISTES DES CANAUX CALCIQUES,PE,"Majoration des effets indésirables de l'antagoniste des canaux calciques, le plus souvent à type d'hypotension et d'oedèmes, notamment chez le sujet âgé.",ASDEC - PE Association déconseillée: - avec la lercanidipine. : - avec les autres antagonistes des canaux calciques. Surveillance clinique et adaptation posologique pendant le traitement par l'inhibiteur enzymatique et après son arrêt.
INHIBITEURS PUISSANTS DU CYP3A4,ANTISPASMODIQUES URINAIRES,PE,Risque de majoration des effets indésirables.,"CI - ASDEC - PE Contre-indication : - avec la darifénacine - avec la fésotérodine et la solifénacine, en cas d'insuffisance rénale ou hépatique, modérée à sévère. Association déconseillée : - avec la toltérodine : - avec la fésotérodine ou la solifénacine, chez le patient à fonction rénale et hépatique normales, réduire la dose à 4 mg ou 5 mg, respectivement, en cas d'association à un inhibiteur puissant du CYP3A4. A prendre en compte : - avec l'oxybutynine."
INHIBITEURS PUISSANTS DU CYP3A4,APIXABAN,AD,"Augmentation des concentrations plasmatiques de l'apixaban par l'inhibiteur, avec majoration du risque de saignement.",
INHIBITEURS PUISSANTS DU CYP3A4,BÉDAQUILINE,AD,Augmentation des concentrations plasmatiques de bédaquiline par diminution de son métabolisme hépatique par l'inhibiteur.,"Si l'association est nécessaire, une surveillance ECG plus fréquente et une surveillance des transaminases sont recommandées."
INHIBITEURS PUISSANTS DU CYP3A4,BORTEZOMIB,PE,"Risque de majoration des effets indésirables, notamment neurologiques, du bortezomib par diminution de son métabolisme.",Surveillance clinique et adaptation éventuelle de la posologie du bortezomib pendant la durée du traitement par l'inhibiteur enzymatique.
INHIBITEURS PUISSANTS DU CYP3A4,BOSENTAN,PE,"Risque majoré des effets indésirables du bosentan, notamment d'atteintes hépatiques, par diminution de son métabolisme par l'inhibiteur.",Surveillance clinique et biologique pendant l'association.
INHIBITEURS PUISSANTS DU CYP3A4,BRENTUXIMAB,APEC,"Augmentation des concentrations du métabolite actif du brentuximab, avec risque de neutropénie.",
INHIBITEURS PUISSANTS DU CYP3A4,CABAZITAXEL,PE,Risque de majoration des effets indésirables dose-dépendants du cabazitaxel par inhibition de son métabolisme par l'inhibiteur enzymatique.,Surveillance clinique et adaptation éventuelle de la posologie du cabazitaxel pendant le traitement par l'inhibiteur enzymatique.
INHIBITEURS PUISSANTS DU CYP3A4,COBICISTAT,APEC,Risque d'augmentation des concentrations plasmatiques du cobicistat ou de l'inhibiteur du CYP3A4.,"Pour connaître les risques et les niveaux de contrainte de chaque interaction, il convient de se reporter aux AMM specifiques à chaque spécialité."
INHIBITEURS PUISSANTS DU CYP3A4,"CORTICOÏDES MÉTABOLISÉS, NOTAMMENT INHALÉS",AD,"En cas d'utilisation prolongée par voie orale ou inhalée : augmentation des concentrations plasmatiques du corticoïde par diminution de son métabolisme hépatique par l'inhibiteur, avec risque d'apparition d'un syndrome cushingoïde voire d'une insuffisance surrénalienne.",Préférer un corticoïde non métabolisé.
INHIBITEURS PUISSANTS DU CYP3A4,DAPOXÉTINE,CI,"Risque de majoration des effets indésirables, notamment à type de vertiges ou de syncopes.",
INHIBITEURS PUISSANTS DU CYP3A4,DÉLAMANID,AD,"Risque majoré de troubles du rythme ventriculaires, notamment de torsades de pointes.","Si l'association ne peut être évitée, contrôle clinique et électrocardiographique régulier."
INHIBITEURS PUISSANTS DU CYP3A4,DISOPYRAMIDE,PE,Risque d'augmentation des effets indésirables du disopyramide par diminution de son métabolisme.,Surveillance clinique et adaptation éventuelle de la posologie du disopyramide.
INHIBITEURS PUISSANTS DU CYP3A4,DOCETAXEL,PE,Risque de majoration des effets indésirables dose-dépendants du docétaxel par inhibition de son métabolisme par l'inhibiteur enzymatique.,Surveillance clinique et adaptation éventuelle de la posologie du docétaxel pendant le traitement par l'inhibiteur enzymatique.
INHIBITEURS PUISSANTS DU CYP3A4,DOMPERIDONE,CI,Augmentation des concentrations plasmatiques de dompéridone par diminution de son métabolisme hépatique par l'inhibiteur.,
INHIBITEURS PUISSANTS DU CYP3A4,DRONEDARONE,CI,Augmentation importante des concentrations de dronédarone par diminution de son métabolisme.,
INHIBITEURS PUISSANTS DU CYP3A4,ÉLIGLUSTAT,CI,"Chez les patients ayant un génotype de métaboliseurs lents du CYP2D6, risque de majoration des effets indésirables de l'éliglustat.",
INHIBITEURS PUISSANTS DU CYP3A4,EPLERENONE,CI,"Risque d'augmentation des concentrations plasmatiques de l'éplérénone par l'inhibiteur et de ses effets indésirables, notamment l'hyperkaliémie.",
INHIBITEURS PUISSANTS DU CYP3A4,ESZOPICLONE,PE,Augmentation de l'effet sédatif de l'eszopiclone.,"CI - PE Contre-indication - chez les patients âgés En cas d'association chez les sujets non âgés, une réduction de la dose d'eszopiclone peut être nécessaire."
INHIBITEURS PUISSANTS DU CYP3A4,FENTANYL,PE,Risque d'augmentation de l'effet dépresseur respiratoire de l'analgésique opiacé par légère diminution de son métabolisme hépatique.,Surveillance clinique et adaptation éventuelle de la posologie de l'analgésique opiacé en cas de traitement par un inhibiteur puissant du CYP3A4.
INHIBITEURS PUISSANTS DU CYP3A4,GLASDÉGIB,AD,Risque de majoration des effets indésirables du glasdégib par diminution de son métabolisme.,"Si l'association ne peut être évitée, surveillance clinique étroite."
INHIBITEURS PUISSANTS DU CYP3A4,HALOFANTRINE,AD,"Risque majoré de troubles du rythme ventriculaires, notamment de torsades de pointes.","Si cela est possible, interrompre l'inhibiteur. Si l'association ne peut être évitée, contrôle préalable du QT et surveillance ECG monitorée."
INHIBITEURS PUISSANTS DU CYP3A4,IDÉLALISIB,APEC,Augmentation des concentrations plasmatiques d'idélalisib par diminution de son métabolisme hépatique par l'inhibiteur.,
INHIBITEURS PUISSANTS DU CYP3A4,INHIBITEURS DE PROTÉASES BOOSTÉS PAR RITONAVIR,APEC,Risque d'augmentation des concentrations plasmatiques de l'inhibiteur de protéase boosté par le ritonavir ou de l'inhibiteur du CYP3A4.,"Pour connaître les risques et les niveaux de contrainte de chaque inhibiteur de protéase boosté par le ritonavir avec les inhibiteurs puissants du CYP3A4, il convient de se reporter aux AMM spécifiques à chacun d'eux."
INHIBITEURS PUISSANTS DU CYP3A4,INHIBITEURS DE TYROSINE KINASES MÉTABOLISÉS,PE,Risque de majoration des effets indésirables de l'inhibiteur de tyrosine kinase par diminution de son métabolisme.,"ASDEC - PE Association déconseillée : - avec l'axitinib, le bosutinib, le cabozantinib, le céritinib, le cobimétinib, le dabrafenib, le dasatinib, l'entrectinib, le nilotinib, le sunitinib. - avec l'ibrutinib et le ribociclib: si l'association ne peut être évitée, surveillance clinique étroite et réduction de la dose pendant la durée de l'association voire interruption temporaire ou définitive. avec les autres ITK (sauf abrocitinib, osimertinib, tucatinib et vandétanib): Surveillance clinique."
INHIBITEURS PUISSANTS DU CYP3A4,IRINOTECAN,AD,Risque de majoration des effets indésirables de l'irinotécan par augmentation des concentrations plasmatiques de son métabolite actif.,
INHIBITEURS PUISSANTS DU CYP3A4,ISAVUCONAZOLE,PE,Augmentation des concentrations plasmatiques d'isavuconazole par diminution de son métabolisme hépatique par l'inhibiteur.,CI - PE Contre-indication: - avec le kétoconazole : - avec les autres inhibiteurs puissants du CYP3A4
INHIBITEURS PUISSANTS DU CYP3A4,IVABRADINE,CI,Augmentation des concentrations plasmatiques de l'ivabradine et par conséquent de ses effets indésirables (inhibition de son métabolisme hépatique par l'inhibiteur).,
INHIBITEURS PUISSANTS DU CYP3A4,IVACAFTOR (SEUL OU ASSOCIÉ),PE,"Augmentation des concentrations d'ivacaftor, avec risque de majoration des effets indésirables.",Se référer à l'AMM pour les adaptations posologiques.
INHIBITEURS PUISSANTS DU CYP3A4,LOMITAPIDE,CI,Augmentation des concentrations plasmatiques du lomitapide par diminution de son métabolisme hépatique par l'inhibiteur.,
INHIBITEURS PUISSANTS DU CYP3A4,LUMEFANTRINE,AD,"Risque majoré de troubles du rythme ventriculaire, notamment de torsades de pointes.","Si cela est possible, interrompre l'inhibiteur. Si l'association ne peut être évitée, contrôle préalable du QT et surveillance ECG monitorée."
INHIBITEURS PUISSANTS DU CYP3A4,LURASIDONE,CI,Augmentation des concentrations plasmatiques de la lurasidone par diminution de son métabolisme hépatique par l'inhibiteur.,
INHIBITEURS PUISSANTS DU CYP3A4,MARAVIROC,PE,Augmentation des concentrations de maraviroc par l'inhibiteur.,La dose de maraviroc doit être diminuée à 150 mg deux fois par jour en cas de co-administration avec cet inhibiteur. A l'exception du tipranavir boosté par ritonavir où la dose de maraviroc doit être de 300 mg deux fois par jour.
INHIBITEURS PUISSANTS DU CYP3A4,MIDAZOLAM,PE,"Augmentation des concentrations plasmatiques de midazolam par diminution de son métabolisme hépatique, avec majoration de la sédation.",ASDEC - PE Association déconseillée: - avec le midazolam per os avec : - avec le midazolam IV et sublingual Surveillance clinique et réduction de la posologie de midazolam en cas de traitement par l'inhibiteur.
INHIBITEURS PUISSANTS DU CYP3A4,MIDOSTAURINE,AD,Augmentation des effets indésirables de la midostaurine par l'inhibiteur.,"Si l'association ne peut être évitée, surveillance clinique étroite."
INHIBITEURS PUISSANTS DU CYP3A4,NALOXEGOL,CI,Augmentation très importante des concentrations du naloxegol par l'inhibiteur.,
INHIBITEURS PUISSANTS DU CYP3A4,OLAPARIB,AD,Augmentation des concentrations plasmatiques d'olaparib par l'inhibiteur.,"Si l'association ne peut être évitée, limiter la dose d'olaparib à 150 mg deux fois par jour."
INHIBITEURS PUISSANTS DU CYP3A4,OMBITASVIR + PARITAPRÉVIR,CI,Augmentation des concentrations plasmatiques de la bithérapie par diminution de son métabolisme hépatique par l'inhibiteur.,Contre-indication: - sauf avec le ritonavir.
INHIBITEURS PUISSANTS DU CYP3A4,OXYCODONE,AD,"Majoration des effets indésirables, notamment respiratoires, de l'oxycodone par diminution de son métabolisme par l'inhibiteur.",Surveillance clinique et adaptation éventuelle de la posologie de l'oxycodone pendant le traitement par l'inhibiteur et après son arrêt.
INHIBITEURS PUISSANTS DU CYP3A4,PANOBINOSTAT,PE,"Risque de majoration des effets indésirables, notamment cardiaques, du panobinostat par diminution de son métabolisme par l'inhibiteur.",Surveillance clinique et ECG. Débuter le traitement à dose réduite de moitié (10 mg).
INHIBITEURS PUISSANTS DU CYP3A4,PIMOZIDE,CI,"Risque majoré de troubles du rythme ventriculaire, notamment de torsades de pointes.",
INHIBITEURS PUISSANTS DU CYP3A4,QUETIAPINE,CI,"Augmentation importante des concentrations de quétiapine, avec risque de surdosage.",
INHIBITEURS PUISSANTS DU CYP3A4,RANOLAZINE,CI,Augmentation des concentrations de ranolazine par diminution de son métabolisme par l'inhibiteur.,
INHIBITEURS PUISSANTS DU CYP3A4,RÉGORAFÉNIB,AD,Augmentation des concentrations plasmatiques de régorafenib par diminution de son métabolisme hépatique par l'inhibiteur.,
INHIBITEURS PUISSANTS DU CYP3A4,RIOCIGUAT,AD,Augmentation des concentrations plasmatiques de riociguat par diminution de son métabolisme hépatique par l'inhibiteur.,
INHIBITEURS PUISSANTS DU CYP3A4,RIVAROXABAN,AD,"Augmentation des concentrations plasmatiques de rivaroxaban, avec majoration du risque de saignement.",
INHIBITEURS PUISSANTS DU CYP3A4,SILODOSINE,AD,"Risque d'augmentation des effets indésirables de la silodosine par l'inhibiteur, notamment à type d'hypotension orthostatique.",
INHIBITEURS PUISSANTS DU CYP3A4,SIMVASTATINE,CI,Risque majoré d'effets indésirables (concentration-dépendants) à type de rhabdomyolyse par diminution du métabolisme de la simvastatine.,
INHIBITEURS PUISSANTS DU CYP3A4,SUBSTRATS À RISQUE DU CYP3A4,APEC,"Majoration des effets indésirables propres à chaque substrat, avec conséquences souvent sévères.",
INHIBITEURS PUISSANTS DU CYP3A4,SUFENTANIL,PE,Augmentation de l'effet dépresseur respiratoire de l'analgésique opiacé par diminution de son métabolisme hépatique.,Surveillance clinique et adaptation de la posologie de l'analgésique opiacé en cas de traitement par un inhibiteur puissant du CYP3A4.
INHIBITEURS PUISSANTS DU CYP3A4,TAMSULOSINE,AD,"Risque de majoration des effets indésirables de la tamsulosine, par inhibition de son métabolisme hépatique.",
INHIBITEURS PUISSANTS DU CYP3A4,TELITHROMYCINE,CI,"Risque de majoration des effets indésirables, notamment à type de troubles du rythme cardiaque.",chez le patient insuffisant rénal ou hépatique sévère.
INHIBITEURS PUISSANTS DU CYP3A4,TICAGRELOR,CI,Augmentation des concentrations plasmatiques de ticagrelor par diminution de son métabolisme hépatique par l'inhibiteur.,
INHIBITEURS PUISSANTS DU CYP3A4,TOLVAPTAN,PE,"Augmentation importante (entre 2 à 5 fois en moyenne) des concentrations de tolvaptan, avec risque de majoration importante des effets indésirables, notamment diurèse importante, déshydratation, insuffisance rénale aiguë.","Réduire la posologie des deux tiers aux trois quarts, selon la dose prescrite."
INHIBITEURS PUISSANTS DU CYP3A4,TRASTUZUMAB EMTANSINE,AD,"Augmentation des concentrations plasmatiques du DM1, un composant du trastuzumab emtansine, par inhibition de son métabolisme par l'inhibiteur.",
INHIBITEURS PUISSANTS DU CYP3A4,TRÉTINOÏNE,PE,"Décrit pour les antifongiques azolés Augmentation des concentrations de trétinoïne par diminution de son métabolisme, avec risque de majoration de sa toxicité (pseudo- tumor cerebrii, hypercalcémie…)",Adaptation de la posologie de la trétinoïne pendant le traitement par l'inhibiteur et après son arrêt.
INHIBITEURS PUISSANTS DU CYP3A4,VÉNÉTOCLAX,PE,"Augmentation très importante des concentrations de vénétoclax par diminution de son métabolisme hépatique, avec risque de majoration de la toxicité, notamment hématologique.",CI - PE Contre-indication : - pendant la phase de titration. : - réduction de posologie de 75% en phase de stabilisation.
INHIBITEURS PUISSANTS DU CYP3A4,VERAPAMIL,PE,"Bradycardie et/ou troubles de la conduction auriculo-ventriculaire, par diminution du métabolisme hépatique du vérapamil par l'inhibiteur.","Surveillance clinique et ECG. S'il y a lieu, adaptation de la posologie du vérapamil pendant le traitement par l'inhibiteur, et après son arrêt, le cas échéant."
INHIBITEURS PUISSANTS DU CYP3A4,VINCA-ALCALOÏDES CYTOTOXIQUES,AD,Risque de majoration de la toxicité de l'antimitotique par diminution de son métabolisme hépatique par l'inhibiteur.,"Si l'association ne peut être évitée, surveillance clinique et biologique étroite."
INHIBITEURS PUISSANTS DU CYP3A4,ZOLPIDEM,APEC,Légère augmentation de l'effet sédatif du zolpidem.,
INHIBITEURS PUISSANTS DU CYP3A4,ZOPICLONE,APEC,Légère augmentation de l'effet sédatif de la zopiclone.,
INHIBITEURS SÉLECTIFS DE LA RECAPTURE DE LA SÉROTONINE,ANTIAGRÉGANTS PLAQUETTAIRES,APEC,Augmentation du risque hémorragique.,
INHIBITEURS SÉLECTIFS DE LA RECAPTURE DE LA SÉROTONINE,ANTICOAGULANTS ORAUX,APEC,Augmentation du risque hémorragique.,
INHIBITEURS SÉLECTIFS DE LA RECAPTURE DE LA SÉROTONINE,ANTIDÉPRESSEURS IMIPRAMINIQUES,PE,Augmentation des concentrations plasmatiques de l'antidépresseur imipraminique avec risque de convulsions et augmentation des effets indésirables.,"Surveillance clinique accrue et, si nécessaire, adaptation posologique."
INHIBITEURS SÉLECTIFS DE LA RECAPTURE DE LA SÉROTONINE,ANTI-INFLAMMATOIRES NON STÉROÏDIENS,APEC,Majoration du risque hémorragique.,
INHIBITEURS SÉLECTIFS DE LA RECAPTURE DE LA SÉROTONINE,COBIMÉTINIB,PE,Augmentation du risque hémorragique.,Surveillance clinique.
INHIBITEURS SÉLECTIFS DE LA RECAPTURE DE LA SÉROTONINE,CYPROHEPTADINE,APEC,Risque de diminution de l'efficacité de l'antidépresseur.,
INHIBITEURS SÉLECTIFS DE LA RECAPTURE DE LA SÉROTONINE,IMAO IRRÉVERSIBLES,CI,"Risque d'apparition d'un syndrome sérotoninergique : diarrhée, tachycardie, sueurs, tremblements, confusion voire coma.","Respecter un délai de deux semaines entre l'arrêt de l'IMAO et le début du traitement par l'antidépresseur sérotoninergique, et d'au moins une semaine entre l'arrêt de l'antidépresseur sérotoninergique (sauf pour la fluoxétine : cinq semaines) et le début."
INHIBITEURS SÉLECTIFS DE LA RECAPTURE DE LA SÉROTONINE,"IMAO-A RÉVERSIBLES, Y COMPRIS OXAZOLIDINONES ET BLEU DE MÉTHYLÈNE",AD,"Risque d'apparition d'un syndrome sérotoninergique : diarrhée, tachycardie, sueurs, tremblements, confusion voire coma.","Si l'association ne peut être évitée, surveillance clinique très étroite. Débuter l'association aux posologies minimales recommandées."
INHIBITEURS SÉLECTIFS DE LA RECAPTURE DE LA SÉROTONINE,IMAO-B,APEC,Risque d'apparition d'un syndrome sérotoninergique.,
INHIBITEURS SÉLECTIFS DE LA RECAPTURE DE LA SÉROTONINE,LITHIUM,PE,Risque d'apparition d'un syndrome sérotoninergique.,"Surveillance clinique et biologique régulière, notamment en début d'association."
INHIBITEURS SÉLECTIFS DE LA RECAPTURE DE LA SÉROTONINE,MILLEPERTUIS,PE,Risque d'apparition d'un syndrome sérotoninergique.,"Surveillance clinique et biologique régulière, notamment en début d'association."
INHIBITEURS SÉLECTIFS DE LA RECAPTURE DE LA SÉROTONINE,ORLISTAT,APEC,Risque d'échec thérapeutique en cas de traitement concomitant par orlistat.,
INHIBITEURS SÉLECTIFS DE LA RECAPTURE DE LA SÉROTONINE,TRAMADOL,APEC,Risque d'apparition de convulsions et/ou d'un syndrome sérotoninergique.,
INHIBITEURS SÉLECTIFS DE LA RECAPTURE DE LA SÉROTONINE,TRIPTANS,APEC,Risque d'apparition d'un syndrome sérotoninergique.,
INSULINE,ALCOOL (BOISSON OU EXCIPIENT),AD,Augmentation de la réaction hypoglycémique (inhibition des réactions de compensation pouvant faciliter la survenue de coma hypoglycémique).,Eviter la prise de boissons alcoolisées et de médicaments contenant de l'alcool.
INSULINE,ANALOGUES DE LA SOMATOSTATINE,PE,"Risque d'hypoglycémie ou d'hyperglycémie : diminution ou augmentation des besoins en insuline, par diminution ou augmentation de la sécrétion de glucagon endogène.","Prévenir le patient du risque d'hypoglycémie ou d'hyperglycémie, renforcer l'autosurveillance glycémique et adapter si besoin la posologie de l'insuline pendant le traitement par l'analogue de la somatostatine."
INSULINE,BÊTA-2 MIMÉTIQUES,PE,Elévation de la glycémie par le bêta-2 mimétique.,Renforcer la surveillance sanguine et urinaire.
INSULINE,BÊTA-BLOQUANTS (SAUF ESMOLOL) (Y COMPRIS COLLYRES),PE,Tous les bêtabloquants peuvent masquer certains symptômes de l'hypoglycémie : palpitations et tachycardie.,"Prévenir le patient et renforcer, surtout en début de traitement, l'autosurveillance glycémique."
INSULINE,BÊTA-BLOQUANTS DANS L'INSUFFISANCE CARDIAQUE,PE,Tous les bêtabloquants peuvent masquer certains symptômes de l'hypoglycémie : palpitations et tachycardie.,"Prévenir le patient et renforcer, surtout en début de traitement, l'autosurveillance glycémique."
INSULINE,CHLORPROMAZINE,PE,A fortes posologies (100 mg par jour de chlorpromazine) : élévation de la glycémie (diminution de la libération de l'insuline).,Prévenir le patient et renforcer l'autosurveillance glycémique. Adapter éventuellement la posologie de l'insuline pendant le traitement par le neuroleptique et après son arrêt.
INSULINE,DANAZOL,AD,Effet diabétogène du danazol.,"Si l'association ne peut être évitée, prévenir le patient et renforcer l'autosurveillance glycémique. Adapter éventuellement la posologie de l'insuline pendant le traitement par le danazol et après son arrêt."
INSULINE,INHIBITEURS DE L'ENZYME DE CONVERSION,PE,L'utilisation des IEC peut entraîner une majoration de l'effet hypoglycémiant chez le diabétique traité par insuline. La survenue de malaises hypoglycémiques semble exceptionnelle (amélioration de la tolérance au glucose qui aurait pour conséquence une réduction des besoins en insuline).,Renforcer l'autosurveillance glycémique.
INTERFERON ALFA,"FLUOROURACILE (ET, PAR EXTRAPOLATION, AUTRES FLUOROPYRIMIDINES)",APEC,Augmentation de la toxicité gastro-intestinale du fluorouracile.,
IPILIMUMAB,ANTICOAGULANTS ORAUX,PE,Augmentation du risque d'hémorragies digestives.,Surveillance clinique étroite.
IRINOTECAN,INDUCTEURS ENZYMATIQUES,AD,"Diminution probable des concentrations plasmatiques du métabolite actif de l'irinotécan, avec risque d'échec du traitement cytotoxique.",
IRINOTECAN,INHIBITEURS PUISSANTS DU CYP3A4,AD,Risque de majoration des effets indésirables de l'irinotécan par augmentation des concentrations plasmatiques de son métabolite actif.,
IRINOTECAN,MILLEPERTUIS,CI,"Diminution des concentrations plasmatiques du métabolite actif de l'irinotécan, avec risque d'échec du traitement cytotoxique.",
ISAVUCONAZOLE,INDUCTEURS ENZYMATIQUES,CI,Diminution des concentrations plasmatiques d'isavuconazole par augmentation de son métabolisme hépatique par l'inducteur.,
ISAVUCONAZOLE,INHIBITEURS PUISSANTS DU CYP3A4,PE,Augmentation des concentrations plasmatiques d'isavuconazole par diminution de son métabolisme hépatique par l'inhibiteur.,CI - PE Contre-indication: - avec le kétoconazole : - avec les autres inhibiteurs puissants du CYP3A4
ISAVUCONAZOLE,MILLEPERTUIS,CI,Diminution des concentrations plasmatiques d'isavuconazole par augmentation de son métabolisme hépatique par le millepertuis.,
ISONIAZIDE,ANESTHÉSIQUES VOLATILS HALOGÉNÉS,PE,"Potentialisation de l'effet hépatotoxique de l'isonazide, avec formation accrue de métabolites toxiques de l'isoniazide.","En cas d'intervention programmée, arrêter, par prudence, le traitement par l'isoniazide une semaine avant l'intervention et ne le reprendre que 15 jours après."
ISONIAZIDE,CARBAMAZEPINE,AD,Augmentation des concentrations plasmatiques de carbamazépine avec signes de surdosage par inhibition de son métabolisme hépatique.,
ISONIAZIDE,DISULFIRAME,AD,Troubles du comportement et de la coordination.,
ISONIAZIDE,GLUCOCORTICOÏDES (SAUF HYDROCORTISONE),PE,Décrit pour la prednisolone. Diminution des concentrations plasmatiques de l'isoniazide. Mécanisme invoqué : augmentation du métabolisme hépatique de l'isoniazide et diminution de celui des glucocorticoïdes.,Surveillance clinique et biologique.
ISONIAZIDE,KETOCONAZOLE,PE,Diminution des concentrations plasmatiques de kétoconazole.,Espacer les prises des deux anti-infectieux d'au moins 12 heures. Surveiller les concentrations plasmatiques du kétoconazole et adapter éventuellement sa posologie.
ISONIAZIDE,"PHÉNYTOÏNE (ET, PAR EXTRAPOLATION, FOSPHÉNYTOÏNE)",PE,Surdosage en phénytoïne (diminution de son métabolisme).,"Surveillance clinique étroite, dosage des concentrations plasmatiques de phénytoïne et adaptation éventuelle de sa posologie pendant le traitement par l'isoniazide et après son arrêt."
ISONIAZIDE,PYRAZINAMIDE,PE,Addition des effets hépatotoxiques.,Surveillance clinique et biologique.
ISONIAZIDE,RIFAMPICINE,PE,Augmentation de l'hépatotoxicité de l'isoniazide (augmentation de la formation de métabolites toxiques de l'isoniazide).,"Surveillance clinique et biologique de cette association classique. En cas d'hépatite, arrêter l'isoniazide."
ISONIAZIDE,STAVUDINE,PE,Risque majoré de survenue de neuropathies périphériques par addition d'effets indésirables.,"Surveillance clinique et biologique régulière, notamment en début d'association."
ISOPRENALINE,ANESTHÉSIQUES VOLATILS HALOGÉNÉS,AD,Troubles du rythme ventriculaire graves par augmentation de l'excitabilité cardiaque.,
ITRACONAZOLE,AFATINIB,PE,Augmentation des concentrations plasmatique d'afatinib par augmentation de son absorption par l'itraconazole.,"Il est recommandé d'administrer l'itraconazole le plus à distance possible de l'afatinib, en respectant de préférence un intervalle de 6 heures ou de 12 heures par rapport à la prise d'afatinib."
ITRACONAZOLE,ANTISÉCRÉTOIRES ANTIHISTAMINIQUES H2,APEC,"Diminution de l'absorption de l'azolé antifongique, par augmentation du pH intragastrique par l'antisécrétoire.",
ITRACONAZOLE,ANTISÉCRÉTOIRES INHIBITEURS DE LA POMPE À PROTONS,APEC,"Diminution de l'absorption de l'azolé antifongique, par augmentation du pH intragastrique par l'antisécrétoire.",
ITRACONAZOLE,APREPITANT,APEC,Augmentation des concentrations d'aprépitant par diminution de son métabolisme hépatique par l'itraconazole.,
ITRACONAZOLE,ATORVASTATINE,CI,Risque majoré d'effets indésirables (concentration-dépendants) à type de rhabdomyolyse (diminution du métabolisme hépatique de l'atorvastatine).,
ITRACONAZOLE,BUPRENORPHINE,PE,"Augmentation des concentrations de buprénorphine par diminution de son métabolisme hépatique, avec risque de majoration de ses effets indésirables.","Surveillance clinique et adaptation de la posologie de la buprénorphine pendant le traitement par l'inhibiteur et, le cas échéant, après son arrêt."
ITRACONAZOLE,BUSPIRONE,AD,"Augmentation des concentrations plasmatiques de la buspirone par diminution de son métabolisme hépatique, avec majoration importante de la sédation.",
ITRACONAZOLE,BUSULFAN,AD,Avec le busulfan à fortes doses : doublement des concentrations de busulfan par l'itraconazole.,
ITRACONAZOLE,DABIGATRAN,CI,"Augmentation de plus du double des concentrations plasmatiques de dabigatran, avec majoration du risque de saignement.",
ITRACONAZOLE,DIGOXINE,PE,"Augmentation de la digoxinémie avec nausées, vomissements, troubles du rythme.","Surveillance clinique et, s'il y a lieu, de l'ECG et de la digoxinémie avec adaptation de la posologie de la digoxine pendant le traitement par l'itraconazole et après son arrêt."
ITRACONAZOLE,ÉDOXABAN,PE,"Augmentation des concentrations plasmatiques de l'édoxaban, avec majoration du risque de saignement.",Réduire la dose d'édoxaban de moitié.
ITRACONAZOLE,ELVITÉGRAVIR,PE,Augmentation des concentrations plasmatiques d'elvitegravir par diminution de son métabolisme par l'itraconazole.,"Avec l'elvitegravir co-administré avec le cobicistat, surveillance clinique. Limiter la dose maximale d'itraconazole à 200 mg/j."
ITRACONAZOLE,HYDROQUINIDINE,PE,Risque d'acouphènes et/ou de diminution de l'acuité auditive : cinchonisme lié à une diminution du métabolisme hépatique de l'antiarythmique par l'itraconazole.,Surveillance des concentrations plasmatiques de l'antiarythmique et diminution éventuelle de sa posologie si nécessaire.
ITRACONAZOLE,IMMUNOSUPPRESSEURS,AD,Augmentation très importante des concentrations sanguines de l'immunosuppresseur par inhibition de son métabolisme hépatique.,"En cas d'association, contrôle strict de la fonction rénale, dosage des concentrations sanguines de l'immunosuppresseur et adaptation éventuelle de la posologie."
ITRACONAZOLE,INDUCTEURS ENZYMATIQUES,AD,"Diminution des concentrations plasmatiques d'itraconazole, avec risque de perte d'efficacité, par augmentation de son métabolisme hépatique par l'inducteur.",
ITRACONAZOLE,INHIBITEURS DE PROTÉASES BOOSTÉS PAR RITONAVIR,PE,Risque d'augmentation des concentrations d'itraconazole par l'inhibiteur de protéases.,Surveillance clinique lors de l'association. L'administration de doses élevées d'itraconazole (>200 mg par jour) n'est pas recommandée.
ITRACONAZOLE,MILLEPERTUIS,CI,"Risque de diminution importante des concentrations plasmatiques d'itraconazole, avec risque de perte d'efficacité, par augmentation de son métabolisme hépatique par le millepertuis.",
ITRACONAZOLE,NINTÉDANIB,PE,Augmentation des concentrations plasmatiques du nintédanib par augmentation de son absorption par l'itraconazole.,Surveillance clinique pendant l'association.
ITRACONAZOLE,QUINIDINE,PE,"Risque majoré de troubles du rythme ventriculaire, notamment de torsades de pointes, ainsi que d'acouphènes et/ou de diminution de l'acuité auditive (cinchonisme), par diminution du métabolisme hépatique de la quinidine.",Surveillance clinique.
ITRACONAZOLE,SALMETEROL,APEC,Augmentation importante des concentrations de salmétérol par diminution de son métabolisme hépatique par l'itraconazole.,
ITRACONAZOLE,TALAZOPARIB,PE,Augmentation des concentrations de talazoparib avec risque de majoration de la toxicité.,Réduire la dose de talazoparib.
ITRACONAZOLE,TÉNOFOVIR ALAFÉNAMIDE,PE,Augmentation des concentrations plasmatiques du ténofovir alafénamide par augmentation de son absorption.,"En cas de co-administration avec l'itraconazole, la dose de ténofovir alafénamide doit être limitée à 10 mg par jour."
ITRACONAZOLE,TRABECTÉDINE,AD,Risque d'augmentation des concentrations plasmatiques de la trabectedine par l'itraconazole.,"Si l'association est nécessaire, surveillance clinique et adaptation éventuelle de la posologie de la trabectedine pendant la durée du traitement par l'itraconazole."
ITRACONAZOLE,VENLAFAXINE,APEC,Augmentation des concentrations de venlafaxine avec risque de surdosage.,
IVABRADINE,AZITHROMYCINE,PE,"Risque majoré de troubles du rythme ventriculaires, notamment de torsades de pointes. De plus, risque d'augmentation des concentrations plasmatiques de l'ivabradine par augmentation de son absorption par l'azithromycine.",Surveillance clinique et ECG pendant l'association.
IVABRADINE,DILTIAZEM,CI,"Augmentation des concentrations plasmatiques de l'ivabradine et de ses effets indésirables, notamment cardiaques (inhibition de son métabolisme hépatique par le diltiazem), qui s'ajoutent aux effets bradycardisants de ces substances.",
IVABRADINE,INDUCTEURS ENZYMATIQUES PUISSANTS,PE,"Risque de diminution de l'efficacité de l'ivabradine, par augmentation de son métabolisme par l'inducteur.",Surveillance clinique et adaptation de la posologie de l'ivabradine pendant l'association et après l'arrêt de l'inducteur.
IVABRADINE,INHIBITEURS PUISSANTS DU CYP3A4,CI,Augmentation des concentrations plasmatiques de l'ivabradine et par conséquent de ses effets indésirables (inhibition de son métabolisme hépatique par l'inhibiteur).,
IVABRADINE,JOSAMYCINE,CI,Augmentation des concentrations plasmatiques de l'ivabradine et par conséquent de ses effets indésirables (inhibition de son métabolisme hépatique par la josamycine).,
IVABRADINE,MILLEPERTUIS,AD,"Risque de diminution de l'efficacité de l'ivabradine, par augmentation de son métabolisme par le millepertuis.",
IVABRADINE,PAMPLEMOUSSE (JUS ET FRUIT),AD,Augmentation des concentrations plasmatiques de l'ivabradine et de ses effets indésirables (inhibition de son métabolisme intestinal par le pamplemousse).,
IVABRADINE,RIFAMPICINE,PE,"Risque de diminution de l'efficacité de l'ivabradine, par augmentation de son métabolisme par la rifampicine.",Surveillance clinique et adaptation de la posologie de l'ivabradine pendant l'association et après l'arrêt de la rifampicine.
IVABRADINE,VERAPAMIL,CI,"Augmentation des concentrations plasmatiques de l'ivabradine et de ses effets indésirables, notamment cardiaques (augmentation de son absorption et inhibition de son métabolisme hépatique par le vérapamil), qui s'ajoutent aux effets bradycardisants de ces deux médicaments.",
IVACAFTOR (SEUL OU ASSOCIÉ),FLUCONAZOLE,PE,"Augmentation des concentrations d'ivacaftor, avec risque de majoration des effets indésirables.",Se référer à l'AMM pour les adaptations posologiques.
IVACAFTOR (SEUL OU ASSOCIÉ),INDUCTEURS ENZYMATIQUES,AD,"Diminution importante des concentrations de l'ivacaftor, avec risque de perte d'efficacité.",
IVACAFTOR (SEUL OU ASSOCIÉ),INHIBITEURS PUISSANTS DU CYP3A4,PE,"Augmentation des concentrations d'ivacaftor, avec risque de majoration des effets indésirables.",Se référer à l'AMM pour les adaptations posologiques.
IVACAFTOR (SEUL OU ASSOCIÉ),PAMPLEMOUSSE (JUS ET FRUIT),AD,Risque d'augmentation des concentrations plasmatiques d'ivacaftor par le jus de pamplemousse.,
JOSAMYCINE,CARBAMAZEPINE,PE,"Augmentation des concentrations plasmatiques de carbamazépine avec signes de surdosage, par diminution de son métabolisme hépatique.","Surveillance clinique et, si besoin, dosage plasmatique et réduction éventuelle de la posologie de la carbamazépine."
JOSAMYCINE,CICLOSPORINE,PE,Risque d'augmentation des concentrations sanguines de ciclosporine et de la créatininémie.,"Dosage des concentrations sanguines de la ciclosporine, contrôle de la fonction rénale et adaptation de la posologie pendant l'association et après l'arrêt du macrolide."
JOSAMYCINE,DISOPYRAMIDE,PE,"Risque de majoration des effets indésirables du disopyramide : hypoglycémies sévères, allongement de l'intervalle QT et troubles du rythme ventriculaire graves, notamment à type de torsades de pointes.","Surveillance clinique, biologique et électrocardiographique régulière."
JOSAMYCINE,HALOFANTRINE,AD,"Risque majoré de troubles du rythme ventriculaire, notamment de torsades de pointes.","Si cela est possible, interrompre le macrolide. Si l'association ne peut être évitée, contrôle préalable du QT et surveillance ECG monitorée."
JOSAMYCINE,IVABRADINE,CI,Augmentation des concentrations plasmatiques de l'ivabradine et par conséquent de ses effets indésirables (inhibition de son métabolisme hépatique par la josamycine).,
JOSAMYCINE,PIMOZIDE,CI,"Risque majoré de troubles du rythme ventriculaire, notamment de torsades de pointes.",
JOSAMYCINE,SILDENAFIL,PE,"Augmentation des concentrations plasmatiques de sildénafil, avec risque d'hypotension.",Débuter le traitement par sildénafil à la dose minimale en cas d'association avec la josamycine.
JOSAMYCINE,TACROLIMUS,AD,"Augmentation des concentrations sanguines de tacrolimus et de la créatininémie, par inhibition du métabolisme hépatique du tacrolimus par la josamycine.",
JOSAMYCINE,"THÉOPHYLLINE (ET, PAR EXTRAPOLATION, AMINOPHYLLINE)",APEC,"Risque d'augmentation de la théophyllinémie, particulièrement chez l'enfant.",
KETAMINE,TICLOPIDINE,APEC,Augmentation des concentrations plasmatiques de kétamine par diminution de son métabolisme par la ticlopidine.,
KETOCONAZOLE,AFATINIB,PE,Augmentation des concentrations plasmatique d'afatinib par augmentation de son absorption par le kétoconazole.,"Il est recommandé d'administrer le kétoconazole le plus à distance possible de l'afatinib, en respectant de préférence un intervalle de 6 heures ou de 12 heures par rapport à la prise d'afatinib."
KETOCONAZOLE,ANTISÉCRÉTOIRES ANTIHISTAMINIQUES H2,APEC,"Diminution de l'absorption de l'azolé antifongique, par augmentation du pH intragastrique par l'antisécrétoire.",
KETOCONAZOLE,ANTISÉCRÉTOIRES INHIBITEURS DE LA POMPE À PROTONS,APEC,"Diminution de l'absorption de l'azolé antifongique, par augmentation du pH intragastrique par l'antisécrétoire.",
KETOCONAZOLE,ATORVASTATINE,CI,Risque majoré d'effets indésirables (concentration-dépendants) à type de rhabdomyolyse (diminution du métabolisme hépatique de l'atorvastatine).,
KETOCONAZOLE,BUPRENORPHINE,PE,"Augmentation des concentrations de buprénorphine par diminution de son métabolisme hépatique, avec risque de majoration de ses effets indésirables.","Surveillance clinique et adaptation de la posologie de la buprénorphine pendant le traitement par l'inhibiteur et, le cas échéant, après son arrêt."
KETOCONAZOLE,DABIGATRAN,CI,"Augmentation de plus du double des concentrations plasmatiques de dabigatran, avec majoration du risque de saignement.",
KETOCONAZOLE,ELVITÉGRAVIR,PE,Augmentation des concentrations plasmatiques d'elvitegravir par diminution de son métabolisme par le kétoconazole.,"Avec l'elvitegravir co-administré avec le cobicistat, surveillance clinique. Limiter la dose maximale de kétoconazole à 200 mg/j."
KETOCONAZOLE,FIDAXOMICINE,AD,Augmentation des concentrations plasmatiques de la fidaxomicine.,
KETOCONAZOLE,IMMUNOSUPPRESSEURS,AD,Augmentation très importante des concentrations sanguines de l'immunosuppresseur par inhibition de son métabolisme hépatique.,"En cas d'association, contrôle strict de la fonction rénale, dosage des concentrations sanguines de l'immunosuppresseur et adaptation éventuelle de la posologie."
KETOCONAZOLE,ISONIAZIDE,PE,Diminution des concentrations plasmatiques de kétoconazole.,Espacer les prises des deux anti-infectieux d'au moins 12 heures. Surveiller les concentrations plasmatiques du kétoconazole et adapter éventuellement sa posologie.
KETOCONAZOLE,LERCANIDIPINE,AD,"Risque majoré d'effets indesirables, notamment d'oedèmes, par diminution du métabolisme hépatique de la dihydropyridine.",
KETOCONAZOLE,NEVIRAPINE,CI,"Augmentation des concentrations plasmatiques de névirapine par diminution de son métabolisme hépatique par le kétoconazole, d'une part, et diminution des concentrations plasmatiques du kétoconazole par augmentation de son métabolisme hépatique par la névirapine, d'autre part.",
KETOCONAZOLE,NINTÉDANIB,PE,Augmentation des concentrations plasmatiques du nintédanib par augmentation de son absorption par le kétoconazole.,Surveillance clinique pendant l'association.
KETOCONAZOLE,RIFAMPICINE,AD,Diminution des concentrations plasmatiques et de l'efficacité des deux anti-infectieux (induction enzymatique par la rifampicine et diminution de l'absorption intestinale par l'azolé antifongique).,
KETOCONAZOLE,SALMETEROL,APEC,Augmentation importante des concentrations de salmétérol par diminution de son métabolisme hépatique par le kétoconazole.,
KETOCONAZOLE,TÉNOFOVIR ALAFÉNAMIDE,PE,Augmentation des concentrations plasmatiques du ténofovir alafénamide par augmentation de son absorption.,"En cas de co-administration avec le kétoconazole, la dose de ténofovir alafénamide doit être limitée à 10 mg par jour."
KETOCONAZOLE,VENLAFAXINE,APEC,Augmentation des concentrations de venlafaxine avec risque de surdosage.,
LAMIVUDINE,CLADRIBINE,AD,Risque de diminution de l'efficacité de la cladribine par la lamivudine.,
LAMIVUDINE,SORBITOL,AD,Diminution des concentrations plasmatiques de lamivudine par le sorbitol.,"Si l'association ne peut être évitée, surveillance plus fréquente de la charge virale."
LAMOTRIGINE,CARBAMAZEPINE,PE,"Risque d'augmentation des effets neurologiques (vertiges, ataxie, diplopie) de la carbamazépine lors de l'introduction de la lamotrigine.",Surveillance clinique et réduction éventuelle de la posologie de la carbamazépine.
LAMOTRIGINE,ESTROPROGESTATIFS CONTRACEPTIFS,PE,Diminution des concentrations et de l'efficacité de la lamotrigine par augmentation de son métabolisme hépatique.,ASDEC - PE Association déconseillée: - Eviter de mettre en route une contraception orale pendant la période d'ajustement posologique de la lamotrigine. : - Surveillance clinique et adaptation de la posologie de la lamotrigine lors de la mise en route d'une contraception orale et après son arrêt.
LAMOTRIGINE,INHIBITEURS DE PROTÉASES BOOSTÉS PAR RITONAVIR,PE,Risque de diminution des concentrations et de l'efficacité de la lamotrigine par augmentation de son métabolisme hépatique par le ritonavir.,ASDEC - PE Association déconseillée - Eviter de mettre en route le traitement par ritonavir pendant la période d'ajustement posologique de la lamotrigine. - Surveillance clinique et adaptation de la posologie de la lamotrigine lors de la mise en route du traitement par ritonavir.
LAMOTRIGINE,OXCARBAZEPINE,PE,"Diminution des concentrations de la lamotrigine avec risque de moindre efficacité, par augmentation de son métabolisme hépatique par l'oxcarbazépine.","Surveillance clinique et contrôle des concentrations plasmatiques, avec adaptation de la posologie de la lamotrigine si besoin."
LAMOTRIGINE,"VALPROÏQUE (ACIDE) ET, PAR EXTRAPOLATION, VALPROMIDE",AD,"Risque majoré de réactions cutanées graves (syndrome de Lyell). Par ailleurs, augmentation des concentrations plasmatiques de lamotrigine (diminution de son métabolisme hépatique par le valproate de sodium).","Si l'association s'avère nécessaire, surveillance clinique étroite."
LANSOPRAZOLE,TACROLIMUS,PE,Augmentation des concentrations sanguines du tacrolimus.,"Dosage des concentrations sanguines du tacrolimus, contrôle de la fonction rénale et adaptation de la posologie pendant l'association et après son arrêt."
LAPATINIB,TÉDIZOLIDE,AD,"Risque d'augmentation des concentrations plasmatiques du lapatinib, par augmentation de son absorption avec le tédizolide administré par voie orale, ou par diminution de son élimination avec le tédizolide administré par voie IV.",
LAXATIFS (TYPE MACROGOL),MÉDICAMENTS ADMINISTRÉS PAR VOIE ORALE,APEC,"Avec les laxatifs, notamment en vue d'explorations endoscopiques: risque de diminution de l'efficacité du médicament administré avec le laxatif.","Eviter la prise d'autres médicaments pendant et après l'ingestion dans un délai d'au moins 2 h après la prise du laxatif, voire jusqu'à la réalisation de l'examen."
LÉDIPASVIR,ANTISÉCRÉTOIRES INHIBITEURS DE LA POMPE À PROTONS,PE,Diminution des concentrations du lédipasvir en cas d'administration de l'inhibiteur de la pompe à protons avant le lédipasvir.,Il est recommandé de prendre l''inhibiteur de la pompe à protons et le lédipasvir simultanément.
LÉDIPASVIR,INDUCTEURS ENZYMATIQUES PUISSANTS,CI,Diminution importante des concentrations plasmatiques du lédipasvir par augmentation de son métabolisme hépatique par l'inducteur enzymatique.,
LÉDIPASVIR,INHIBITEURS DE L'HMG-COA RÉDUCTASE (STATINES),PE,Risque d'augmentation des concentrations plasmatiques de la statine et de ses effets indésirables à type de rhabdomyolyse.,CI - PE Contre-indication : - avec la rosuvastatine. : - avec les autres inhibiteurs de l'HMG Co-A réductase. Surveillance clinique et biologique. Adaptation éventuelle de la posologie de la statine.
LÉDIPASVIR,MILLEPERTUIS,CI,Risque de diminution importante des concentrations plasmatiques du lédipasvir par augmentation de son métabolisme hépatique par le millepertuis.,
LÉDIPASVIR,RIFABUTINE,CI,"Diminution des concentrations plasmatiques de lédipasvir par la rifabutine, avec possible retentissement sur l'efficacité.",
LÉDIPASVIR,RIFAMPICINE,CI,Diminution importante des concentrations plasmatiques du lédipasvir par augmentation de son métabolisme hépatique par la rifampicine.,
LÉDIPASVIR,TENOFOVIR DISOPROXIL,PE,"Lors de sa co-administration avec un inhibiteur de protéase, augmentation des concentrations plasmatiques du ténofovir par le lédipasvir.","Surveillance clinique et biologique, notamment de la fonction rénale."
LÉNACAPAVIR,ATAZANAVIR,AD,"Lorsqu'il est associé au cobicistat, l'atazanavir provoque une augmentation très importante des concentrations de lénacapavir.",
LÉNACAPAVIR,EFAVIRENZ,AD,Diminution importante des concentrations de lénacapavir.,
LÉNACAPAVIR,INDUCTEURS ENZYMATIQUES PUISSANTS,CI,"Diminution, éventuellement considérable, des concentrations de lénacapavir, avec risque de réduction de la réponse virologique.",
LÉNACAPAVIR,MILLEPERTUIS,CI,"Diminution, éventuellement considérable, des concentrations de lénacapavir, avec risque de réduction de la réponse virologique.",
LÉNACAPAVIR,OXCARBAZEPINE,CI,"Diminution, éventuellement considérable, des concentrations de lénacapavir, avec risque de réduction de la réponse virologique.",
LÉNACAPAVIR,RIFAMPICINE,CI,"Diminution, éventuellement considérable, des concentrations de lénacapavir, avec risque de réduction de la réponse virologique.",
LENALIDOMIDE,INHIBITEURS DE L'HMG-COA RÉDUCTASE (STATINES),PE,Risque majoré de survenue de rhabdomyolyses.,"Renforcer le contrôle clinique et biologique, notamment durant les premières semaines de traitement."
LERCANIDIPINE,CICLOSPORINE,PE,Augmentation modérée des concentrations sanguines de l'immunosuppresseur et augmentation plus notable des concentrations de lercanidipine.,"Décaler les prises des deux médicaments. Dosage des concentrations sanguines de l'immunosuppresseur, et adaptation si nécessaire de sa posologie pendant l'association et après son arrêt."
LERCANIDIPINE,KETOCONAZOLE,AD,"Risque majoré d'effets indesirables, notamment d'oedèmes, par diminution du métabolisme hépatique de la dihydropyridine.",
LERCANIDIPINE,PAMPLEMOUSSE (JUS ET FRUIT),APEC,"Risque majoré d'effets indésirables, notamment d'oedèmes, par diminution du métabolisme intestinal de la dihydropyridine.",
LÉTERMOVIR,ALCALOÏDES DE L'ERGOT DE SEIGLE VASOCONSTRICTEURS,CI,"Risque de vasoconstriction coronaire ou des extrémités (ergotisme), ou de poussées hypertensives.",
LÉTERMOVIR,IMMUNOSUPPRESSEURS,PE,"Augmentation, éventuellement très importante, des concentrations sanguines de l'immunosuppresseur par inhibition de son métabolisme et de la créatininémie.",Surveillance clinique et biologique renforcée.
LÉTERMOVIR,INHIBITEURS DE L'HMG-COA RÉDUCTASE (STATINES),PE,Risque d'augmentation des concentrations plasmatiques de la statine et de ses effets indésirables à type de rhabdomyolyse.,"ASDEC - PE Association déconseillée: - avec simvastatine, pitavastatine, rosuvastatine (en cas d'utilisation du létermovir seul): - ne pas dépasser 20 mg/ jour d'atorvastatine - adaptation éventuelle de la posologie de fluvastatine et de pravastatine,"
LÉTERMOVIR,PIMOZIDE,CI,"Risque majoré de troubles du rythme ventriculaire, notamment de torsades de pointes.",
LÉTERMOVIR,VORICONAZOLE,AD,Diminution de plus de la moitié de l'exposition du voriconazole.,"Si l'association s'avère nécessaire, surveillance clinique étroite, notamment les deux premières semaines après l'instauration ou l'arrêt du traitement par létermovir."
LEVOCARNITINE,ANTIVITAMINES K,PE,Augmentation de l'effet de l'antivitamine K et du risque hémorragique,Contrôle plus fréquent de l'INR. Adaptation éventuelle de la posologie de l'antivitamine K pendant le traitement par la lévocarnitine et 8 jours après son arrêt.
LEVODOPA,BACLOFENE,APEC,"Risque d'aggravation du syndrome parkinsonien ou d'effets indésirables centraux (hallucinations visuelles, état confusionnel, céphalées).",
LEVODOPA,FER,PE,Diminution de l'absorption digestive de la lévodopa.,Prendre les sels de fer à distance de la lévodopa (plus de 2 heures si possible).
LEVODOPA,IMAO-B,APEC,Augmentation du risque d'hypotension orthostatique.,
LEVODOPA,METHYLDOPA,PE,Augmentation des effets de la lévodopa mais également de ses effets indésirables. Majoration de l'effet antihypertenseur de la méthyldopa.,Surveillance clinique et éventuellement diminution des doses de lévodopa.
LEVODOPA,NEUROLEPTIQUES ANTIÉMÉTIQUES,CI,Antagonisme réciproque entre la lévodopa et le neuroleptique.,Utiliser un antiémétique dénué d'effets extrapyramidaux.
LEVODOPA,NEUROLEPTIQUES ANTIPSYCHOTIQUES (SAUF CLOZAPINE),AD,Antagonisme réciproque de la lévodopa et des neuroleptiques.,"Chez le patient parkinsonien, utiliser les doses minimales efficaces de chacun des deux médicaments."
LEVODOPA,RESERPINE,CI,Inhibition des effets de la lévodopa.,
LEVODOPA,SPIRAMYCINE,PE,En cas d'association avec la carbidopa : inhibition de l'absorption de la carbidopa avec diminution des concentrations plasmatiques de la lévodopa.,Surveillance clinique et adaptation éventuelle de la posologie de la lévodopa.
LEVODOPA,TETRABENAZINE,AD,Antagonisme réciproque entre la lévodopa et la tétrabénazine.,
LEVOFLOXACINE,SUBSTANCES SUSCEPTIBLES DE DONNER DES TORSADES DE POINTES,PE,"Risque majoré de troubles du rythme ventriculaire, notamment de torsades de pointes.",Surveillance clinique et électrocardiographique pendant l'association.
LEVONORGESTREL,INDUCTEURS ENZYMATIQUES,PE,"Avec le lévonorgestrel utilisé dans l'indication contraception d'urgence, diminution importante des concentrations plasmatiques de lévonorgestrel, avec risque d'inefficacité.","En cas de prise d'un médicament inducteur dans les 4 dernières semaines, l'utilisation d'une contraception d'urgence non hormonale (DIU au cuivre) devrait s'envisager. Si ce n'est pas possible, le doublement de la dose de lévonorgestrel est une autre option."
LIDOCAINE,AMIODARONE,PE,"Risque d'augmentation des concentrations plasmatiques de lidocaïne, avec possibilité d'effets indésirables neurologiques et cardiaques, par diminution de son métabolisme hépatique par l'amiodarone.","Surveillance clinique, ECG et éventuellement contrôle des concentrations plasmatiques de lidocaïne. Si besoin, adaptation de la posologie de la lidocaïne pendant le traitement par amiodarone et après son arrêt."
LIDOCAINE,BÊTA-BLOQUANTS (SAUF ESMOLOL) (Y COMPRIS COLLYRES),PE,Avec la lidocaïne utilisée par voie IV : augmentation des concentrations plasmatiques de lidocaïne avec possibilité d'effets indésirables neurologiques et cardiaques (diminution de la clairance hépatique de la lidocaïne).,"Surveillance clinique, ECG et éventuellement contrôle des concentrations plasmatiques de lidocaïne pendant l'association et après l'arrêt du bêta-bloquant. Adaptation si besoin de la posologie de la lidocaïne."
LIDOCAINE,BÊTA-BLOQUANTS DANS L'INSUFFISANCE CARDIAQUE,APEC,Effet inotrope négatif avec risque de décompensation cardiaque.,
LIDOCAINE,CIMETIDINE,PE,Avec la cimétidine utilisée à des doses supérieures ou égales à 800 mg/j : augmentation des concentrations plasmatiques de lidocaïne avec risque d'effets indésirables neurologiques et cardiaques (inhibition du métabolisme hépatique de la lidocaïne).,"Surveillance clinique, ECG et éventuellement des concentrations plasmatiques de la lidocaïne ; s'il y a lieu, adaptation de la posologie de la lidocaïne pendant le traitement par la cimétidine et après son arrêt."
LIDOCAINE,FLUVOXAMINE,PE,Augmentation des concentrations plasmatiques de la lidocaïne avec possibilités d'effets indésirables neurologiques et cardiaques (diminution de la clairance hépatique de la lidocaïne).,"Surveillance clinique, ECG et éventuellement contrôle des concentrations plasmatiques de la lidocaïne pendant et après l'arrêt de l'association. Adaptation, si besoin, de la posologie de la lidocaïne."
LINCOSANIDES,CURARES,PE,"Potentialisation des curares lorque l'antibiotique est administré par voie parentérale et/ou péritonéale avant, pendant ou après l'agent curarisant.",Surveiller le degré de curarisation en fin d'anesthésie.
LINEZOLIDE,CLARITHROMYCINE,APEC,"Risque de majoration des effets indésirables du linézolide par la clarithromycine, par augmentation de son absorption.",
LINEZOLIDE,RIFAMPICINE,PE,Risque de diminution de l'efficacité du linézolide par augmentation de son métabolisme hépatique par la rifampicine.,Surveillance clinique et augmentation éventuelle de la posologie du linézolide pendant le traitement par la rifampicine.
LITHIUM,ACETAZOLAMIDE,PE,Diminution de la lithémie avec risque de baisse de l'efficacité thérapeutique.,Surveillance stricte de la lithémie et adaptation éventuelle de la posologie du lithium.
LITHIUM,ANTAGONISTES DES RÉCEPTEURS DE L'ANGIOTENSINE II,AD,Augmentation de la lithémie pouvant atteindre des valeurs toxiques (diminution de l'excrétion rénale du lithium).,"Si l'usage d'un antagoniste de l'angiotensine II est indispensable, surveillance stricte de la lithémie et adaptation de la posologie."
LITHIUM,ANTI-INFLAMMATOIRES NON STÉROÏDIENS,AD,Augmentation de la lithémie pouvant atteindre des valeurs toxiques (diminution de l'excrétion rénale du lithium).,"Si l'association ne peut être évitée, surveiller étroitement la lithémie et adapter la posologie du lithium pendant l'association et après l'arrêt de l'anti-inflammatoire non stéroïdien."
LITHIUM,CAFEINE,APEC,"En cas d'arrêt brutal de la consommation de café ou de médicaments contenant de la caféine, risque d'augmentation de la lithémie.",
LITHIUM,CALCITONINE,PE,Risque de baisse de l'efficacité du lithium par augmentation de son élimination rénale par la calcitonine.,"Surveillance clinique et biologique régulière, notamment en début d'association."
LITHIUM,CARBAMAZEPINE,AD,"Risque de neurotoxicité se manifestant par des troubles cérébelleux, confusion, somnolence, ataxie. Ces troubles sont réversibles à l'arrêt du traitement par le lithium.",
LITHIUM,DIURÉTIQUES DE L'ANSE,AD,"Augmentation de la lithémie avec signes de surdosage en lithium, comme lors d'un régime désodé (diminution de l'excrétion urinaire du lithium).","Si l'association ne peut être évitée, surveillance stricte de la lithémie et adaptation de la posologie du lithium."
LITHIUM,DIURÉTIQUES ÉPARGNEURS DE POTASSIUM (SEULS OU ASSOCIÉS),PE,"Augmentation de la lithémie avec signes de surdosage en lithium, comme lors d'un régime désodé (diminution de l'excrétion urinaire du lithium).",Surveillance stricte de la lithémie et adaptation éventuelle de la posologie du lithium.
LITHIUM,DIURÉTIQUES THIAZIDIQUES ET APPARENTÉS,AD,"Augmentation de la lithémie avec signes de surdosage en lithium, comme lors d'un régime désodé (diminution de l'excrétion urinaire du lithium).","Si l'association ne peut être évitée, surveillance stricte de la lithémie et adaptation de la posologie du lithium."
LITHIUM,GLYCEROL,PE,Diminution de la lithémie avec risque de baisse de l'efficacité thérapeutique.,Surveillance stricte de la lithémie et adaptation éventuelle de la posologie du lithium.
LITHIUM,INHIBITEURS DE L'ENZYME DE CONVERSION,AD,Augmentation de la lithémie pouvant atteindre des valeurs toxiques (diminution de l'excrétion rénale du lithium).,"Si l'usage d'un IEC est indispensable, surveillance stricte de la lithémie et adaptation de la posologie du lithium."
LITHIUM,INHIBITEURS SÉLECTIFS DE LA RECAPTURE DE LA SÉROTONINE,PE,Risque d'apparition d'un syndrome sérotoninergique.,"Surveillance clinique et biologique régulière, notamment en début d'association."
LITHIUM,MANNITOL,PE,Diminution de la lithémie avec risque de baisse de l'efficacité thérapeutique.,Surveillance stricte de la lithémie et adaptation éventuelle de la posologie du lithium.
LITHIUM,METHYLDOPA,PE,"Augmentation de la lithémie pouvant atteindre des valeurs toxiques, avec signes de surdosage en lithium.",Surveillance clinique et adaptation de la posologie de lithium.
LITHIUM,METRONIDAZOLE,PE,"Augmentation de la lithémie pouvant atteindre des valeurs toxiques, avec signes de surdosage en lithium.",Surveillance stricte de la lithémie et adaptation éventuelle de la posologie du lithium.
LITHIUM,NEUROLEPTIQUES,PE,Risque d'apparition de signes neuropsychiques évocateurs d'un syndrome malin des neuroleptiques ou d'une intoxication au lithium.,"Surveillance clinique et biologique régulière, notamment en début d'association."
LITHIUM,ORLISTAT,APEC,Risque d'échec thérapeutique en cas de traitement concomitant par orlistat.,
LITHIUM,SODIUM (BICARBONATE DE),PE,Risque de baisse de l'efficacité du lithium par augmentation de son élimination rénale par les sels de sodium.,Eviter les surcharges sodées et tenir compte de la présence de sodium dans certains médicaments comme les antiacides.
LITHIUM,SODIUM (CHLORURE DE),PE,Risque de baisse de l'efficacité du lithium par augmentation de son élimination rénale par les sels de sodium.,Eviter les surcharges sodées et tenir compte de la présence de sodium dans certains médicaments comme les antiacides.
LITHIUM,THEOPHYLLINE,PE,Diminution de la lithémie avec risque de baisse de l'efficacité thérapeutique.,Surveillance stricte de la lithémie et adaptation éventuelle de la posologie du lithium.
LITHIUM,TOPIRAMATE,PE,"Pour des doses de topiramate >= 200 mg par jour : augmentation de la lithémie pouvant atteindre des valeurs toxiques, avec signes de surdosage en lithium.",Surveillance clinique et biologique. Adaptation de la posologie du lithium.
LOMITAPIDE,DILTIAZEM,CI,"Augmentation des concentrations de lomitapide, avec risque d'hépatotoxicité.",
LOMITAPIDE,INHIBITEURS PUISSANTS DU CYP3A4,CI,Augmentation des concentrations plasmatiques du lomitapide par diminution de son métabolisme hépatique par l'inhibiteur.,
LOMITAPIDE,MILLEPERTUIS,AD,Risque de diminution des concentrations plasmatiques du lomitapide.,
LOMUSTINE,CIMETIDINE,AD,Avec la cimétidine utilisée à des doses supérieures ou égales à 800 mg/j : toxicité médullaire accrue (inhibition du métabolisme de la lomustine).,
LOSARTAN,FLUCONAZOLE,APEC,"Risque de diminution de l'efficacité du losartan, par inhibition de la formation de son métabolite actif par le fluconazole.",
LUMEFANTRINE,INHIBITEURS PUISSANTS DU CYP3A4,AD,"Risque majoré de troubles du rythme ventriculaire, notamment de torsades de pointes.","Si cela est possible, interrompre l'inhibiteur. Si l'association ne peut être évitée, contrôle préalable du QT et surveillance ECG monitorée."
LURASIDONE,INDUCTEURS ENZYMATIQUES,CI,Diminution des concentrations plasmatiques de la lurasidone par augmentation de son métabolisme hépatique par l'inducteur.,
LURASIDONE,INHIBITEURS PUISSANTS DU CYP3A4,CI,Augmentation des concentrations plasmatiques de la lurasidone par diminution de son métabolisme hépatique par l'inhibiteur.,
LURASIDONE,MILLEPERTUIS,CI,Diminution des concentrations plasmatiques de la lurasidone par augmentation de son métabolisme hépatique par le millepertuis.,
LURASIDONE,PAMPLEMOUSSE (JUS ET FRUIT),AD,Augmentation des concentrations plasmatiques de la lurasidone par diminution de son métabolisme par le pamplemousse.,
MACITENTAN,INDUCTEURS ENZYMATIQUES,AD,Diminution des concentrations plasmatiques de macitentan par augmentation de son métabolisme par l'inducteur.,
MACITENTAN,MILLEPERTUIS,AD,Risque de diminution des concentrations plasmatiques de macitentan par augmentation de son métabolisme par le millepertuis.,
MACROLIDES (SAUF SPIRAMYCINE),ALCALOÏDES DE L'ERGOT DE SEIGLE DOPAMINERGIQUES,AD,Augmentation des concentrations plasmatiques du dopaminergique avec accroissement possible de son activité ou apparition de signes de surdosage.,
MACROLIDES (SAUF SPIRAMYCINE),ANTIVITAMINES K,PE,Augmentation de l'effet de l'antivitamine K et du risque hémorragique.,Contrôle plus fréquent de l'INR. Adaptation éventuelle de la posologie de l'antivitamine K pendant le traitement par le macrolide et après son arrêt.
MACROLIDES (SAUF SPIRAMYCINE),COLCHICINE,CI,"Augmentation des effets indésirables de la colchicine, aux conséquences potentiellement fatales.",
MACROLIDES (SAUF SPIRAMYCINE),DIGOXINE,PE,Augmentation de la digoxinémie par augmentation de son absorption.,Surveillance clinique et éventuellement de la digoxinémie pendant le traitement par le macrolide et après son arrêt.
MACROLIDES (SAUF SPIRAMYCINE),DIHYDROERGOTAMINE,CI,Ergotisme avec possibilité de nécrose des extrémités (inhibition de l'élimination hépatique de l'alcaloïde de l'ergot de seigle).,
MACROLIDES (SAUF SPIRAMYCINE),ERGOTAMINE,CI,Ergotisme avec possibilité de nécrose des extrémités (diminution de l'élimination hépatique de l'ergotamine).,
MAGNÉSIUM,INHIBITEURS D'INTÉGRASE,PE,Diminution de l'absorption digestive des inhibiteurs d'intégrase.,"Prendre les sels de magnésium à distance de l'antirétroviral (plus de 2 heures, si possible)."
MAGNÉSIUM,ROXADUSTAT,PE,"La prise de cation divalent peut diminuer l'absorption intestinale et, potentiellement, l'efficacité du roxadustat pris simultanément.","Prendre le roxadustat à distance des sels de magnésium (plus de 1 heure, si possible)."
MANNITOL,LITHIUM,PE,Diminution de la lithémie avec risque de baisse de l'efficacité thérapeutique.,Surveillance stricte de la lithémie et adaptation éventuelle de la posologie du lithium.
MARAVIROC,FOSAMPRENAVIR,AD,Diminution significative des concentrations d'amprénavir pouvant conduire à une perte de la réponse virologique.,
MARAVIROC,INDUCTEURS ENZYMATIQUES,PE,"En l'absence de co-administration avec un inhibiteur puissant du CYP3A4, diminution des concentrations de maraviroc par l'inducteur (sauf la névirapine).",La dose de maraviroc doit être augmentée à 600 mg deux fois par jour dans cette situation.
MARAVIROC,INHIBITEURS PUISSANTS DU CYP3A4,PE,Augmentation des concentrations de maraviroc par l'inhibiteur.,La dose de maraviroc doit être diminuée à 150 mg deux fois par jour en cas de co-administration avec cet inhibiteur. A l'exception du tipranavir boosté par ritonavir où la dose de maraviroc doit être de 300 mg deux fois par jour.
MARAVIROC,MILLEPERTUIS,AD,Risque de diminution des concentrations plasmatiques de maraviroc pouvant conduire à une perte de la réponse virologique.,
MARIBAVIR,GANCICLOVIR,CI,Antagonisme de la phosporylation et donc de l'effet pharmacologique du ganciclovir par le maribavir.,
MARIBAVIR,IMMUNOSUPPRESSEURS,PE,Possible augmentation des concentrations de l'immunosuppresseur.,"Dosage des concentrations sanguines de l'immunosuppresseur, contrôle de la fonction rénale et adaptation éventuelle de la posologie pendant l'association et après son arrêt."
MARIBAVIR,INDUCTEURS ENZYMATIQUES,AD,"Diminution possiblement importante des concentrations de maribavir avec la rifampicine, avec risque de réduction de la réponse virologique.","Si l'association ne peut être évitée, augmentation éventuelle de la posologie de maribavir."
MARIBAVIR,VALGANCICLOVIR,CI,Antagonisme de la phosporylation et donc de l'effet pharmacologique du valganciclovir par le maribavir.,
MÉDICAMENTS À L'ORIGINE D'ATTEINTES MUSCULAIRES,AUTRES MÉDICAMENTS À L'ORIGINE D'ATTEINTES MUSCULAIRES,APEC,Risque de majoration des effets indésirables musculaires.,
MÉDICAMENTS À L'ORIGINE D'UN HYPOGONADISME MASCULIN,SUBSTANCES SUSCEPTIBLES DE DONNER DES TORSADES DE POINTES,PE,"Risque majoré de troubles du rythme ventriculaire, notamment de torsades de pointes.",Surveillance clinique et électrocardiographique pendant l'association.
MÉDICAMENTS À L'ORIGINE D'UN SYNDROME SÉROTONINERGIQUE,AUTRES MÉDICAMENTS À L'ORIGINE D'UN SYNDROME SÉROTONINERGIQUE,APEC,Risque d'apparition ou de majoration d'un syndrome sérotoninergique en cas d'association de ces médicaments.,
MÉDICAMENTS À L'ORIGINE D'UNE HYPOTENSION ORTHOSTATIQUE,DAPOXÉTINE,APEC,"Risque de majoration des effets indésirables, notamment à type de vertiges ou de syncopes.",ASDEC - APEC Association déconseillée - avec les inhibiteurs de la phosphodiestérase de type 5 - avec les autres classes thérapeutiques
MÉDICAMENTS À L'ORIGINE D'UNE HYPOTENSION ORTHOSTATIQUE,MÉDICAMENTS ABAISSANT LA PRESSION ARTÉRIELLE,APEC,"Risque de majoration d'une hypotension, notamment orthostatique.",
MÉDICAMENTS À RISQUE LORS DU SEVRAGE TABAGIQUE,TRAITEMENTS DE SUBSTITUTION NICOTINIQUE,APEC,Risque de surdosage lors du remplacement du tabac par le traitement substitutif.,
MÉDICAMENTS ABAISSANT LA PRESSION ARTÉRIELLE,MÉDICAMENTS À L'ORIGINE D'UNE HYPOTENSION ORTHOSTATIQUE,APEC,"Risque de majoration d'une hypotension, notamment orthostatique.",
MÉDICAMENTS ABAISSANT LE SEUIL ÉPILEPTOGÈNE,AUTRES MÉDICAMENTS ABAISSANT LE SEUIL ÉPILEPTOGÈNE,APEC,Risque accru de convulsions.,
MÉDICAMENTS ATROPINIQUES,AUTRES MÉDICAMENTS ATROPINIQUES,APEC,"Addition des effets indésirables atropiniques à type de rétention urinaire, constipation, sécheresse de la bouche….",
MÉDICAMENTS ATROPINIQUES,ANTICHOLINESTÉRASIQUES,APEC,Risque de moindre efficacité de l'anticholinestérasique par antagonisme des récepteurs de l'acétylcholine par l'atropinique.,
MÉDICAMENTS ATROPINIQUES,MORPHINIQUES,APEC,"Risque important d'akinésie colique, avec constipation sévère.",
MÉDICAMENTS MÉTHÉMOGLOBINISANTS,AUTRES MÉDICAMENTS MÉTHÉMOGLOBINISANTS,APEC,Risque d'addition des effets méthémoglobinisants.,
MÉDICAMENTS MIXTES ADRÉNERGIQUES-SÉROTONINERGIQUES,ADRÉNALINE (VOIE BUCCO-DENTAIRE OU SOUS-CUTANÉE),PE,Troubles du rythme ventriculaire graves par augmentation de l'excitabilité cardiaque.,"Limiter l'apport, par exemple : moins de 0,1 mg d'adrénaline en 10 minutes ou 0,3 mg en 1 heure chez l'adulte."
MÉDICAMENTS MIXTES ADRÉNERGIQUES-SÉROTONINERGIQUES,ANTIAGRÉGANTS PLAQUETTAIRES,APEC,Augmentation du risque hémorragique.,
MÉDICAMENTS MIXTES ADRÉNERGIQUES-SÉROTONINERGIQUES,ANTICOAGULANTS ORAUX,APEC,Augmentation du risque hémorragique.,
MÉDICAMENTS MIXTES ADRÉNERGIQUES-SÉROTONINERGIQUES,ANTI-INFLAMMATOIRES NON STÉROÏDIENS,APEC,Augmentation du risque hémorragique.,
MÉDICAMENTS MIXTES ADRÉNERGIQUES-SÉROTONINERGIQUES,COBIMÉTINIB,PE,Augmentation du risque hémorragique.,Surveillance clinique.
MÉDICAMENTS MIXTES ADRÉNERGIQUES-SÉROTONINERGIQUES,IMAO IRRÉVERSIBLES,CI,"Risque d'apparition d'un syndrome sérotoninergique : diarrhée, tachycardie, sueurs, tremblements, confusion voire coma.","Respecter un délai de deux semaines entre l'arrêt de l'IMAO et le début de l'autre traitement, et d'au moins une semaine entre l'arrêt de l'autre traitement et le début de l'IMAO."
MÉDICAMENTS MIXTES ADRÉNERGIQUES-SÉROTONINERGIQUES,"IMAO-A RÉVERSIBLES, Y COMPRIS OXAZOLIDINONES ET BLEU DE MÉTHYLÈNE",AD,"Risque d'apparition d'un syndrome sérotoninergique : diarrhée, tachycardie, sueur, confusion voire coma.","Si l'association ne peut être évitée, surveillance clinique très étroite. Débuter l'association aux posologies minimales recommandées."
MÉDICAMENTS MIXTES ADRÉNERGIQUES-SÉROTONINERGIQUES,ORLISTAT,APEC,Risque d'échec thérapeutique en cas de traitement concomitant par orlistat.,
MÉDICAMENTS MIXTES ADRÉNERGIQUES-SÉROTONINERGIQUES,SYMPATHOMIMÉTIQUES ALPHA ET BÊTA (VOIE IM ET IV),AD,Hypertension paroxystique avec possibilité de troubles du rythme (inhibition de l'entrée du sympathomimétique dans la fibre sympathique).,
MÉDICAMENTS NÉPHROTOXIQUES,AUTRES MÉDICAMENTS NÉPHROTOXIQUES,APEC,Risque de majoration de la néphrotoxicité.,
MÉDICAMENTS OTOTOXIQUES,AUTRES MÉDICAMENTS OTOTOXIQUES,APEC,Majoration de l'ototoxicité.,
MÉDICAMENTS SÉDATIFS,AUTRES MÉDICAMENTS SÉDATIFS,APEC,Majoration de la dépression centrale. L'altération de la vigilance peut rendre dangereuses la conduite de véhicules et l'utilisation de machines.,CI - ASDEC - APEC : - pour tous les médicaments sédatifs entre eux sauf: - avec l'oxybate de sodium (association déconseillée) - entre l'oxybate de sodium et les opiacés ou les barbituriques (contre- indication)
MÉDICAMENTS SÉDATIFS,ALCOOL (BOISSON OU EXCIPIENT),AD,"Majoration par l'alcool de l'effet sédatif de ces substances. L'altération de la vigilance peut rendre dangereuses la conduite de véhicules et l'utilisation de machines. MÉDICAMENTS, BRADYKININE ET ANGIO-ŒDÈME Certains médicaments ou classes thérapeutiques sont susceptibles de provoquer une réaction vasculaire à type d'angio-œdème de la face et du cou, résultant de l'inhibition de la dégradation de la bradykinine. Les médicaments les plus fréquemment impliqués sont les IEC, certains immunosuppresseurs dits mTORi, un antidiarrhéique, le racécadotril, un cytotoxique, l'estramustine, le sacubitril. Les antidiabétiques de la classe des gliptines ont été impliqués dans une étude isolée. Les conséquences de l'angio-oedème peuvent parfois être fatales, par obstruction des voies respiratoires. L'angio-oedème peut survenir indépendamment d'une association simultanée entre ces médicaments, au cas où le patient aurait été exposé antérieurement à l'un des deux protagonistes. Il conviendra de rechercher des antécédents de survenue de cet effet et de mesurer la nécessité de ce type d'association. (alteplase recombinante, azilsartan, benazepril, candesartan cilexetil, captopril, cilazapril, enalapril, eprosartan, estramustine, évérolimus, fosinopril, irbesartan, linagliptine, lisinopril, losartan, moexipril, olmesartan, périndopril, quinapril, racecadotril, ramipril, sacubitril, saxagliptine, sirolimus, sitagliptine, telmisartan, temsirolimus, trandolapril, valsartan, vildagliptine, zofenopril)",Eviter la prise de boissons alcoolisées et de médicaments contenant de l'alcool.
MÉDICAMENTS SÉDATIFS,AUTRES MEDICAMENTS À RISQUE D'ANGIO-ŒDÈME,APEC,"Risque de majoration de la survenue d'un angio-œdème d'origine bradykinique, pouvant être fatal.",CI - ASDEC - APEC Contre-indication : - entre sacubitril et IEC : - entre gliptines et IEC Déconseillé entre les autres
MEFLOQUINE,QUININE,AD,Pour la quinine administrée par voie IV : risque majoré de survenue de crises épileptiques par addition des effets proconvulsivants.,Respecter un délai minimum de 12 heures entre la fin de l'administration IV de quinine et le début de l'administration de méfloquine.
MEQUITAZINE,BUPROPION,AD,"Risque de majoration des effets indésirables de la méquitazine, par inhibition de son métabolisme par l'inhibiteur enzymatique.",
MEQUITAZINE,CINACALCET,AD,"Risque de majoration des effets indésirables de la méquitazine, par inhibition de son métabolisme par l'inhibiteur enzymatique.",
MEQUITAZINE,DULOXETINE,AD,"Risque de majoration des effets indésirables de la méquitazine, par inhibition de son métabolisme par l'inhibiteur enzymatique.",
MEQUITAZINE,FLUOXETINE,AD,"Risque de majoration des effets indésirables de la méquitazine, par inhibition de son métabolisme par l'inhibiteur enzymatique.",
MEQUITAZINE,PAROXETINE,AD,"Risque de majoration des effets indésirables de la méquitazine, par inhibition de son métabolisme par l'inhibiteur enzymatique.",
MEQUITAZINE,TERBINAFINE,AD,"Risque de majoration des effets indésirables de la méquitazine, par inhibition de son métabolisme par l'inhibiteur enzymatique.",
METFORMINE,ALCOOL (BOISSON OU EXCIPIENT),AD,"Risque majoré d'acidose lactique lors d'intoxication alcoolique aiguë, particulièrement en cas de jeûne ou dénutrition, ou bien d'insuffisance hépatocellulaire.",Eviter la prise de boissons alcoolisées et de médicaments contenant de l'alcool.
METFORMINE,DIURÉTIQUES DE L'ANSE,PE,"Acidose lactique due à la metformine, déclenchée par une éventuelle insuffisance rénale fonctionnelle, liée aux diurétiques de l'anse.","Ne pas utiliser la metformine lorsque la créatininémie dépasse 15 mg/l (135 µmol/l) chez l'homme, et 12 mg/l (110 µmol/l) chez la femme."
METFORMINE,DOLUTÉGRAVIR,PE,Augmentation moyenne de moins de deux fois des concentrations plasmatiques de metformine.,"Chez le patient avec une insuffisance rénale modérée, surveillance clinique et éventuelle réduction supplémentaire de la posologie de metformine."
METFORMINE,PRODUITS DE CONTRASTE IODÉS,CI,"Risque important d'acidose lactique par hémoconcentration de la metformine, dans le cas d'un arrêt cardio-respiratoire induit par l'examen radiologique, avec insuffisance rénale aiguë. Risque important d'acidose lactique par hémoconcentration de la metformine, dans le cas d'un arrêt cardio-respiratoire induit par l'examen radiologique, avec insuffisance rénale aiguë. Risque important d'acidose lactique par hémoconcentration de la metformine, dans le cas d'un arrêt cardio-respiratoire induit par l'examen radiologique, avec insuffisance rénale aiguë.",Le traitement par la metformine doit être suspendu au moment de l'examen radiologique pour n'être repris que 2 jours après. CONTRE-INDICATION Le traitement par la metformine doit être suspendu au moment de l'examen radiologique pour n'être repris que 2 jours après. CONTRE-INDICATION Le traitement par la metformine doit être suspendu au moment de l'examen radiologique pour n'être repris que 2 jours après.
METHADONE,ANTITUSSIFS MORPHINE-LIKE,APEC,"Risque majoré de dépression respiratoire, pouvant être fatale en cas de surdosage.",
METHADONE,ANTITUSSIFS MORPHINIQUES VRAIS,APEC,"Risque majoré de dépression respiratoire, pouvant être fatale en cas de surdosage.",
METHADONE,APALUTAMIDE,AD,"Risque de diminution très importante des concentrations de la méthadone, et perte d'efficacité, par augmentation de son métabolisme hépatique par l'apalutamide.",
METHADONE,CIMETIDINE,PE,"Augmentation des concentrations plasmatiques de méthadone avec surdosage et risque majoré d'allongement de l'intervalle QT et de troubles du rythme ventriculaire, notamment de torsades de pointes.","Surveillance clinique et électrocardiographique renforcée ; si besoin, adaptation de la posologie de la méthadone pendant le traitement par la cimétidine et après son arrêt."
METHADONE,FLUVOXAMINE,PE,"Augmentation des concentrations plasmatiques de méthadone avec surdosage et risque majoré d'allongement de l'intervalle QT et de troubles du rythme ventriculaire, notamment de torsades de pointes.","Surveillance clinique et électrocardiographique renforcée ; si besoin, adaptation de la posologie de la méthadone pendant le traitement par la fluvoxamine et après son arrêt."
METHADONE,INDUCTEURS ENZYMATIQUES,PE,"Diminution des concentrations plasmatiques de méthadone avec risque d'apparition d'un syndrome de sevrage, par augmentation de son métabolisme hépatique.",Augmenter la fréquence des prises de méthadone (2 à 3 fois par jour au lieu d'une fois par jour).
METHADONE,INHIBITEURS DE PROTÉASES BOOSTÉS PAR RITONAVIR,PE,Diminution des concentrations plasmatiques de méthadone avec risque d'apparition d'un syndrome de sevrage par augmentation de son métabolisme hépatique par le ritonavir.,Surveillance clinique régulière et adaptation éventuelle de la posologie de méthadone.
METHADONE,MILLEPERTUIS,CI,"Diminution des concentrations de méthadone par le millepertuis, avec risque de syndrome de sevrage.",
METHADONE,MORPHINIQUES AGONISTES-ANTAGONISTES,CI,Diminution de l'effet de la méthadone par blocage compétitif des récepteurs.,
METHADONE,QUETIAPINE,APEC,"Possible augmentation des concentrations de méthadone, avec signes de surdosage.",
METHADONE,VORICONAZOLE,PE,"Augmentation des concentrations plasmatiques de méthadone avec surdosage et risque majoré d'allongement de l'intervalle QT et de troubles du rythme ventriculaire, notamment de torsades de pointes.","Surveillance clinique et électrocardiographique renforcée ; si besoin, adaptation de la posologie de la méthadone pendant le traitement par le voriconazole et après son arrêt."
METHENAMINE,SULFAMETHIZOL,AD,Précipitation cristalline dans les voies urinaires (favorisée par l'acidification des urines).,
METHOTREXATE,ACITRETINE,CI,Risque de majoration de l'hépatotoxicité du méthotrexate.,
METHOTREXATE,ANTISÉCRÉTOIRES INHIBITEURS DE LA POMPE À PROTONS,APEC,Risque d'augmentation de la toxicité du méthotrexate par diminution de son élimination.,ASDEC - APEC Association déconseillée : - avec le méthotrexate aux doses > 20 mg / semaine : - pour des doses inférieures
METHOTREXATE,CICLOSPORINE,PE,Augmentation de la toxicité du méthotrexate et de la ciclosporine avec augmentation de la créatininémie : diminution réciproque des clairances des deux médicaments.,Dosage des concentrations sanguines de ciclosporine et de méthotrexate. Adaptation posologique si nécessaire pendant l'association et après son arrêt.
METHOTREXATE,CIPROFLOXACINE,AD,Augmentation de la toxicité du méthotrexate par inhibition de sa sécrétion tubulaire rénale par la ciprofloxacine.,
METHOTREXATE,PÉNICILLINES,AD,Augmentation des effets et de la toxicité hématologique du méthotrexate : inhibition de la sécrétion tubulaire rénale du méthotrexate par les pénicillines.,
METHOTREXATE,PONATINIB,PE,Risque d'augmentation des concentrations plasmatiques du méthotrexate par augmentation de son absorption intestinale par le ponatinib.,Surveillance clinique et biologique étroite pendant l'association.
METHOTREXATE,PROBENECIDE,CI,Augmentation de la toxicité du méthotrexate : inhibition de la sécrétion tubulaire rénale du méthotrexate par le probénécide.,
METHOTREXATE,SULFAMIDES ANTIBACTÉRIENS,PE,Augmentation de la toxicité hématologique du méthotrexate.,Dosage des concentrations de méthotrexate. Adapatation posologique si nécessaire pendant l'association et après son arrêt.
METHOTREXATE,TÉDIZOLIDE,AD,"Risque d'augmentation des concentrations plasmatiques du méthotrexate, par augmentation de son absorption avec le tédizolide administré par voie orale, ou par diminution de son élimination avec le tédizolide administré par voie IV.",
METHYLDOPA,FER,PE,Diminution de l'absorption digestive de la méthyldopa (formation de complexes).,"Prendre les sels de fer à distance de la méthyldopa (plus de deux heures, si possible)."
METHYLDOPA,LEVODOPA,PE,Augmentation des effets de la lévodopa mais également de ses effets indésirables. Majoration de l'effet antihypertenseur de la méthyldopa.,Surveillance clinique et éventuellement diminution des doses de lévodopa.
METHYLDOPA,LITHIUM,PE,"Augmentation de la lithémie pouvant atteindre des valeurs toxiques, avec signes de surdosage en lithium.",Surveillance clinique et adaptation de la posologie de lithium.
MÉTHYLERGOMÉTRINE,SULPROSTONE,CI,Risque de vasoconstriction coronaire pouvant être fatale.,Ne pas utiliser ces deux médicaments simultanément ou successivement.
METHYLPREDNISOLONE,ANTIVITAMINES K,PE,"Pour des doses de 0,5 à 1g de méthylprednisolone administrées en bolus : augmentation de l'effet de l'antivitamine K et du risque hémorragique.",Contrôle de l'INR 2 à 4 jours après le bolus de méthylprednisolone ou en présence de tous signes hémorragiques.
METHYLPREDNISOLONE,CICLOSPORINE,APEC,Avec la méthylprednisolone administrée par voie IV : augmentation possible des concentrations sanguines de ciclosporine et de la créatininémie. Mécanisme invoqué : diminution de l'élimination hépatique de la ciclosporine.,
METOPROLOL,ABIRATERONE,PE,"Chez l'insuffisant cardiaque, risque d'augmentation des effets indésirables du métoprolol, par diminution de son métabolisme hépatique par l'abiratérone.","Surveillance clinique. Si besoin, adaptation de la posologie du métoprolol pendant le traitement par l'abiratérone."
METOPROLOL,BUPROPION,PE,Avec le métoprolol utilisé dans l'insuffisance cardiaque : risque d'augmentation des effets indésirables du métoprolol par diminution de son métabolisme hépatique par le bupropion.,"Surveillance clinique. Si besoin, adaptation de la posologie du métoprolol pendant le traitement par le bupropion."
METOPROLOL,CIMETIDINE,PE,"Avec le métoprolol utilisé dans l'insuffisance cardiaque, et la cimétidine utilisée à des doses supérieures ou égales à 800 mg/j : augmentation des concentrations du métoprolol, pouvant être préjudiciables dans le cas du traitement de l'insuffisance cardiaque, par diminution de son métabolisme hépatique par la cimétidine.","Surveillance clinique. Si besoin, adaptation de la posologie du métoprolol pendant le traitement par la cimétidine."
METOPROLOL,CINACALCET,PE,"Augmentation des concentrations plasmatiques de métroprolol avec risque de surdosage, par diminution de son métabolisme hépatique par le cinacalcet.",Surveillance clinique et réduction de la posologie du métroprolol pendant le traitement par cinacalcet.
METOPROLOL,DARIFENACINE,PE,"Augmentation des concentrations plasmatiques du métoprolol, avec risque de surdosage, par diminution de son métabolisme hépatique par la darifénacine.",Surveillance clinique et réduction de la posologie du métoprolol pendant le traitement par darifénacine.
METOPROLOL,DULOXETINE,PE,"Augmentation des concentrations plasmatiques de métoprolol avec risque de surdosage, par diminution de son métabolisme hépatique par la duloxétine.",Surveillance clinique et réduction de la posologie du métoprolol pendant le traitement par la duloxétine et après son arrêt.
METOPROLOL,FLUOXETINE,PE,"Risque de majoration des effets indésirables du métoprolol, avec notamment bradycardie excessive, par inhibition de son métabolisme par la fluoxétine.","Surveillance clinique accrue ; si besoin, adaptation de la posologie du métoprolol pendant la durée du traitement par la fluoxétine et après son arrêt."
METOPROLOL,MIRABÉGRON,PE,"Avec le métoprolol utilisé dans l'insuffisance cardiaque, augmentation des concentrations plasmatiques du métoprolol par diminution de son métabolisme par le mirabégron.",Surveillance clinique et réduction éventuelle de la posologie du métoprolol pendant l'association.
METOPROLOL,PAROXETINE,PE,"Risque de majoration des effets indésirables du métoprolol, avec notamment bradycardie excessive, par inhibition de son métabolisme par la paroxétine.","Surveillance clinique accrue ; si besoin, adaptation de la posologie du métoprolol pendant la durée du traitement par la paroxétine et après son arrêt."
METOPROLOL,"PHÉNOBARBITAL (ET, PAR EXTRAPOLATION, PRIMIDONE)",APEC,Diminution des concentrations plasmatiques du métoprolol avec réduction de ses effets cliniques (augmentation de son métabolisme hépatique).,
METOPROLOL,RIFAMPICINE,APEC,Diminution des concentrations plasmatiques et de l'efficacité du bêta-bloquant (augmentation de son métabolisme hépatique).,
METOPROLOL,ROLAPITANT,PE,"Chez l'insuffisant cardiaque, risque d'augmentation des effets indésirables du métoprolol, par diminution de son métabolisme hépatique par le rolapitant.","Surveillance clinique. Si besoin, adaptation de la posologie du métoprolol pendant le traitement par le rolapitant."
METOPROLOL,TERBINAFINE,PE,"Chez l'insuffisant cardiaque, risque d'augmentation des effets indésirables du métoprolol, par diminution de son métabolisme hépatique par la terbinafine.","Surveillance clinique. Si besoin, adaptation de la posologie du métoprolol pendant le traitement par la terbinafine."
METRONIDAZOLE,BUSULFAN,AD,Avec le busulfan à fortes doses : doublement des concentrations de busulfan par le métronidazole.,
METRONIDAZOLE,DISULFIRAME,AD,"Risque d'épisodes de psychose aiguë ou d'état confusionnel, réversibles à l'arrêt de l'association.",
METRONIDAZOLE,"FLUOROURACILE (ET, PAR EXTRAPOLATION, AUTRES FLUOROPYRIMIDINES)",APEC,Augmentation de la toxicité du fluoro-uracile par diminution de sa clairance.,
METRONIDAZOLE,INDUCTEURS ENZYMATIQUES PUISSANTS,PE,Diminution des concentrations plasmatiques du métronidazole par augmentation de son métabolisme hépatique par l'inducteur.,Surveillance clinique et adaptation éventuelle de la posologie de métronidazole pendant le traitement par l'inducteur et après son arrêt.
METRONIDAZOLE,LITHIUM,PE,"Augmentation de la lithémie pouvant atteindre des valeurs toxiques, avec signes de surdosage en lithium.",Surveillance stricte de la lithémie et adaptation éventuelle de la posologie du lithium.
METRONIDAZOLE,RIFAMPICINE,PE,Diminution des concentrations plasmatiques du métronidazole par augmentation de son métabolisme hépatique par la rifampicine.,Surveillance clinique et adaptation éventuelle de la posologie de métronidazole pendant le traitement par la rifampicine et après son arrêt.
METYRAPONE,"PHÉNYTOÏNE (ET, PAR EXTRAPOLATION, FOSPHÉNYTOÏNE)",PE,"Risque de faux négatif du test à la métyrapone, dû à une diminution de ses concentrations plasmatiques, par augmentation de son métabolisme hépatique par la phénytoïne.",Doubler la posologie de métyrapone.
MEXILETINE,BÊTA-BLOQUANTS DANS L'INSUFFISANCE CARDIAQUE,CI,Effet inotrope négatif avec risque de décompensation cardiaque.,
MEXILETINE,CAFEINE,APEC,"Augmentation des concentrations plasmatiques de caféine, par inhibition de son métabolisme hépatique par la méxilétine.",
MEXILETINE,FLUVOXAMINE,PE,"Risque de majoration des effets indésirables de la méxilétine, par inhibition de son métabolisme par la fluvoxamine.",Surveillance clinique et ECG. Adaptation de la posologie de la méxilétine pendant le traitement par la fluvoxamine et après son arrêt.
MEXILETINE,"PHÉNYTOÏNE (ET, PAR EXTRAPOLATION, FOSPHÉNYTOÏNE)",PE,"Diminution de l'activité antiarythmique, des concentrations plasmatiques et de la demi-vie de la méxilétine (augmentation de son métabolisme hépatique).","Surveillance clinique, ECG et éventuellement des concentrations plasmatiques de la mexilétine ; s'il y a lieu, adaptation de la posologie de la mexilétine pendant le traitement par la phénytoïne et après son arrêt."
MEXILETINE,"THÉOPHYLLINE (ET, PAR EXTRAPOLATION, AMINOPHYLLINE)",PE,Augmentation de la théophyllinémie avec risque de surdosage (diminution du métabolisme hépatique de la théophylline).,"Surveillance clinique et éventuellement de la théophyllinémie ; s'il y a lieu, adaptation de la posologie de la théophylline pendant le traitement par la mexilétine et après son arrêt."
MIANSERINE,INDUCTEURS ENZYMATIQUES,AD,Risque d'inefficacité de la miansérine.,
MICONAZOLE,ANTIVITAMINES K,CI,"Hémorragies imprévisibles, éventuellement graves.",
MICONAZOLE,"PHÉNYTOÏNE (ET, PAR EXTRAPOLATION, FOSPHÉNYTOÏNE)",PE,"Augmentation des concentrations plasmatiques de phénytoïne pouvant atteindre des valeurs toxiques, par inhibition du métabolisme hépatique de la phénytoïne.","Surveillance clinique étroite, dosage des concentrations plasmatiques de phénytoïne et adaptation éventuelle de sa posologie pendant le traitement par le miconazole et après son arrêt."
MICONAZOLE,SULFAMIDES HYPOGLYCÉMIANTS,CI,"Augmentation de l'effet hypoglycémiant avec survenue possible de manifestations hypoglycémiques, voire de coma.",
MIDAZOLAM,DILTIAZEM,PE,"Augmentation des concentrations plasmatiques de midazolam par diminution de son métabolisme hépatique, avec majoration de la sédation.",Surveillance clinique et réduction de la posologie pendant le traitement par le diltiazem.
MIDAZOLAM,FLUCONAZOLE,PE,"Augmentation des concentrations plasmatiques de midazolam par diminution de son métabolisme hépatique, avec majoration de la sédation.",Surveillance clinique et réduction de la posologie de midazolam en cas de traitement par le fluconazole.
MIDAZOLAM,INDUCTEURS ENZYMATIQUES PUISSANTS,APEC,Risque de diminution des concentrations plasmatiques du midazolam par l'anticonvulsivant.,
MIDAZOLAM,INHIBITEURS PUISSANTS DU CYP3A4,PE,"Augmentation des concentrations plasmatiques de midazolam par diminution de son métabolisme hépatique, avec majoration de la sédation.",ASDEC - PE Association déconseillée: - avec le midazolam per os avec : - avec le midazolam IV et sublingual Surveillance clinique et réduction de la posologie de midazolam en cas de traitement par l'inhibiteur.
MIDAZOLAM,MILLEPERTUIS,APEC,Risque de diminution des concentrations plasmatiques de midazolam par le millepertuis.,
MIDAZOLAM,OMBITASVIR + PARITAPRÉVIR,CI,Augmentation des concentrations plasmatiques du midazolam par diminution de son métabolisme hépatique par la bithérapie.,
MIDAZOLAM,RIFAMPICINE,AD,"Risque d'absence d'effet du midazolam, avec diminution très importante de ses concentrations plasmatiques, par augmentation de son métabolisme hépatique.",
MIDAZOLAM,ROXITHROMYCINE,APEC,Majoration légère de la sédation.,
MIDAZOLAM,STIRIPENTOL,PE,Augmentation des concentrations plasmatiques du midazolam par diminution de son métabolisme hépatique avec majoration de la sédation.,Surveillance clinique et réduction de la posologie pendant le traitement par le stiripentol.
MIDAZOLAM,VERAPAMIL,PE,Augmentation des concentrations plasmatiques de midazolam (diminution de son métabolisme hépatique avec majoration de la sédation).,Surveillance clinique et réduction de la posologie de midazolam pendant le traitement par le vérapamil.
MIDECAMYCINE,CICLOSPORINE,PE,Risque d'augmentation des concentrations sanguines de ciclosporine et de la créatininémie.,"Dosage des concentrations sanguines de la ciclosporine, contrôle de la fonction rénale et adaptation de la posologie pendant l'association et après l'arrêt du macrolide."
MIDODRINE,DIGOXINE,AD,Troubles de l'automatisme (majoration de l'effet bradycardisant de la midodrine) et troubles de la conduction auriculo-ventriculaire.,"Si cette association ne peut être évitée, renforcer la surveillance clinique et ECG."
MIDODRINE,IMAO IRRÉVERSIBLES,CI,"Crises hypertensives (inhibition du métabolisme des amines pressives). Du fait de la durée d'action des IMAO, cette interaction est encore possible 15 jours après l'arrêt de l'IMAO.",
MIDOSTAURINE,INDUCTEURS ENZYMATIQUES,CI,Diminution des concentrations de midostaurine par l'inducteur enzymatique.,
MIDOSTAURINE,INHIBITEURS PUISSANTS DU CYP3A4,AD,Augmentation des effets indésirables de la midostaurine par l'inhibiteur.,"Si l'association ne peut être évitée, surveillance clinique étroite."
MIDOSTAURINE,MILLEPERTUIS,CI,Diminution des concentrations de midostaurine par le millepertuis.,
MIFAMURTIDE,ANTI-INFLAMMATOIRES NON STÉROÏDIENS,CI,"Aux doses élevées d'AINS, risque de moindre efficacité du mifamurtide.",
MIFAMURTIDE,CICLOSPORINE,CI,Risque d'atteinte des macrophages spléniques et des cellules phagocytaires mononuclées.,
MIFAMURTIDE,CORTICOÏDES,AD,Risque de moindre efficacité du mifamurtide.,
MIFAMURTIDE,TACROLIMUS,CI,Risque d'atteinte des macrophages spléniques et des cellules phagocytaires mononuclées.,
MILLEPERTUIS,ANTICONVULSIVANTS MÉTABOLISÉS,CI,Risque de diminution des concentrations plasmatiques et de l'efficacité de l'anticonvulsivant.,
MILLEPERTUIS,ANTISÉCRÉTOIRES INHIBITEURS DE LA POMPE À PROTONS,APEC,Risque d'inefficacité du traitement antisécrétoire par augmentation de son métabolisme par le millepertuis.,
MILLEPERTUIS,ANTIVITAMINES K,CI,"Diminution des concentrations plasmatiques de l'antivitamine K, en raison de son effet inducteur enzymatique, avec risque de baisse d'efficacité voire d'annulation de l'effet dont les conséquences peuvent être éventuellement graves (évènement thrombotique).","En cas d'association fortuite, ne pas interrompre brutalement la prise de millepertuis mais contrôler l'INR avant puis après l'arrêt du millepertuis."
MILLEPERTUIS,BÉDAQUILINE,AD,Risque de diminution des concentrations plasmatiques de bédaquiline par augmentation de son métabolisme par l'inducteur.,
MILLEPERTUIS,BICTÉGRAVIR,CI,"Diminution très importante des concentrations de bictégravir, avec risque de perte d'efficacité.",
MILLEPERTUIS,BUSPIRONE,CI,Risque de diminution des concentrations plasmatiques de la buspirone par augmentation de son métabolisme par le millepertuis.,
MILLEPERTUIS,CANNABIDIOL,CI,Diminution des concentrations plasmatiques de cannabidiol avec risque de perte d'efficacité.,
MILLEPERTUIS,CARBAMAZEPINE,AD,Risque de diminution des concentrations plasmatiques et de l'efficacité de la carbamazepine.,
MILLEPERTUIS,CLOZAPINE,CI,Risque d'inefficacité du traitement antipsychotique (diminution des concentrations plasmatiques de clozapine par augmentation de son métabolisme hépatique).,
MILLEPERTUIS,COBICISTAT,CI,Risque de diminution de l'efficacité du cobicistat par augmentation de son métabolisme par l'inducteur.,
MILLEPERTUIS,CYCLOPHOSPHAMIDE,CI,"Risque d'augmentation des concentrations plasmatiques du métabolite actif du cyclophosphamide par le millepertuis, et donc de sa toxicité.",
MILLEPERTUIS,CYPROTERONE,CI,"Risque de diminution de l'efficacité de la cyprotérone, par augmentation de son métabolisme hépatique par le millepertuis.",
MILLEPERTUIS,DASABUVIR,CI,Risque de diminution des concentrations plasmatiques du dasabuvir par le millepertuis.,
MILLEPERTUIS,DIGOXINE,CI,"Diminution de la digoxinémie, en raison de l'effet inducteur du millepertuis, avec risque de baisse d'efficacité voire d'annulation de l'effet, dont les conséquences peuvent être éventuellement graves (décompensation d'une insuffisance cardiaque).","En cas d'association fortuite, ne pas interrompre brutalement la prise de millepertuis mais contrôler les concentrations plasmatiques (ou l'efficacité) de la digoxine avant puis après l'arrêt du millepertuis."
MILLEPERTUIS,DOCETAXEL,CI,Risque de moindre efficacité du taxane par augmentation de son métabolisme par le millepertuis.,
MILLEPERTUIS,DOLUTÉGRAVIR,AD,Risque de diminution des concentrations plasmatiques de dolutégravir par augmentation de son métabolisme par le millepertuis.,
MILLEPERTUIS,DRONEDARONE,AD,"Diminution importante des concentrations de dronédarone par augmentation de son métabolisme, sans modification notable du métabolite actif.",
MILLEPERTUIS,EFAVIRENZ,CI,"Risque de diminution des concentrations d'éfavirenz, avec baisse d'efficacité.",
MILLEPERTUIS,ESTROPROGESTATIFS CONTRACEPTIFS,CI,"Diminution des concentrations plasmatiques du contraceptif hormonal, en raison de l'effet inducteur enzymatique du millepertuis, avec risque de baisse d'efficacité voire d'annulation de l'effet dont les conséquences peuvent être éventuellement graves (survenue d'une grossesse).",
MILLEPERTUIS,ETOPOSIDE,CI,Risque de diminution des concentrations plasmatiques d'étoposide par le millepertuis.,
MILLEPERTUIS,FEXOFENADINE,CI,Diminution des concentrations plasmatiques de la féxofénadine par le millepertuis.,
MILLEPERTUIS,FOSTEMSAVIR,CI,"Risque de diminution significative des concentrations de fostemsavir avec le millepertuis, avec réduction de la réponse virologique.",
MILLEPERTUIS,GILTÉRITINIB,CI,Diminution des concentrations plasmatiques de gilteritinib avec risque de perte d'efficacité.,
MILLEPERTUIS,GLÉCAPRÉVIR + PIBRENTASVIR,CI,Diminution des concentrations plasmatiques de la bithérapie par augmentation de son métabolisme par le millepertuis.,
MILLEPERTUIS,HORMONES THYROÏDIENNES,AD,Risque de baisse de l'efficacité des hormones thyroïdiennes.,
MILLEPERTUIS,IDÉLALISIB,AD,Risque de diminution importante des concentrations plasmatiques d'idélalisib par augmentation de son métabolisme hépatique par le millepertuis.,
MILLEPERTUIS,IMAO IRRÉVERSIBLES,PE,Risque d'apparition d'un syndrome sérotoninergique.,"Surveillance clinique et biologique régulière, notamment en début d'association."
MILLEPERTUIS,"IMAO-A RÉVERSIBLES, Y COMPRIS OXAZOLIDINONES ET BLEU DE MÉTHYLÈNE",PE,Risque d'apparition d'un syndrome sérotoninergique.,"Surveillance clinique et biologique régulière, notamment en début d'association."
MILLEPERTUIS,IMMUNOSUPPRESSEURS,CI,"Diminution des concentrations sanguines de l'immunosuppresseur, en raison de l'effet inducteur enzymatique du millepertuis, avec risque de baisse d'efficacité voire d'annulation de l'effet dont les conséquences peuvent être éventuellement graves (rejet de greffe).",
MILLEPERTUIS,INHIBITEURS DE LA 5-ALPHA REDUCTASE,CI,Diminution des concentrations plasmatiques de l'inhibiteur de la 5- alpha réductase par le millepertuis.,
MILLEPERTUIS,INHIBITEURS DE PROTÉASES BOOSTÉS PAR RITONAVIR,CI,"Diminution des concentrations plasmatiques de l'inhibiteur de protéases, en raison de l'effet inducteur enzymatique du millepertuis, avec risque de baisse d'efficacité voire d'annulation de l'effet dont les conséquences peuvent être éventuellement graves (baisse de l'efficacité antirétrovirale).","En cas d'association fortuite, ne pas interrompre brutalement la prise de millepertuis mais contrôler les concentrations plasmatiques (ou l'efficacité) de l'inhibiteur de protéases avant puis après l'arrêt du millepertuis."
MILLEPERTUIS,INHIBITEURS DE TYROSINE KINASES MÉTABOLISÉS,CI,"Diminution des concentrations plasmatiques et de l'efficacité de l'inhibiteur de tyrosine kinase, par augmentation de son métabolisme par le millepertuis.",
MILLEPERTUIS,INHIBITEURS SÉLECTIFS DE LA RECAPTURE DE LA SÉROTONINE,PE,Risque d'apparition d'un syndrome sérotoninergique.,"Surveillance clinique et biologique régulière, notamment en début d'association."
MILLEPERTUIS,IRINOTECAN,CI,"Diminution des concentrations plasmatiques du métabolite actif de l'irinotécan, avec risque d'échec du traitement cytotoxique.",
MILLEPERTUIS,ISAVUCONAZOLE,CI,Diminution des concentrations plasmatiques d'isavuconazole par augmentation de son métabolisme hépatique par le millepertuis.,
MILLEPERTUIS,ITRACONAZOLE,CI,"Risque de diminution importante des concentrations plasmatiques d'itraconazole, avec risque de perte d'efficacité, par augmentation de son métabolisme hépatique par le millepertuis.",
MILLEPERTUIS,IVABRADINE,AD,"Risque de diminution de l'efficacité de l'ivabradine, par augmentation de son métabolisme par le millepertuis.",
MILLEPERTUIS,LÉDIPASVIR,CI,Risque de diminution importante des concentrations plasmatiques du lédipasvir par augmentation de son métabolisme hépatique par le millepertuis.,
MILLEPERTUIS,LÉNACAPAVIR,CI,"Diminution, éventuellement considérable, des concentrations de lénacapavir, avec risque de réduction de la réponse virologique.",
MILLEPERTUIS,LOMITAPIDE,AD,Risque de diminution des concentrations plasmatiques du lomitapide.,
MILLEPERTUIS,LURASIDONE,CI,Diminution des concentrations plasmatiques de la lurasidone par augmentation de son métabolisme hépatique par le millepertuis.,
MILLEPERTUIS,MACITENTAN,AD,Risque de diminution des concentrations plasmatiques de macitentan par augmentation de son métabolisme par le millepertuis.,
MILLEPERTUIS,MARAVIROC,AD,Risque de diminution des concentrations plasmatiques de maraviroc pouvant conduire à une perte de la réponse virologique.,
MILLEPERTUIS,METHADONE,CI,"Diminution des concentrations de méthadone par le millepertuis, avec risque de syndrome de sevrage.",
MILLEPERTUIS,MIDAZOLAM,APEC,Risque de diminution des concentrations plasmatiques de midazolam par le millepertuis.,
MILLEPERTUIS,MIDOSTAURINE,CI,Diminution des concentrations de midostaurine par le millepertuis.,
MILLEPERTUIS,NEVIRAPINE,CI,Risque de diminution significative des concentrations plasmatiques de la névirapine par augmentation de son métabolisme hépatique par le millepertuis.,
MILLEPERTUIS,NINTÉDANIB,AD,Diminution des concentrations plasmatiques du nintédanib par diminution de son absorption par le millepertuis.,
MILLEPERTUIS,OLAPARIB,CI,"Risque de diminution des concentrations plasmatiques d'olaparib et de son efficacité, par augmentation de son métabolisme par le millepertuis.",
MILLEPERTUIS,OXYCODONE,AD,Diminution des concentrations plasmatiques de l'oxycodone par augmentation de son métabolisme par le millepertuis.,Adaptation éventuelle de la posologie de l'oxycodone .
MILLEPERTUIS,PACLITAXEL,CI,Risque de moindre efficacité du taxane par augmentation de son métabolisme par le millepertuis.,
MILLEPERTUIS,PROGESTATIFS CONTRACEPTIFS,CI,"Diminution des concentrations plasmatiques du contraceptif hormonal, en raison de l'effet inducteur enzymatique du millepertuis, avec risque de baisse d'efficacité voire d'annulation de l'effet dont les conséquences peuvent être éventuellement graves (survenue d'une grossesse).",
MILLEPERTUIS,PROPAFENONE,PE,Diminution des concentrations plasmatiques de la propafénone par augmentation de son métabolisme hépatique par le millepertuis.,"Surveillance clinique et ECG. S'il y a lieu, adaptation de la posologie de la propafénone pendant l'association et après l'arrêt du millepertuis."
MILLEPERTUIS,QUETIAPINE,AD,"Diminution très importante des concentrations plasmatiques de quétiapine par augmentation de son métabolisme hépatique par l'inducteur, avec risque d'inefficacité.",
MILLEPERTUIS,RÉGORAFÉNIB,AD,Diminution des concentrations plasmatiques de régorafenib par augmentation de son métabolisme par le millepertuis,
MILLEPERTUIS,RILPIVIRINE,CI,Risque de diminution des concentrations plasmatiques de rilpivirine par augmentation de son métabolisme hépatique par le millepertuis.,
MILLEPERTUIS,ROLAPITANT,CI,Diminution très importante des concentrations de rolapitant avec risque de perte d'efficacité.,
MILLEPERTUIS,SIMVASTATINE,AD,Diminution de l'efficacité de l'hypocholestérolémiant par augmentation de son métabolisme hépatique par le millepertuis.,
MILLEPERTUIS,SOFOSBUVIR,CI,Risque de diminution des concentrations plasmatiques de sofosbuvir par diminution de son absorption intestinale par le millepertuis.,
MILLEPERTUIS,TAMOXIFENE,CI,Risque d'inefficacité du tamoxifène par augmentation de son métabolisme par le millepertuis.,
MILLEPERTUIS,TELITHROMYCINE,AD,"Diminution des concentrations plasmatiques de la télithromycine, avec risque d'échec du traitement anti-infectieux, par augmentation du métabolisme hépatique de la télithromycine par le millepertuis.",
MILLEPERTUIS,"THÉOPHYLLINE (ET, PAR EXTRAPOLATION, AMINOPHYLLINE)",CI,"Diminution des concentrations plasmatiques de la théophylline, en raison de l'effet inducteur enzymatique du millepertuis, avec risque de baisse d'efficacité voire d'annulation de l'effet dont les conséquences peuvent être éventuellement graves (survenue d'un trouble ventilatoire obstructif).","En cas d'association fortuite, ne pas interrompre brutalement la prise de millepertuis mais contrôler les concentrations plasmatiques (ou l'efficacité) du médicament associé avant puis après l'arrêt du millepertuis."
MILLEPERTUIS,TICAGRELOR,CI,"Risque de diminution importante des concentrations plasmatiques de ticagrelor par augmentation de son métabolisme hépatique par le millepertuis, avec diminution de son effet thérapeutique.",
MILLEPERTUIS,ULIPRISTAL,AD,"Risque de diminution de l'effet de l'ulipristal, par augmentation de son métabolisme hépatique par l'inducteur.",Préférer une alternative thérapeutique peu ou pas métabolisée.
MILLEPERTUIS,VELPATASVIR,CI,"Diminution des concentrations plasmatiques de velpatasvir par le millepertuis, avec possible retentissement sur l'efficacité.",
MILLEPERTUIS,VÉNÉTOCLAX,CI,"Diminution importante des concentrations de vénétoclax, avec risque de perte d'efficacité.",
MILLEPERTUIS,VERAPAMIL,CI,"Réduction importante des concentrations de vérapamil, avec risque de perte de son effet thérapeutique.",
MILLEPERTUIS,VINCA-ALCALOÏDES CYTOTOXIQUES,CI,Risque de moindre efficacité du cytotoxique par augmentation de son métabolisme par le millepertuis.,
MILLEPERTUIS,VISMODÉGIB,CI,Risque de diminution des concentrations plasmatiques de vismodégib.,
MILLEPERTUIS,VORICONAZOLE,CI,"Réduction importante des concentrations de voriconazole, avec risque de perte de son effet thérapeutique.",
MINÉRALOCORTICOÏDES,INDUCTEURS ENZYMATIQUES PUISSANTS,PE,Diminution des concentrations plasmatiques et de l'efficacité des corticoïdes par augmentation de leur métabolisme hépatique par l'inducteur : les conséquences sont particulièrement importantes chez les addisoniens traités par l'hydrocortisone et en cas de transplantation.,Surveillance clinique et biologique ; adaptation de la posologie des corticoïdes pendant le traitement par l'inducteur et après son arrêt.
MINÉRALOCORTICOÏDES,RIFAMPICINE,PE,Diminution des concentrations plasmatiques et de l'efficacité des corticoïdes par augmentation de leur métabolisme hépatique par la rifampicine ; les conséquences sont particulièrement importantes chez les addisoniens traités par l'hydrocortisone et en cas de transplantation.,Surveillance clinique et biologique ; adaptation de la posologie des corticoïdes pendant le traitement par la rifampicine et après son arrêt.
MIRABÉGRON,METOPROLOL,PE,"Avec le métoprolol utilisé dans l'insuffisance cardiaque, augmentation des concentrations plasmatiques du métoprolol par diminution de son métabolisme par le mirabégron.",Surveillance clinique et réduction éventuelle de la posologie du métoprolol pendant l'association.
MIRABÉGRON,PROPAFENONE,PE,Augmentation des concentrations plasmatiques de la propafénone par diminution de son métabolisme par le mirabégron.,Surveillance clinique et réduction éventuelle de la posologie de la propafénone pendant l'association.
MITOMYCINE C,VINCA-ALCALOÏDES CYTOTOXIQUES,APEC,Risque de majoration de la toxicité pulmonaire de la mitomycine et des vinca-alcaloïdes.,
MITOTANE,DASABUVIR,CI,Risque de diminution des concentrations plasmatiques du dasabuvir par le mitotane.,
MITOTANE,FOSTEMSAVIR,CI,"Diminution significative des concentrations de fostemsavir avec la rifampicine, avec risque de réduction de la réponse virologique. Éventualité non exclue avec le mitotane.",
MITOTANE,SPIRONOLACTONE,CI,"Possible réduction voire abolition de l'effet pharmacodynamique du mitotane par la spironolactone, associé à une baisse des concentrations du mitotane.",
MOCLOBEMIDE,CIMETIDINE,PE,"Avec la cimétidine utilisée à des doses supérieures ou égales à 800 mg/j : augmentation des concentrations du moclobémide, par diminution de son métabolisme hépatique.",Surveillance clinique avec adaptation éventuelle de la posologie de moclobémide.
MODAFINIL,CICLOSPORINE,AD,Risque de diminution des concentrations sanguines et de l'efficacité de l'immunosuppresseur.,
MODAFINIL,ESTROPROGESTATIFS CONTRACEPTIFS,AD,"Risque de diminution de l'efficacité contraceptive, pendant le traitement et un cycle après l'arrêt du traitement par le modafinil, en raison de son potentiel inducteur enzymatique.","Utiliser une méthode additionnelle de type mécanique (préservatif) pendant la durée de l'association, et un cycle suivant l'arrêt du modafinil."
MONTELUKAST,INDUCTEURS ENZYMATIQUES PUISSANTS,PE,Risque de baisse de l'efficacité du montélukast par augmentation de son métabolisme hépatique par l'inducteur.,Surveillance clinique et adaptation éventuelle de la posologie de l'anti- asthmatique pendant le traitement par l'inducteur et après son arrêt.
MONTELUKAST,RIFAMPICINE,PE,Risque de baisse de l'efficacité du montélukast par augmentation de son métabolisme hépatique par la rifampicine.,Surveillance clinique et adaptation éventuelle de la posologie de l'antiasthmatique pendant le traitement par la rifampicine et après son arrêt.
MORPHINE,RIFAMPICINE,PE,Diminution des concentrations plasmatiques et de l'efficacité de la morphine et de son métabolite actif.,Surveillance clinique et adaptation éventuelle de la posologie de la morphine pendant le traitement par la rifampicine et après son arrêt.
MORPHINIQUES,BARBITURIQUES,APEC,"Risque majoré de sédation et de dépression respiratoire pouvant entraîner coma et décès, notamment chez le sujet âgé. Il convient de limiter autant que possible les doses et la durée de l'association.",
MORPHINIQUES,BENZODIAZÉPINES ET APPARENTÉS,APEC,"Risque majoré de sédation et de dépression respiratoire pouvant entraîner coma et décès, notamment chez le sujet âgé. Il convient de limiter autant que possible les doses et la durée de l'association.",
MORPHINIQUES,MÉDICAMENTS ATROPINIQUES,APEC,"Risque important d'akinésie colique, avec constipation sévère.",
MORPHINIQUES,OXYBATE DE SODIUM,CI,"Risque majoré de dépression respiratoire, pouvant être fatale en cas de surdosage.",
MORPHINIQUES AGONISTES-ANTAGONISTES,ANALGÉSIQUES MORPHINIQUES DE PALIER II,AD,"Diminution de l'effet antalgique par blocage compétitif des récepteurs, avec risque d'apparition d'un syndrome de sevrage.",
MORPHINIQUES AGONISTES-ANTAGONISTES,ANALGÉSIQUES MORPHINIQUES DE PALIER III,CI,"Diminution de l'effet antalgique par blocage compétitif des récepteurs, avec risque d'apparition d'un syndrome de sevrage.",
MORPHINIQUES AGONISTES-ANTAGONISTES,ANTITUSSIFS MORPHINIQUES VRAIS,AD,"Diminution de l'effet antalgique ou antitussif du morphinique, par blocage compétitif des récepteurs, avec risque d'apparition d'un syndrome de sevrage.",
MORPHINIQUES AGONISTES-ANTAGONISTES,METHADONE,CI,Diminution de l'effet de la méthadone par blocage compétitif des récepteurs.,
MORPHINIQUES AGONISTES-ANTAGONISTES,MORPHINIQUES ANTAGONISTES PARTIELS,CI,Risque de diminution de l'effet antalgique et/ou d'apparition d'un syndrome de sevrage.,
MORPHINIQUES ANTAGONISTES PARTIELS,ANALGÉSIQUES MORPHINIQUES DE PALIER II,AD,Risque de diminution de l'effet antalgique.,
MORPHINIQUES ANTAGONISTES PARTIELS,ANALGÉSIQUES MORPHINIQUES DE PALIER III,CI,Risque de diminution de l'effet antalgique.,
MORPHINIQUES ANTAGONISTES PARTIELS,MORPHINIQUES AGONISTES-ANTAGONISTES,CI,Risque de diminution de l'effet antalgique et/ou d'apparition d'un syndrome de sevrage.,
MORPHINIQUES ANTAGONISTES PARTIELS,MORPHINIQUES EN TRAITEMENT DE SUBSTITUTION,CI,Risque d'apparition d'un syndrome de sevrage.,
MORPHINIQUES EN TRAITEMENT DE SUBSTITUTION,MORPHINIQUES ANTAGONISTES PARTIELS,CI,Risque d'apparition d'un syndrome de sevrage.,
MYCOPHENOLATE MOFETIL,ANTISÉCRÉTOIRES INHIBITEURS DE LA POMPE À PROTONS,APEC,"Diminution des concentrations de l'acide mycophénolique d'environ un tiers, avec risque potentiel de baisse d'efficacité.",
MYCOPHENOLATE MOFETIL,FLUOROQUINOLONES,APEC,"Diminution des concentrations de l'acide mycophénolique d'environ un tiers, avec risque potentiel de baisse d'efficacité.",
MYCOPHENOLATE MOFETIL,PÉNICILLINES A,APEC,"Diminution des concentrations de l'acide mycophénolique d'environ un tiers, avec risque potentiel de baisse d'efficacité.",
MYCOPHENOLATE MOFETIL,VACCINS VIVANTS ATTÉNUÉS,CI,Risque de maladie vaccinale généralisée éventuellement mortelle.,Et pendant les 3 mois suivant l'arrêt du traitement.
MYCOPHENOLATE SODIQUE,VACCINS VIVANTS ATTÉNUÉS,CI,Risque de maladie vaccinale généralisée éventuellement mortelle.,Et pendant les 3 mois suivant l'arrêt du traitement.
NALOXEGOL,DILTIAZEM,PE,Augmentation des concentrations plasmatiques de naloxegol par le diltiazem.,Adaptation posologique pendant l'association.
NALOXEGOL,INDUCTEURS ENZYMATIQUES,AD,Diminution des concentrations de naloxegol par l'inducteur.,
NALOXEGOL,INHIBITEURS PUISSANTS DU CYP3A4,CI,Augmentation très importante des concentrations du naloxegol par l'inhibiteur.,
NALOXEGOL,PAMPLEMOUSSE (JUS ET FRUIT),AD,Risque d'augmentation des effets indésirables du naloxegol par le pamplemousse.,
NALOXEGOL,VERAPAMIL,PE,Augmentation des concentrations plasmatiques de naloxegol par le vérapamil.,Adaptation posologique pendant l'association.
NEBIVOLOL,FLUOXETINE,PE,"Risque de majoration des effets indésirables du nébivolol avec notamment bradycardie excessive, par inhibition de son métabolisme par l'antidépresseur.","Surveillance clinique accrue ; si besoin, adaptation de la posologie du nébivolol pendant la durée du traitement par l'antidépresseur et après son arrêt."
NEBIVOLOL,PAROXETINE,PE,"Risque de majoration des effets indésirables du nébivolol avec notamment bradycardie excessive, par inhibition de son métabolisme par l'antidépresseur.","Surveillance clinique accrue ; si besoin, adaptation de la posologie du nébivolol pendant la durée du traitement par l'antidépresseur et après son arrêt."
NÉTUPITANT,INDUCTEURS ENZYMATIQUES,AD,Diminution très importante des concentrations de nétupitant avec risque de perte d'efficacité.,
NEUROLEPTIQUES,BÊTA-BLOQUANTS DANS L'INSUFFISANCE CARDIAQUE,APEC,"Effet vasodilatateur et risque d'hypotension, notamment orthostatique (effet additif).",
NEUROLEPTIQUES,LITHIUM,PE,Risque d'apparition de signes neuropsychiques évocateurs d'un syndrome malin des neuroleptiques ou d'une intoxication au lithium.,"Surveillance clinique et biologique régulière, notamment en début d'association."
NEUROLEPTIQUES,ORLISTAT,APEC,Risque d'échec thérapeutique en cas de traitement concomitant par orlistat.,
NEUROLEPTIQUES ANTIÉMÉTIQUES,DOPAMINERGIQUES,CI,Antagonisme réciproque entre le dopaminergique et le neuroleptique.,Utiliser un antiémétique dénué d'effets extrapyramidaux.
NEUROLEPTIQUES ANTIÉMÉTIQUES,LEVODOPA,CI,Antagonisme réciproque entre la lévodopa et le neuroleptique.,Utiliser un antiémétique dénué d'effets extrapyramidaux.
NEUROLEPTIQUES ANTIPSYCHOTIQUES (SAUF CLOZAPINE),ANTIPARKINSONIENS DOPAMINERGIQUES,AD,"Antagonisme réciproque du dopaminergique et des neuroleptiques. Le dopaminergique peut provoquer ou aggraver les troubles psychotiques. En cas de nécessité d'un traitement par neuroleptiques chez le patient parkinsonien traité par dopaminergique, ces derniers doivent être diminués progressivement jusqu'à l'arrêt (leur arrêt brutal expose à un risque de ""syndrome malin des neuroleptiques"").",
NEUROLEPTIQUES ANTIPSYCHOTIQUES (SAUF CLOZAPINE),ARIPIPRAZOLE,APEC,"Risque de moindre efficacité, notamment de l'aripiprazole, suite à l'antagonisme des récepteurs dopaminergiques par le neuroleptique.",
NEUROLEPTIQUES ANTIPSYCHOTIQUES (SAUF CLOZAPINE),"DOPAMINERGIQUES, HORS PARKINSON",CI,Antagonisme réciproque de l'agoniste dopaminergique et des neuroleptiques.,
NEUROLEPTIQUES ANTIPSYCHOTIQUES (SAUF CLOZAPINE),LEVODOPA,AD,Antagonisme réciproque de la lévodopa et des neuroleptiques.,"Chez le patient parkinsonien, utiliser les doses minimales efficaces de chacun des deux médicaments."
NEVIRAPINE,ANTIVITAMINES K,PE,Diminution de l'effet de l'antivitamine K par augmentation de son métabolisme hépatique.,Contrôle plus fréquent de l'INR. Adaptation éventuelle de la posologie de l'antivitamine K.
NEVIRAPINE,ATAZANAVIR,AD,Risque de baisse de l'efficacité de l'atazanavir par augmentation de son métabolisme hépatique.,"Si l'association s'avère nécessaire, adaptation posologique de l'atazanavir avec surveillance clinique et biologique régulière, notamment en début d'association."
NEVIRAPINE,FLUCONAZOLE,PE,Doublement des concentrations de névirapine avec risque d'augmentation de ses effets indésirables.,Surveillance clinique et adaptation éventuelle de la posologie de la névirapine.
NEVIRAPINE,FOSAMPRENAVIR,PE,Risque de baisse de l'efficacité de l'amprénavir.,"Surveillance clinique et biologique régulière, notamment en début d'association."
NEVIRAPINE,KETOCONAZOLE,CI,"Augmentation des concentrations plasmatiques de névirapine par diminution de son métabolisme hépatique par le kétoconazole, d'une part, et diminution des concentrations plasmatiques du kétoconazole par augmentation de son métabolisme hépatique par la névirapine, d'autre part.",
NEVIRAPINE,MILLEPERTUIS,CI,Risque de diminution significative des concentrations plasmatiques de la névirapine par augmentation de son métabolisme hépatique par le millepertuis.,
NEVIRAPINE,RIFAMPICINE,AD,Diminution des concentrations plasmatiques de la névirapine par augmentation de son métabolisme hépatique par la rifampicine.,
NEVIRAPINE,VORICONAZOLE,AD,Risque de baisse de l'efficacité du voriconazole par augmentation de son métabolisme hépatique par la névirapine.,"Si l'association ne peut être évitée, surveillance clinique étroite et adaptation éventuelle de la posologie du voriconazole pendant l'association."
NICARDIPINE,IMMUNOSUPPRESSEURS,PE,"Augmentation des concentrations sanguines de l'immunodépresseur, par inhibition de son métabolisme.","Dosage des concentrations sanguines de l'immunosuppresseur, contrôle de la fonction rénale et adaptation de sa posologie pendant le traitement et après l'arrêt."
NICORANDIL,ACIDE ACETYLSALICYLIQUE,AD,Majoration du risque ulcérogène et hémorragique digestif.,
NICORANDIL,ANTI-INFLAMMATOIRES NON STÉROÏDIENS,AD,Majoration du risque ulcérogène et hémorragique digestif.,
NIFEDIPINE,CICLOSPORINE,AD,Risque d'addition d'effets indésirables à type de gingivopathies.,Utiliser une autre dihydropyridine.
NIFEDIPINE,CIMETIDINE,PE,Avec la cimétidine utilisée à des doses supérieures ou égales à 800 mg/j : augmentation de l'effet hypotenseur de la nifédipine par inhibition de son métabolisme hépatique par la cimétidine.,Surveillance clinique accrue : adapter la posologie de la nifédipine pendant le tratiement par la cimétidine et après son arrêt.
NIFEDIPINE,DILTIAZEM,CI,"Augmentation importantes des concentrations de nifédipine par diminution de son métabolisme hépatique par le diltiazem, avec risque d'hypotension sévère.",
NIMODIPINE,INDUCTEURS ENZYMATIQUES PUISSANTS,AD,Diminution des concentrations plasmatiques de l'antagoniste du calcium par augmentation de son métabolisme hépatique par l'inducteur.,Surveillance clinique et adaptation éventuelle de la posologie de l'antagoniste du calcium pendant le traitement par l'inducteur et après son arrêt.
NIMODIPINE,RIFAMPICINE,AD,Diminution des concentrations plasmatiques de l'antagoniste du calcium par augmentation de son métabolisme hépatique.,Surveillance clinique et adaptation éventuelle de la posologie de l'antagoniste du calcium pendant le traitement par la rifampicine et après son arrêt.
NIMODIPINE,"VALPROÏQUE (ACIDE) ET, PAR EXTRAPOLATION, VALPROMIDE",APEC,"Avec la nimodipine par voie orale, et par extrapolation, par voie injectable : risque de majoration de l'effet hypotenseur de la nimodipine par augmentation de ses concentrations plasmatiques (diminution de son métabolisme par l'acide valproïque).",
NINTÉDANIB,AMIODARONE,PE,Augmentation des concentrations plasmatiques du nintédanib par augmentation de son absorption par l'amiodarone.,Surveillance clinique pendant l'association.
NINTÉDANIB,CARBAMAZEPINE,PE,Diminution des concentrations plasmatiques du nintédanib par diminution de son absorption par la carbamazépine.,Surveillance clinique pendant l'association.
NINTÉDANIB,CICLOSPORINE,PE,Augmentation des concentrations plasmatiques du nintédanib par augmentation de son absorption par la ciclosporine.,Surveillance clinique pendant l'association.
NINTÉDANIB,ERYTHROMYCINE,PE,Augmentation des concentrations plasmatiques du nintédanib par augmentation de son absorption par l'érythromycine.,Surveillance clinique pendant l'association.
NINTÉDANIB,INHIBITEURS DE PROTÉASES BOOSTÉS PAR RITONAVIR,PE,Augmentation des concentrations plasmatiques du nintédanib par augmentation de son absorption par l'inhibiteur de protéases boosté par ritonavir.,Surveillance clinique pendant l'association.
NINTÉDANIB,ITRACONAZOLE,PE,Augmentation des concentrations plasmatiques du nintédanib par augmentation de son absorption par l'itraconazole.,Surveillance clinique pendant l'association.
NINTÉDANIB,KETOCONAZOLE,PE,Augmentation des concentrations plasmatiques du nintédanib par augmentation de son absorption par le kétoconazole.,Surveillance clinique pendant l'association.
NINTÉDANIB,MILLEPERTUIS,AD,Diminution des concentrations plasmatiques du nintédanib par diminution de son absorption par le millepertuis.,
NINTÉDANIB,"PHÉNYTOÏNE (ET, PAR EXTRAPOLATION, FOSPHÉNYTOÏNE)",PE,Diminution des concentrations plasmatiques du nintédanib par diminution de son absorption par la phénytoïne ou la fosphénytoïne.,Surveillance clinique pendant l'association.
NINTÉDANIB,RIFAMPICINE,PE,Diminution des concentrations plasmatiques du nintédanib par diminution de son absorption par la rifampicine.,Surveillance clinique pendant l'association.
NINTÉDANIB,VERAPAMIL,PE,Augmentation des concentrations plasmatiques du nintédanib par augmentation de son absorption par le vérapamil.,Surveillance clinique pendant l'association.
NORFLOXACINE,CAFEINE,APEC,"Augmentation des concentrations plasmatiques de caféine, par diminution du métabolisme hépatique de la caféine.",
NORFLOXACINE,CALCIUM,PE,Diminution de l'absorption digestive de la norflloxacine.,"Prendre les sels de calcium à distance de la norfloxacine (plus de 2 heures, si possible)."
NORFLOXACINE,SUBSTANCES SUSCEPTIBLES DE DONNER DES TORSADES DE POINTES,PE,"Risque majoré de troubles du rythme ventriculaire, notamment de torsades de pointes.",Surveillance clinique et électrocardiographique pendant l'association.
NORFLOXACINE,"THÉOPHYLLINE (ET, PAR EXTRAPOLATION, AMINOPHYLLINE)",PE,Augmentation de la théophyllinémie avec risque de surdosage (diminution du métabolisme de la théophylline).,Surveillance clinique et éventuellement de la théophyllinémie.
NORTRIPTYLINE,BUPROPION,PE,Risque d'augmentation des effets indésirables de la nortriptyline par diminution de son métabolisme hépatique par le bupropion.,"Surveillance clinique. Si besoin, adaptation de la posologie de la nortriptyline pendant le traitement par le bupropion."
NOSCAPINE,ANTIVITAMINES K,AD,Augmentation de l'effet de l'antivitamine K et du risque hémorragique.,
OLANZAPINE,CARBAMAZEPINE,PE,"Risque de diminution des concentrations plasmatiques de l'olanzapine et de son efficacité thérapeutique, par augmentation de son métabolisme hépatique par la carbamazépine.","Surveillance clinique, et si besoin, adaptation posologique de l'olanzapine."
OLANZAPINE,FLUVOXAMINE,PE,"Augmentation des concentrations de l'olanzapine, avec risque de majoration des effets indésirables, par diminution de son métabolisme hépatique par la fluvoxamine.",Surveillance clinique et réduction éventuelle de la posologie de l'olanzapine pendant le traitement par fluvoxamine.
OLAPARIB,AMIODARONE,AD,Augmentation des concentrations plasmatiques d'olaparib par l' amiodarone,"Si l'association ne peut être évitée, limiter la dose d'olaparib à 200 mg 2 fois par jour avec l'amiodarone."
OLAPARIB,APALUTAMIDE,AD,"Risque de diminution très importante des concentrations de l'olaparib, et perte d'efficacité, par augmentation de son métabolisme hépatique par l'apalutamide.",
OLAPARIB,CYTOTOXIQUES,AD,Risque de majoration de l'effet myélosuppresseur du cytotoxique,
OLAPARIB,DILTIAZEM,AD,Augmentation des concentrations plasmatiques d'olaparib par le diltiazem.,"Si l'association ne peut être évitée, limiter la dose d'olaparib à 200 mg deux fois par jour."
OLAPARIB,FLUCONAZOLE,AD,Augmentation des concentrations plasmatiques d'olaparib par le fluconazole.,"Si l'association ne peut être évitée, limiter la dose d'olaparib à 200 mg deux fois par jour."
OLAPARIB,INDUCTEURS ENZYMATIQUES,AD,"Diminution, éventuellement très importante selon l'inducteur, des concentrations plasmatiques de l'olaparib par augmentation de son métabolisme hépatique par l'inducteur.",
OLAPARIB,INHIBITEURS PUISSANTS DU CYP3A4,AD,Augmentation des concentrations plasmatiques d'olaparib par l'inhibiteur.,"Si l'association ne peut être évitée, limiter la dose d'olaparib à 150 mg deux fois par jour."
OLAPARIB,MILLEPERTUIS,CI,"Risque de diminution des concentrations plasmatiques d'olaparib et de son efficacité, par augmentation de son métabolisme par le millepertuis.",
OLAPARIB,PAMPLEMOUSSE (JUS ET FRUIT),AD,Risque d'augmentation des effets indésirables de l'olaparib.,
OLAPARIB,VERAPAMIL,AD,Augmentation des concentrations plasmatiques d'olaparib par le vérapamil.,"Si l'association ne peut être évitée, limiter la dose d'olaparib à 200 mg deux fois par jour."
OMBITASVIR + PARITAPRÉVIR,ACIDE FUSIDIQUE,CI,Augmentation des concentrations plasmatiques de l'acide fusidique par diminution de son métabolisme hépatique par la bithérapie.,
OMBITASVIR + PARITAPRÉVIR,ALCALOÏDES DE L'ERGOT DE SEIGLE VASOCONSTRICTEURS,CI,Augmentation des concentrations plasmatiques de l'alcaloïde de l'ergot de seigle vasoconstricteur par diminution de son métabolisme hépatique par la bithérapie.,
OMBITASVIR + PARITAPRÉVIR,ALFUZOSINE,CI,Augmentation des concentrations plasmatiques de l'afuzosine par diminution de son métabolisme hépatique par la bithérapie.,
OMBITASVIR + PARITAPRÉVIR,AMIODARONE,CI,Augmentation des concentrations plasmatiques de l'amiodarone par diminution de son métabolisme hépatique par la bithérapie.,
OMBITASVIR + PARITAPRÉVIR,ATORVASTATINE,CI,Augmentation des concentrations plasmatiques de l'atorvastatine par diminution de son métabolisme hépatique par la bithérapie.,
OMBITASVIR + PARITAPRÉVIR,DISOPYRAMIDE,CI,Risque d'augmentation des concentrations plasmatiques de disopyramide et de ses effets indésirables.,
OMBITASVIR + PARITAPRÉVIR,ETHINYLESTRADIOL,CI,Augmentation de l'hépatotoxicité.,
OMBITASVIR + PARITAPRÉVIR,EVEROLIMUS,AD,En association avec le ritonavir : augmentation significative des concentrations de l'immunosuppresseur avec risque de majoration de sa toxicité par la bithérapie.,"Si l'association s'avère nécessaire, contrôle strict de la fonction rénale, dosage des concentrations sanguines de l'immunosuppresseur et adaptation éventuelle de la posologie."
OMBITASVIR + PARITAPRÉVIR,INDUCTEURS ENZYMATIQUES,CI,Diminution des concentrations plasmatiques de la bithérapie par augmentation de son métabolisme hépatique par l'inducteur.,
OMBITASVIR + PARITAPRÉVIR,INHIBITEURS PUISSANTS DU CYP3A4,CI,Augmentation des concentrations plasmatiques de la bithérapie par diminution de son métabolisme hépatique par l'inhibiteur.,Contre-indication: - sauf avec le ritonavir.
OMBITASVIR + PARITAPRÉVIR,MIDAZOLAM,CI,Augmentation des concentrations plasmatiques du midazolam par diminution de son métabolisme hépatique par la bithérapie.,
OMBITASVIR + PARITAPRÉVIR,PIMOZIDE,CI,Augmentation des concentrations plasmatiques du pimozide par diminution de son métabolisme hépatique par la bithérapie.,
OMBITASVIR + PARITAPRÉVIR,QUETIAPINE,CI,Augmentation des concentrations plasmatiques de la quétiapine par diminution de son métabolisme hépatique par la bithérapie.,
OMBITASVIR + PARITAPRÉVIR,QUINIDINE,CI,Augmentation des concentrations plasmatiques de la quinidine par diminution de son métabolisme hépatique par la bithérapie.,
OMBITASVIR + PARITAPRÉVIR,SALMETEROL,CI,Risque d'augmentation des concentrations de salmétérol.,
OMBITASVIR + PARITAPRÉVIR,SILDENAFIL,CI,Augmentation des concentrations plasmatiques du sildénafil par diminution de son métabolisme hépatique par la bithérapie.,
OMBITASVIR + PARITAPRÉVIR,SIMVASTATINE,CI,Augmentation des concentrations plasmatiques de la simvastatine par diminution de son métabolisme hépatique par la bithérapie.,
OMBITASVIR + PARITAPRÉVIR,SIROLIMUS,AD,En association avec le ritonavir : augmentation significative des concentrations de l'immunosuppresseur avec risque de majoration de sa toxicité par la bithérapie.,"Si l'association s'avère nécessaire, contrôle strict de la fonction rénale, dosage des concentrations sanguines de l'immunosuppresseur et adaptation éventuelle de la posologie."
OMBITASVIR + PARITAPRÉVIR,TACROLIMUS,AD,En association avec le ritonavir : augmentation significative des concentrations de l'immunosuppresseur avec risque de majoration de sa toxicité par la bithérapie.,"Si l'association s'avère nécessaire, contrôle strict de la fonction rénale, dosage des concentrations sanguines de l'immunosuppresseur et adaptation éventuelle de la posologie."
OMBITASVIR + PARITAPRÉVIR,TICAGRELOR,CI,Augmentation des concentrations plasmatiques du ticagrélor par diminution de son métabolisme hépatique par la bithérapie.,
OMEPRAZOLE,ANAGRELIDE,APEC,Risque de moindre efficacité de l'anagrélide par augmentation de son métabolisme par l'oméprazole.,Préférer un autre inhibiteur de la pompe à protons.
OMEPRAZOLE,APALUTAMIDE,AD,"Risque de diminution très importante des concentrations de l'oméprazole, et perte d'efficacité, par augmentation de son métabolisme hépatique par l'apalutamide.",
OMEPRAZOLE,DIGOXINE,PE,Augmentation modérée de la digoxinémie par majoration de son absorption par l'oméprazole.,"Surveillance clinique, ECG et de la digoxinémie, particulièrement chez le sujet âgé."
OMEPRAZOLE,ESCITALOPRAM,PE,"Risque majoré de troubles du rythme ventriculaire, notamment de torsades de pointes.",Surveillance clinique et électrocardiographique pendant l'association.
OMEPRAZOLE,TACROLIMUS,PE,Augmentation des concentrations sanguines du tacrolimus.,"Dosage des concentrations sanguines du tacrolimus, contrôle de la fonction rénale et adaptation de la posologie pendant l'association et après son arrêt."
ONDANSETRON,SUBSTANCES SUSCEPTIBLES DE DONNER DES TORSADES DE POINTES,PE,"Risque majoré de troubles du rythme ventriculaire, notamment de torsades de pointes.",Surveillance clinique et électrocardiographique pendant l'association.
ONDANSETRON,TRAMADOL,APEC,Diminution de l'intensité et de la durée de l'effet analgésique du tramadol et risque de diminution de l'effet antiémétique de l'ondansétron.,
OR,INHIBITEURS DE L'ENZYME DE CONVERSION,APEC,"Avec les sels d'or administrés par voie IV : risque de réaction «nitritoïde» à l'introduction de l'IEC (nausées, vomissements, effets vasomoteurs à type de flush, hypotension, éventuellement collapsus).",
ORGANOPLATINES,AMINOSIDES,APEC,"Addition des effets néphrotoxiques et/ou ototoxiques, notamment en cas d'insuffisance rénale préalable.",
ORGANOPLATINES,DIURÉTIQUES DE L'ANSE,APEC,Risque d'addition des effets ototoxiques et/ou néphrotoxiques.,
ORLISTAT,AMIODARONE,PE,Risque de diminution des concentrations plasmatiques de l'amiodarone et de son métabolite actif.,"Surveillance clinique et, si besoin, ECG."
ORLISTAT,ANTIDÉPRESSEURS IMIPRAMINIQUES,APEC,Risque d'échec thérapeutique en cas de traitement concomitant par orlistat.,
ORLISTAT,ANTIVITAMINES K,PE,Augmentation de l'effet de l'antivitamine K et du risque hémorragique.,Contrôle plus fréquent de l'INR. Adaptation éventuelle de la posologie de l'antivitamine K pendant le traitement par l'orlistat et après son arrêt.
ORLISTAT,CICLOSPORINE,AD,"Diminution des concentrations sanguines de ciclosporine par diminution de son absorption intestinale, avec risque de perte de l'activité immunosuppressive.","Prendre l'orlistat à distance de la ciclosporine (au moins 3 heures). Contrôle renforcé des dosages sanguins de ciclosporine, notamment en début d'association, et lors d'augmentation éventuelle de la posologie de l'orlistat."
ORLISTAT,HORMONES THYROÏDIENNES,APEC,Risque de déséquilibre du traitement thyroïdien substitutif en cas de traitement par orlistat.,
ORLISTAT,INHIBITEURS SÉLECTIFS DE LA RECAPTURE DE LA SÉROTONINE,APEC,Risque d'échec thérapeutique en cas de traitement concomitant par orlistat.,
ORLISTAT,LITHIUM,APEC,Risque d'échec thérapeutique en cas de traitement concomitant par orlistat.,
ORLISTAT,MÉDICAMENTS MIXTES ADRÉNERGIQUES-SÉROTONINERGIQUES,APEC,Risque d'échec thérapeutique en cas de traitement concomitant par orlistat.,
ORLISTAT,NEUROLEPTIQUES,APEC,Risque d'échec thérapeutique en cas de traitement concomitant par orlistat.,
ORLISTAT,VITAMINE D,APEC,Diminution de l'absorption de la vitamine D.,
ORNIDAZOLE,"FLUOROURACILE (ET, PAR EXTRAPOLATION, AUTRES FLUOROPYRIMIDINES)",APEC,Augmentation de la toxicité du fluoro-uracile par diminution de sa clairance.,
OXCARBAZEPINE,ESTROGÈNES NON CONTRACEPTIFS,PE,"Risque de diminution de l'efficacité du traitement hormonal, par augmentation de son métabolisme hépatique par l'oxcarbazépine.",Surveillance clinique et adaptation éventuelle de la posologie du traitement hormonal pendant le traitement par l'oxcarbazépine et après son arrêt.
OXCARBAZEPINE,LAMOTRIGINE,PE,"Diminution des concentrations de la lamotrigine avec risque de moindre efficacité, par augmentation de son métabolisme hépatique par l'oxcarbazépine.","Surveillance clinique et contrôle des concentrations plasmatiques, avec adaptation de la posologie de la lamotrigine si besoin."
OXCARBAZEPINE,LÉNACAPAVIR,CI,"Diminution, éventuellement considérable, des concentrations de lénacapavir, avec risque de réduction de la réponse virologique.",
OXCARBAZEPINE,PÉRAMPANEL,APEC,Diminution de moitié des concentrations de pérampanel et légère augmentation de celles de l'oxcarbazépine.,
OXCARBAZEPINE,TOPIRAMATE,PE,"Risque de diminution des concentrations du topiramate avec risque de moindre efficacité, par augmentation de son métabolisme hépatique par l'oxcarbazépine.","Surveillance clinique, et si besoin, adaptation posologique du topiramate pendant le traitement par l'oxcarbazépine et après son arrêt."
OXCARBAZEPINE,VELPATASVIR,AD,"Risque de diminution des concentrations de velpatasvir/sofosbuvir, avec possible retentissement sur l'efficacité.",
OXPRENOLOL,ERGOTAMINE,PE,Ergotisme : quelques cas de spasme artériel avec ischémie des extrémités ont été observés (addition d'effets vasculaires).,"Surveillance clinique renforcée, en particulier pendant les premières semaines de l'association."
OXYBATE DE SODIUM,BARBITURIQUES,CI,"Risque majoré de dépression respiratoire, pouvant être fatale en cas de surdosage.",
OXYBATE DE SODIUM,MORPHINIQUES,CI,"Risque majoré de dépression respiratoire, pouvant être fatale en cas de surdosage.",
OXYCODONE,FLUCONAZOLE,AD,"Majoration des effets indésirables, notamment respiratoires, de l'oxycodone par diminution de son métabolisme hépatique par le fluconazole.",
OXYCODONE,INDUCTEURS ENZYMATIQUES,AD,Diminution des concentrations plasmatiques de l'oxycodone par augmentation de son métabolisme par l'inducteur.,Adaptation éventuelle de la posologie d'oxycodone .
OXYCODONE,INHIBITEURS PUISSANTS DU CYP3A4,AD,"Majoration des effets indésirables, notamment respiratoires, de l'oxycodone par diminution de son métabolisme par l'inhibiteur.",Surveillance clinique et adaptation éventuelle de la posologie de l'oxycodone pendant le traitement par l'inhibiteur et après son arrêt.
OXYCODONE,MILLEPERTUIS,AD,Diminution des concentrations plasmatiques de l'oxycodone par augmentation de son métabolisme par le millepertuis.,Adaptation éventuelle de la posologie de l'oxycodone .
OZANIMOD,BRADYCARDISANTS,AD,Potentialisation des effets bradycardisants pouvant avoir des conséquences fatales. Les bêta-bloquants sont d'autant plus à risque qu'ils empêchent les mécanismes de compensation adrénergique.,Surveillance clinique et ECG pendant au moins 6 heures.
OZANIMOD,CICLOSPORINE,AD,Risque d'augmentation des effets indésirables de l'ozanimod.,
OZANIMOD,CLOPIDOGREL,APEC,Risque d'augmentation des concentrations des métabolites actifs de l'onazimod.,
OZANIMOD,ELTROMBOPAG,AD,Risque d'augmentation des effets indésirables de l'ozanimod.,
OZANIMOD,GEMFIBROZIL,APEC,Augmentation des concentrations des métabolites actifs de l'onazimod.,
OZANIMOD,INDUCTEURS ENZYMATIQUES PUISSANTS,AD,Diminution des concentrations des métabolites actifs de l'ozanimod d'environ 60%.,
OZANIMOD,RIFAMPICINE,AD,Diminution des concentrations des métabolites actifs de l'ozanimod d'environ 60%.,
P A S SODIQUE,TENOFOVIR ALAFÉNAMIDE,APEC,Diminution des deux tiers de l'exposition du ténofovir avec une formulation de PAS calcique.,
P A S SODIQUE,TENOFOVIR DISOPROXIL,APEC,Diminution des deux tiers de l'exposition du ténofovir avec une formulation de PAS calcique.,
PACLITAXEL,AMIODARONE,PE,Risque de majoration des effets indésirables du paclitaxel par diminution de son métabolisme hépatique par l'amiodarone.,Surveillance clinique et adaptation éventuelle de la posologie du paclitaxel.
PACLITAXEL,CLOPIDOGREL,APEC,"Augmentation des concentrations du paclitaxel par le clopidogrel, avec risque de majoration des effets indésirables.",
PACLITAXEL,DEFERASIROX,PE,Risque d'augmentation des concentrations plasmatiques du paclitaxel par inhibition de son métabolisme hépatique par le deferasirox.,Surveillance clinique et biologique étroite.
PACLITAXEL,GEMFIBROZIL,PE,Risque d'augmentation des concentrations plasmatiques du paclitaxel par inhibition de son métabolisme hépatique par le gemfibrozil.,Surveillance clinique et biologique étroite et adaptation de la posologie du paclitaxel pendant l'association.
PACLITAXEL,INDUCTEURS ENZYMATIQUES,AD,"Diminution des concentrations du cytotoxique par augmentation de son métabolisme par l'inducteur, avec risque de moindre efficacité.",
PACLITAXEL,MILLEPERTUIS,CI,Risque de moindre efficacité du taxane par augmentation de son métabolisme par le millepertuis.,
PACLITAXEL,TRIMETHOPRIME,PE,Risque d'augmentation des concentrations plasmatiques du paclitaxel par inhibition de son métabolisme hépatique par le triméthoprime.,Surveillance clinique et biologique étroite et adaptation de la posologie du paclitaxel pendant l'association.
PAMPLEMOUSSE (JUS ET FRUIT),ATORVASTATINE,APEC,"Augmentation des concentrations plasmatiques de l'hypolipémiant, avec risque de survenue d'effets indésirables, notamment musculaires.",
PAMPLEMOUSSE (JUS ET FRUIT),AVANAFIL,AD,"Augmentation des concentrations plasmatiques de l'avanafil, avec risque d'hypotension.",
PAMPLEMOUSSE (JUS ET FRUIT),BUSPIRONE,APEC,Risque de majoration des effets indésirables de la buspirone par diminution de son métabolisme par le pamplemousse.,
PAMPLEMOUSSE (JUS ET FRUIT),CARBAMAZEPINE,AD,"Augmentation des concentrations plasmatiques de carbamazépine, avec risque de surdosage, par inhibition de son métabolisme par le pamplemousse.",
PAMPLEMOUSSE (JUS ET FRUIT),DRONEDARONE,AD,Augmentation des concentrations de dronédarone par inhibition de son métabolisme par le pamplemousse.,
PAMPLEMOUSSE (JUS ET FRUIT),HALOFANTRINE,AD,"Risque majoré de troubles du rythme ventriculaire, notamment de torsades de pointes.",
PAMPLEMOUSSE (JUS ET FRUIT),IMMUNOSUPPRESSEURS,AD,Augmentation de la biodisponibilité de l'immunosuppresseur et par conséquent de ses effets indésirables.,
PAMPLEMOUSSE (JUS ET FRUIT),IVABRADINE,AD,Augmentation des concentrations plasmatiques de l'ivabradine et de ses effets indésirables (inhibition de son métabolisme intestinal par le pamplemousse).,
PAMPLEMOUSSE (JUS ET FRUIT),IVACAFTOR (SEUL OU ASSOCIÉ),AD,Risque d'augmentation des concentrations plasmatiques d'ivacaftor par le jus de pamplemousse.,
PAMPLEMOUSSE (JUS ET FRUIT),LERCANIDIPINE,APEC,"Risque majoré d'effets indésirables, notamment d'oedèmes, par diminution du métabolisme intestinal de la dihydropyridine.",
PAMPLEMOUSSE (JUS ET FRUIT),LURASIDONE,AD,Augmentation des concentrations plasmatiques de la lurasidone par diminution de son métabolisme par le pamplemousse.,
PAMPLEMOUSSE (JUS ET FRUIT),NALOXEGOL,AD,Risque d'augmentation des effets indésirables du naloxegol par le pamplemousse.,
PAMPLEMOUSSE (JUS ET FRUIT),OLAPARIB,AD,Risque d'augmentation des effets indésirables de l'olaparib.,
PAMPLEMOUSSE (JUS ET FRUIT),RÉGORAFÉNIB,AD,Augmentation des concentrations plasmatiques de régorafenib par diminution de son métabolisme hépatique par le pamplemousse.,
PAMPLEMOUSSE (JUS ET FRUIT),SERTRALINE,AD,Augmentation parfois importante des concentrations de l'antidépresseur chez certains patients par diminution de son métabolisme intestinal.,
PAMPLEMOUSSE (JUS ET FRUIT),SIMVASTATINE,AD,"Augmentation considérable des concentrations plasmatiques de l'hypolipémiant, avec risque de survenue d'effets indésirables, notamment musculaires.",
PAMPLEMOUSSE (JUS ET FRUIT),TICAGRELOR,AD,"Doublement des concentrations plasmatiques de l'antiagrégant, avec risque de majoration des effets indésirables, notamment hémorragiques.",
PAMPLEMOUSSE (JUS ET FRUIT),TOLVAPTAN,AD,"Augmentation importante (entre 2 à 5 fois en moyenne) des concentrations de tolvaptan, avec risque de majoration importante des effets indésirables, notamment diurèse importante, déshydratation, insuffisance rénale aiguë.",
PAMPLEMOUSSE (JUS ET FRUIT),VARDENAFIL,AD,"Augmentation des concentrations plasmatiques du vardénafil, avec risque d'hypotension.",
PAMPLEMOUSSE (JUS ET FRUIT),VÉNÉTOCLAX,AD,"Augmentation des concentrations de vénétoclax, avec risque de majoration des effets indésirables.",
PAMPLEMOUSSE (JUS ET FRUIT),VERAPAMIL,APEC,"Augmentation des concentrations plasmatiques de vérapamil, avec risque de survenue d'effets indésirables.",
PANOBINOSTAT,INHIBITEURS PUISSANTS DU CYP3A4,PE,"Risque de majoration des effets indésirables, notamment cardiaques, du panobinostat par diminution de son métabolisme par l'inhibiteur.",Surveillance clinique et ECG. Débuter le traitement à dose réduite de moitié (10 mg).
PARACETAMOL,ANTIVITAMINES K,PE,Risque d'augmentation de l'effet de l'antivitamine K et du risque hémorragique en cas de prise de paracétamol aux doses maximales (4 g/j) pendant au moins 4 jours.,Contrôle plus fréquent de l'INR. Adaptation éventuelle de la posologie de l'antivitamine K pendant le traitement par le paracétamol et après son arrêt.
PARACETAMOL,FLUCLOXACILLINE,AD,"Risque accru d'acidose métabolique à trou anionique élevé, notamment en cas d'insuffisance rénale sévère, de sepsis, de facteurs prédisposant à la déplétion en glutathion (malnutrition, alcoolisme chronique…), ainsi qu'en cas d'utilisation de paracétamol aux doses quotidiennes maximales.","Si l'association ne peut être évitée, surveillance étroite avec mesure de la 5-oxoproline urinaire."
PAROXETINE,CARBAMAZEPINE,PE,Augmentation des concentrations plasmatiques de carbamazépine avec signes de surdosage.,"Surveillance clinique, contrôle des concentrations plasmatiques de carbamazépine et réduction éventuelle de la posologie de la carbamazépine pendant le traitement par l'antidépresseur sérotoninergique et après son arrêt."
PAROXETINE,CODEINE,AD,Diminution de l'efficacité de l'opiacé par inhibition de son métabolisme par l'inhibiteur.,
PAROXETINE,MEQUITAZINE,AD,"Risque de majoration des effets indésirables de la méquitazine, par inhibition de son métabolisme par l'inhibiteur enzymatique.",
PAROXETINE,METOPROLOL,PE,"Risque de majoration des effets indésirables du métoprolol, avec notamment bradycardie excessive, par inhibition de son métabolisme par la paroxétine.","Surveillance clinique accrue ; si besoin, adaptation de la posologie du métoprolol pendant la durée du traitement par la paroxétine et après son arrêt."
PAROXETINE,NEBIVOLOL,PE,"Risque de majoration des effets indésirables du nébivolol avec notamment bradycardie excessive, par inhibition de son métabolisme par l'antidépresseur.","Surveillance clinique accrue ; si besoin, adaptation de la posologie du nébivolol pendant la durée du traitement par l'antidépresseur et après son arrêt."
PAROXETINE,PIMOZIDE,CI,"Risque majoré de troubles du rythme ventriculaire, notamment de torsades de pointes.",
PAROXETINE,RISPERIDONE,PE,"Augmentation de la fraction active de la rispéridone par diminution de son métabolisme hépatique par la paroxétine, avec risque de majoration des effets indésirables.","Surveillance clinique et, si besoin, adaptation posologique de la rispéridone."
PAROXETINE,TAMOXIFENE,AD,"Baisse de l'efficacité du tamoxifène, par inhibition de la formation de son métabolite actif par la paroxétine.",
PAROXETINE,TETRABENAZINE,CI,Augmentation possiblement très importante de l'exposition des métabolites actifs de la tétrabénazine.,
PAROXETINE,TRAMADOL,AD,Diminution de l'efficacité de l'opiacé par inhibition de son métabolisme par l'inhibiteur.,
PEFLOXACINE,"THÉOPHYLLINE (ET, PAR EXTRAPOLATION, AMINOPHYLLINE)",PE,Augmentation de la théophyllinémie avec risque de surdosage (diminution du métabolisme de la théophylline).,Surveillance clinique et éventuellement de la théophyllinémie.
PEG-INTERFERON ALFA-2A,TELBIVUDINE,CI,Risque majoré de neuropathies périphériques.,
PEMETREXED,ACIDE ACETYLSALICYLIQUE,PE,Risque de majoration de la toxicité du pemetrexed (diminution de sa clairance rénale par l'acide acétylsalicylique à doses anti- inflammatoires).,ASDEC - PE Association déconseillée : - en cas de fonction rénale faible à modérée . : - en cas de fonction rénale normale. Surveillance biologique de la fonction rénale.
PEMETREXED,ANTI-INFLAMMATOIRES NON STÉROÏDIENS,PE,Risque de majoration de la toxicité du pemetrexed (diminution de sa clairance rénale par les AINS).,ASDEC - PE Association déconseillée : - en cas de fonction rénale faible à modérée. : - en cas de fonction rénale normale. Surveillance biologique de la fonction rénale.
PÉNEMS,"VALPROÏQUE (ACIDE) ET, PAR EXTRAPOLATION, VALPROMIDE",AD,"Risque de survenue de crises convulsives, par diminution rapide des concentrations plasmatiques de l'acide valproïque, pouvant devenir indétectables.",
PENICILLAMINE,FER,PE,Diminution de l'absorption digestive de la pénicillamine.,"Prendre les sels de fer à distance de la pénicillamine (plus de 2 heures, si possible)."
PÉNICILLINES,METHOTREXATE,AD,Augmentation des effets et de la toxicité hématologique du méthotrexate : inhibition de la sécrétion tubulaire rénale du méthotrexate par les pénicillines.,
PÉNICILLINES A,ALLOPURINOL,APEC,Risque accru de réactions cutanées.,
PÉNICILLINES A,MYCOPHENOLATE MOFETIL,APEC,"Diminution des concentrations de l'acide mycophénolique d'environ un tiers, avec risque potentiel de baisse d'efficacité.",
PENTAMIDINE,DIDANOSINE,PE,Risque majoré de survenue de pancréatite par addition d'effets indésirables.,Surveillance de l'amylasémie. Ne pas associer si l'amylasémie est à la limite supérieure de la normale.
PENTAMIDINE,FOSCARNET,PE,Risque d'hypocalcémie sévère.,Surveillance de la calcémie et supplémentation si nécessaire.
PENTAMIDINE,STAVUDINE,PE,Risque majoré de survenue de neuropathies périphériques par addition d'effets indésirables.,"Surveillance clinique et biologique régulière, notamment en début d'association."
PENTOSTATINE,CYCLOPHOSPHAMIDE,AD,Majoration du risque de toxicité pulmonaire pouvant être fatale.,
PENTOSTATINE,FLUDARABINE,AD,Majoration du risque de toxicité pulmonaire pouvant être fatale.,
PENTOXIFYLLINE,ANTIVITAMINES K,PE,Augmentation du risque hémorragique.,Contrôle plus fréquent de l'INR. Adaptation éventuelle de la posologie de l'antivitamine K pendant le traitement par la pentoxifylline et 8 jours après son arrêt.
PENTOXIFYLLINE,COBIMÉTINIB,PE,Augmentation du risque hémorragique.,Surveillance clinique.
PENTOXIFYLLINE,"THÉOPHYLLINE (ET, PAR EXTRAPOLATION, AMINOPHYLLINE)",PE,Augmentation de la théophyllinémie avec risque de surdosage (compétition au niveau du métabolisme hépatique de la théophylline).,"Surveillance clinique et éventuellement de la théophyllinémie ; s'il y a lieu, adaptation de la posologie de la théophylline pendant le traitement par la pentoxifylline et après son arrêt."
PÉRAMPANEL,CYPROTERONE,AD,"Pour des doses de pérampanel > ou = à 12 mg/jour, risque de diminution de l'efficacité de la cyprotérone.","Dans son utilisation comme contraceptif hormonal: utiliser de préférence une autre méthode de contraception en particulier de type mécanique, pendant la durée de l'association et un cycle suivant."
PÉRAMPANEL,INDUCTEURS ENZYMATIQUES PUISSANTS,APEC,Diminution importante (jusqu'aux deux-tiers) des concentrations de pérampanel.,
PÉRAMPANEL,OXCARBAZEPINE,APEC,Diminution de moitié des concentrations de pérampanel et légère augmentation de celles de l'oxcarbazépine.,
PÉRAMPANEL,PROGESTATIFS CONTRACEPTIFS,AD,Pour des doses de pérampanel >= 12 mg/jour : Risque de diminution de l'efficacité contraceptive.,"Utiliser de préférence une autre méthode contraceptive, en particulier de type mécanique."
PÉRAMPANEL,RIFAMPICINE,APEC,Diminution importante (jusqu'aux deux-tiers) des concentrations de pérampanel.,
PETHIDINE,IMAO IRRÉVERSIBLES,CI,"Risque d'apparition d'un syndrome sérotoninergique : diarrhée, tachycardie, sueurs, tremblements, confusion voire coma.",
PETHIDINE,"IMAO-A RÉVERSIBLES, Y COMPRIS OXAZOLIDINONES ET BLEU DE MÉTHYLÈNE",CI,"Risque d'apparition d'un syndrome sérotoninergique : diarrhée, tachycardie, sueurs, tremblements, confusion voire coma.",
PETHIDINE,IMAO-B,CI,"Manifestations d'excitation centrale évoquant un syndrome sérotoninergique : diarrhée, tachycardie, sueurs, tremblements, confusion voire coma.",
"PHÉNOBARBITAL (ET, PAR EXTRAPOLATION, PRIMIDONE)",ACIDE CHOLIQUE,CI,Effet antagoniste du barbiturique.,
"PHÉNOBARBITAL (ET, PAR EXTRAPOLATION, PRIMIDONE)",CARBAMAZEPINE,APEC,Diminution progressive des concentrations plasmatiques de carbamazépine et de son métabolite actif sans modification apparente de l'efficacité anticomitiale.,Prudence quant à l'interprétation des concentrations plasmatiques.
"PHÉNOBARBITAL (ET, PAR EXTRAPOLATION, PRIMIDONE)",FELBAMATE,PE,"Diminution des concentrations plasmatiques et de l'efficacité du felbamate et augmentation des concentrations plasmatiques du phénobarbital, avec risque de surdosage.",Surveillance clinique et contrôle des concentrations plasmatiques de phénobarbital avec adaptation de la posologie si besoin.
"PHÉNOBARBITAL (ET, PAR EXTRAPOLATION, PRIMIDONE)",FOLATES,PE,"Diminution des concentrations plasmatiques du phénobarbital, par augmentation de son métabolisme dont les folates représentent un des cofacteurs.","Surveillance clinique, contrôle des concentrations plasmatiques, et adaptation, s'il y a lieu, de la posologie du phénobarbital pendant la supplémentation folique et après son arrêt."
"PHÉNOBARBITAL (ET, PAR EXTRAPOLATION, PRIMIDONE)",IFOSFAMIDE,AD,Risque de majoration de la neurotoxicité de l'ifosfamide par augmentation de son métabolisme hépatique par le phénobarbital.,
"PHÉNOBARBITAL (ET, PAR EXTRAPOLATION, PRIMIDONE)",METOPROLOL,APEC,Diminution des concentrations plasmatiques du métoprolol avec réduction de ses effets cliniques (augmentation de son métabolisme hépatique).,
"PHÉNOBARBITAL (ET, PAR EXTRAPOLATION, PRIMIDONE)","PHÉNYTOÏNE (ET, PAR EXTRAPOLATION, FOSPHÉNYTOÏNE)",APEC,"En cas de traitement antérieur par le phénobarbital ou la primidone, et adjonction de phénytoïne, augmentation des concentrations plasmatiques de phénobarbital pouvant entraîner des signes toxiques (inhibition du métabolisme par compétition). En cas de traitement antérieur par la phénytoïne et adjonction de phénobarbital ou de primidone, variations imprévisibles : - les concentrations plasmatiques de phénytoïne sont le plus souvent diminuées (augmentation du métabolisme) sans que cette diminution affecte défavorablement l'activité anticonvulsivante. A l'arrêt du phénobarbital ou de la primidone, possibilité d'effets toxiques de la phénytoïne - il peut arriver que les concentrations de phénytoïne soient augmentées (inhibition du métabolisme par compétition).",
"PHÉNOBARBITAL (ET, PAR EXTRAPOLATION, PRIMIDONE)",PROPRANOLOL,APEC,Diminution des concentrations plasmatiques du propranolol avec réduction de ses effets cliniques (augmentation de son métabolisme hépatique).,
"PHÉNOBARBITAL (ET, PAR EXTRAPOLATION, PRIMIDONE)","VALPROÏQUE (ACIDE) ET, PAR EXTRAPOLATION, VALPROMIDE",PE,"Augmentation de l'hyperammoniémie, avec risque accru d'encéphalopathie.",Surveillance clinique et biologique régulière.
"PHÉNYTOÏNE (ET, PAR EXTRAPOLATION, FOSPHÉNYTOÏNE)",AMIODARONE,AD,"Majoration du risque de troubles du rythme ventriculaire par potentialisation des effets antiarythmiques, ainsi que des effets indésirables neurologiques, par diminution du métabolisme hépatique de la phénytoïne par l'amiodarone.",
"PHÉNYTOÏNE (ET, PAR EXTRAPOLATION, FOSPHÉNYTOÏNE)",CARBAMAZEPINE,APEC,Réduction réciproque des concentrations plasmatiques (augmentation du métabolisme sans modification apparente de l'efficacité anticomitiale).,Prudence dans l'interprétation des concentrations plasmatiques.
"PHÉNYTOÏNE (ET, PAR EXTRAPOLATION, FOSPHÉNYTOÏNE)",CIMETIDINE,AD,Avec la cimétidine utilisée à des doses supérieures ou égales à 800 mg/j : augmentation des concentrations plasmatiques de phénytoïne avec possibilité d'apparition des signes habituels de surdosage.,"Si l'association ne peut être évitée, surveillance clinique étroite, dosage des concentrations plasmatiques de phénytoïne et adaptation éventuelle de sa posologie pendant le traitement par la cimétidine et après son arrêt."
"PHÉNYTOÏNE (ET, PAR EXTRAPOLATION, FOSPHÉNYTOÏNE)",CIPROFLOXACINE,PE,"Variation, éventuellement importante, des concentrations de phénytoïne en cas de traitement par la ciprofloxacine.",Surveillance clinique et contrôle des concentrations plasmatiques de l'anticonvulsivant pendant le traitement par ciprofloxacine et après son arrêt.
"PHÉNYTOÏNE (ET, PAR EXTRAPOLATION, FOSPHÉNYTOÏNE)",CLOPIDOGREL,PE,Augmentation des concentrations plasmatiques de phénytoïne avec signes de surdosage (inhibition du métabolisme de la,Surveillance clinique et contrôle des concentrations plasmatiques de phénytoïne.
"PHÉNYTOÏNE (ET, PAR EXTRAPOLATION, FOSPHÉNYTOÏNE)",CYTOTOXIQUES,AD,"Risque de survenue de convulsions par diminution de l'absorption digestive de la seule phénytoïne par le cytotoxique, ou bien risque de majoration de la toxicité ou de perte d'efficacité du cytotoxique par augmentation de son métabolisme hépatique par la phénytoïne ou la fosphénytoïne.",
"PHÉNYTOÏNE (ET, PAR EXTRAPOLATION, FOSPHÉNYTOÏNE)",DIAZEPAM,PE,"Variations imprévisibles : les concentrations plasmatiques de phénytoïne peuvent augmenter, avec signes de surdosage, mais aussi diminuer ou rester stables.",Surveillance clinique et contrôle des concentrations plasmatiques de phénytoïne.
"PHÉNYTOÏNE (ET, PAR EXTRAPOLATION, FOSPHÉNYTOÏNE)",DISULFIRAME,AD,Augmentation importante et rapide des concentrations plasmatiques de phénytoïne avec signes toxiques (inhibition de son métabolisme).,"Si elle ne peut être évitée, contrôle clinique et des concentrations plasmatiques de phénytoïne pendant le traitement par le disulfirame et après son arrêt."
"PHÉNYTOÏNE (ET, PAR EXTRAPOLATION, FOSPHÉNYTOÏNE)",FELBAMATE,PE,"Augmentation des concentrations plasmatiques de phénytoïne avec risque de surdosage, par inhibition de son métabolisme par le felbamate.","Surveillance clinique, contrôle des concentrations plasmatiques de phénytoïne et si besoin, adaptation de sa posologie pendant le traitement par le felbamate."
"PHÉNYTOÏNE (ET, PAR EXTRAPOLATION, FOSPHÉNYTOÏNE)",FLUCONAZOLE,PE,Augmentation des concentrations plasmatiques de phénytoïne pouvant atteindre des valeurs toxiques. Mécanisme invoqué : inhibition du métabolisme hépatique de la phénytoïne.,Surveillance clinique et biologique étroite.
"PHÉNYTOÏNE (ET, PAR EXTRAPOLATION, FOSPHÉNYTOÏNE)",FLUOXETINE,PE,"Augmentation des concentrations plasmatiques de phénytoïne avec signes de surdosage, par inhibition du métabolisme de la phénytoïne.","Surveillance clinique et éventuellement contrôle des concentrations plasmatiques de phénytoïne. Si besoin, adaptation posologique pendant le traitement par la fluoxétine et après son arrêt."
"PHÉNYTOÏNE (ET, PAR EXTRAPOLATION, FOSPHÉNYTOÏNE)",FLUVOXAMINE,PE,"Augmentation des concentrations plasmatiques de phénytoïne avec signes de surdosage, par inhibition du métabolisme hépatique de la phénytoïne.","Surveillance clinique et éventuellement contröle des concentrations plamatiques de phénytoïne. Si besoin, adaptation posologique de la phénytoïne pendant le traitement par la fluvoxamine et après son arrët."
"PHÉNYTOÏNE (ET, PAR EXTRAPOLATION, FOSPHÉNYTOÏNE)",FOLATES,PE,Diminution des concentrations plasmatiques de phénytoïne par augmentation de son métabolisme dont les folates représentent un des cofacteurs.,Surveillance clinique et contrôle des concentrations plasmatiques de phénytoïne. Adaptation éventuelle de la posologie de la phénytoïne pendant la supplémentation folique et après son arrêt.
"PHÉNYTOÏNE (ET, PAR EXTRAPOLATION, FOSPHÉNYTOÏNE)",FUROSEMIDE,PE,Diminution de l'effet diurétique pouvant atteindre 50 %.,Utiliser éventuellement des doses plus élevées de furosémide.
"PHÉNYTOÏNE (ET, PAR EXTRAPOLATION, FOSPHÉNYTOÏNE)",ISONIAZIDE,PE,Surdosage en phénytoïne (diminution de son métabolisme).,"Surveillance clinique étroite, dosage des concentrations plasmatiques de phénytoïne et adaptation éventuelle de sa posologie pendant le traitement par l'isoniazide et après son arrêt."
"PHÉNYTOÏNE (ET, PAR EXTRAPOLATION, FOSPHÉNYTOÏNE)",METYRAPONE,PE,"Risque de faux négatif du test à la métyrapone, dû à une diminution de ses concentrations plasmatiques, par augmentation de son métabolisme hépatique par la phénytoïne.",Doubler la posologie de métyrapone.
"PHÉNYTOÏNE (ET, PAR EXTRAPOLATION, FOSPHÉNYTOÏNE)",MEXILETINE,PE,"Diminution de l'activité antiarythmique, des concentrations plasmatiques et de la demi-vie de la méxilétine (augmentation de son métabolisme hépatique).","Surveillance clinique, ECG et éventuellement des concentrations plasmatiques de la mexilétine ; s'il y a lieu, adaptation de la posologie de la mexilétine pendant le traitement par la phénytoïne et après son arrêt."
"PHÉNYTOÏNE (ET, PAR EXTRAPOLATION, FOSPHÉNYTOÏNE)",MICONAZOLE,PE,"Augmentation des concentrations plasmatiques de phénytoïne pouvant atteindre des valeurs toxiques, par inhibition du métabolisme hépatique de la phénytoïne.","Surveillance clinique étroite, dosage des concentrations plasmatiques de phénytoïne et adaptation éventuelle de sa posologie pendant le traitement par le miconazole et après son arrêt."
"PHÉNYTOÏNE (ET, PAR EXTRAPOLATION, FOSPHÉNYTOÏNE)",NINTÉDANIB,PE,Diminution des concentrations plasmatiques du nintédanib par diminution de son absorption par la phénytoïne ou la fosphénytoïne.,Surveillance clinique pendant l'association.
"PHÉNYTOÏNE (ET, PAR EXTRAPOLATION, FOSPHÉNYTOÏNE)","PHÉNOBARBITAL (ET, PAR EXTRAPOLATION, PRIMIDONE)",APEC,"En cas de traitement antérieur par le phénobarbital ou la primidone, et adjonction de phénytoïne, augmentation des concentrations plasmatiques de phénobarbital pouvant entraîner des signes toxiques (inhibition du métabolisme par compétition). En cas de traitement antérieur par la phénytoïne et adjonction de phénobarbital ou de primidone, variations imprévisibles : - les concentrations plasmatiques de phénytoïne sont le plus souvent diminuées (augmentation du métabolisme) sans que cette diminution affecte défavorablement l'activité anticonvulsivante. A l'arrêt du phénobarbital ou de la primidone, possibilité d'effets toxiques de la phénytoïne - il peut arriver que les concentrations de phénytoïne soient augmentées (inhibition du métabolisme par compétition).",
"PHÉNYTOÏNE (ET, PAR EXTRAPOLATION, FOSPHÉNYTOÏNE)",SUCRALFATE,PE,Diminution de l'absorption digestive de la phénytoïne.,"Prendre le sucralfate à distance de la phénytoïne (plus de 2 heures, si possible)."
"PHÉNYTOÏNE (ET, PAR EXTRAPOLATION, FOSPHÉNYTOÏNE)",SULFAFURAZOL,AD,Augmentation des concentrations plasmatiques de phénytoïne jusqu'à des valeurs toxiques (inhibition de son métabolisme).,"Utiliser de préférence une autre classe d'anti-infectieux, sinon surveillance clinique étroite, dosage des concentrations de phénytoïne et adaptation éventuelle de sa posologie pendant le traitement par le sulfamide anti-infectieux et après son arrêt."
"PHÉNYTOÏNE (ET, PAR EXTRAPOLATION, FOSPHÉNYTOÏNE)",SULFAMETHIZOL,AD,Augmentation des concentrations plasmatiques de phénytoïne jusqu'à des valeurs toxiques (inhibition de son métabolisme).,"Utiliser de préférence une autre classe d'anti-infectieux, sinon surveillance clinique étroite, dosage des concentrations de phénytoïne et adaptation éventuelle de sa posologie pendant le traitement par le sulfamide anti-infectieux et après son arrêt."
"PHÉNYTOÏNE (ET, PAR EXTRAPOLATION, FOSPHÉNYTOÏNE)",SULFAMETHOXAZOLE,AD,Augmentation des concentrations plasmatiques de phénytoïne jusqu'à des valeurs toxiques (inhibition de son métabolisme).,"Utiliser de préférence une autre classe d'anti-infectieux, sinon surveillance clinique étroite, dosage des concentrations de phénytoïne et adaptation éventuelle de sa posologie pendant le traitement par le sulfamide anti-infectieux et après son arrêt."
"PHÉNYTOÏNE (ET, PAR EXTRAPOLATION, FOSPHÉNYTOÏNE)",TICLOPIDINE,PE,Augmentation des concentrations plasmatiques de phénytoïne avec signes de surdosage (inhibition du métabolisme de la,Surveillance clinique et contrôle des concentrations plasmatiques de phénytoïne.
"PHÉNYTOÏNE (ET, PAR EXTRAPOLATION, FOSPHÉNYTOÏNE)","VALPROÏQUE (ACIDE) ET, PAR EXTRAPOLATION, VALPROMIDE",PE,"Augmentation de l'hyperammoniémie, avec risque accru d'encéphalopathie.",Surveillance clinique et biologique régulière.
PILOCARPINE,ANTICHOLINESTÉRASIQUES,APEC,"Risque d'addition des effets indésirables cholinergiques, notamment digestifs.",
PIMOZIDE,APALUTAMIDE,AD,"Risque de diminution très importante des concentrations du pimozide, et perte d'efficacité, par augmentation de son métabolisme hépatique par l'apalutamide.",
PIMOZIDE,APREPITANT,CI,"Risque majoré de troubles du rythme ventriculaire, notamment de torsades de pointes.",
PIMOZIDE,DALFOPRISTINE,AD,"Risque majoré de troubles du rythme ventriculaire, notamment de torsades de pointes.",
PIMOZIDE,DILTIAZEM,CI,"Risque majoré de troubles du rythme ventriculaire, notamment de torsades de pointes.",
PIMOZIDE,EFAVIRENZ,CI,"Risque majoré de troubles du rythme ventriculaire, notamment de torsades de pointes.",
PIMOZIDE,FLUCONAZOLE,CI,"Risque majoré de troubles du rythme ventriculaire, notamment de torsades de pointes.",
PIMOZIDE,FLUOXETINE,CI,"Risque majoré de troubles du rythme ventriculaire, notamment de torsades de pointes.",
PIMOZIDE,INHIBITEURS PUISSANTS DU CYP3A4,CI,"Risque majoré de troubles du rythme ventriculaire, notamment de torsades de pointes.",
PIMOZIDE,JOSAMYCINE,CI,"Risque majoré de troubles du rythme ventriculaire, notamment de torsades de pointes.",
PIMOZIDE,LÉTERMOVIR,CI,"Risque majoré de troubles du rythme ventriculaire, notamment de torsades de pointes.",
PIMOZIDE,OMBITASVIR + PARITAPRÉVIR,CI,Augmentation des concentrations plasmatiques du pimozide par diminution de son métabolisme hépatique par la bithérapie.,
PIMOZIDE,PAROXETINE,CI,"Risque majoré de troubles du rythme ventriculaire, notamment de torsades de pointes.",
PIMOZIDE,QUINUPRISTINE,AD,"Risque majoré de troubles du rythme ventriculaire, notamment de torsades de pointes.",
PIMOZIDE,SERTRALINE,CI,"Risque majoré de troubles du rythme ventriculaire, notamment de torsades de pointes.",
PIMOZIDE,STIRIPENTOL,CI,"Risque majoré de troubles du rythme ventriculaire, notamment de torsades de pointes.",
PIMOZIDE,TRICLABENDAZOLE,CI,"Risque majoré de troubles du rythme ventriculaire, notamment de torsades de pointes (inhibition du métabolisme hépatique du médicament torsadogène).","Respecter un délai de 24 heures entre l'arrêt du triclabendazole et la prise du médicament torsadogène, et inversement."
PIMOZIDE,VERAPAMIL,CI,"Risque majoré de troubles du rythme ventriculaires, notamment, de torsades de pointes.",
PIPÉRACILLINE/TAZOBACTAM,VANCOMYCINE,AD,Majoration de la néphrotoxicité par comparaison à la vancomycine seule.,
PIRFENIDONE,FLUVOXAMINE,CI,Augmentation des concentrations plasmatiques de pirfenidone avec signes de surdosage.,
PITAVASTATINE,CICLOSPORINE,CI,"Risque majoré d'effets indésirables (concentration-dépendants) à type de rhabdomyolyse, ou de néphrotoxicité, par diminution du métabolisme de la pitavastatine.",
POLYMYXINE B,AMINOSIDES,AD,Addition des effets néphrotoxiques.,"Si l'association ne peut être évitée, surveillance stricte avec une justification bactériologique indiscutable."
POLYMYXINE B,CURARES,PE,"Potentialisation des curares lorque l'antibiotique est administré par voie parentérale et/ou péritonéale avant, pendant ou après l'agent curarisant.",Surveiller le degré de curarisation en fin d'anesthésie.
POLYSTYRÈNE SULFONATE DE CALCIUM,SORBITOL,CI,"Par voie orale ou rectale du sorbitol ou de la résine, et pour une dose de sorbitol par prise >= 2,5 g chez l'enfant et 5 g chez l'adulte : Risque de nécrose colique, éventuellement fatale.",
POLYSTYRÈNE SULFONATE DE CALCIUM,"TOPIQUES GASTRO-INTESTINAUX, ANTIACIDES ET ADSORBANTS",PE,Risque d'alcalose métabolique chez l'insuffisant rénal,"Comme avec tout médicament oral pris avec l'un ou l'autre de ces médicaments, respecter un intervalle entre les prises (plus de 2 heures, si possible)."
POLYSTYRÈNE SULFONATE DE SODIUM,SORBITOL,CI,"Par voie orale ou rectale du sorbitol ou de la résine, et pour une dose de sorbitol par prise >= 2,5 g chez l'enfant et 5 g chez l'adulte : Risque de nécrose colique, éventuellement fatale.",
POLYSTYRÈNE SULFONATE DE SODIUM,"TOPIQUES GASTRO-INTESTINAUX, ANTIACIDES ET ADSORBANTS",PE,Risque d'alcalose métabolique chez l'insuffisant rénal.,"Comme avec tout médicament oral pris avec l'un ou l'autre de ces médicaments, respecter un intervalle entre les prises (plus de 2 heures, si possible)."
PONATINIB,ATORVASTATINE,PE,Risque d'augmentation des concentrations plasmatiques de l'atrovastatine par augmentation de son absorption intestinale par le ponatinib.,Surveillance clinique et biologique étroite pendant l'association.
PONATINIB,COLCHICINE,PE,Risque d'augmentation des concentrations plasmatiques de la colchicine par augmentation de son absorption intestinale par le ponatinib.,Surveillance clinique et biologique étroite pendant l'association.
PONATINIB,DABIGATRAN,PE,Risque d'augmentation des concentrations plasmatiques du dabigatran par augmentation de son absorption intestinale par le ponatinib.,Surveillance clinique et biologique étroite pendant l'association.
PONATINIB,DIGOXINE,PE,Risque d'augmentation des concentrations plasmatiques de la digoxine par augmentation de son absorption intestinale par le ponatinib.,Surveillance clinique et biologique étroite pendant l'association.
PONATINIB,METHOTREXATE,PE,Risque d'augmentation des concentrations plasmatiques du méthotrexate par augmentation de son absorption intestinale par le ponatinib.,Surveillance clinique et biologique étroite pendant l'association.
PONATINIB,PRAVASTATINE,PE,Risque d'augmentation des concentrations plasmatiques de la pravastatine par augmentation de son absorption intestinale par le ponatinib.,Surveillance clinique et biologique étroite pendant l'association.
PONATINIB,ROSUVASTATINE,PE,Risque d'augmentation des concentrations plasmatiques de la rosuvastatine par augmentation de son absorption intestinale par le ponatinib.,Surveillance clinique et biologique étroite pendant l'association.
PONATINIB,SIMVASTATINE,PE,Risque d'augmentation des concentrations plasmatiques de la simvastatine par augmentation de son absorption intestinale par le ponatinib.,Surveillance clinique et biologique étroite pendant l'association.
PONATINIB,SULFASALAZINE,PE,Risque d'augmentation des concentrations plasmatiques de la sulfasalazine par augmentation de son absorption intestinale par le ponatinib.,Surveillance clinique et biologique étroite pendant l'association.
PONÉSIMOD,BRADYCARDISANTS,AD,Potentialisation des effets bradycardisants pouvant avoir des conséquences fatales. Les bêta-bloquants sont d'autant plus à risque qu'ils empêchent les mécanismes de compensation adrénergique.,"Surveillance clinique et ECG continu pendant les 4 heures suivant la première dose, jusqu'au lendemain si nécessaire."
POSACONAZOLE,ANTISÉCRÉTOIRES ANTIHISTAMINIQUES H2,AD,"Diminution de l'absorption de l'azolé antifongique, par augmentation du pH intragastrique par l'antisécrétoire.",Association déconseillée: - uniquement avec la forme suspension buvable de posaconazole.
POSACONAZOLE,ANTISÉCRÉTOIRES INHIBITEURS DE LA POMPE À PROTONS,AD,"Diminution de l'absorption de l'azolé antifongique, par augmentation du pH intragastrique par l'antisécrétoire.",Association déconseillée: - uniquement avec la forme suspension buvable de posaconazole.
POSACONAZOLE,ATAZANAVIR,APEC,Augmentation des concentrations plasmatiques de l'atazanavir et du risque d'hyperbilirubinémie.,
POSACONAZOLE,ATORVASTATINE,CI,Risque majoré d'effets indésirables (concentration-dépendants) à type de rhabdomyolyse (diminution du métabolisme hépatique de l'inhibiteur de l'HMG-CoA reductase).,
POSACONAZOLE,DIGOXINE,PE,"Augmentation de la digoxinémie avec nausées, vomissements, troubles du rythme.","Surveillance clinique et, s'il y a lieu, de l'ECG et de la digoxinémie, avec adaptation de la posologie de la digoxine pendant le traitement par le posaconazole et après son arrêt."
POSACONAZOLE,IMMUNOSUPPRESSEURS,AD,Augmentation très importante des concentrations sanguines de l'immunosuppresseur par inhibition de son métabolisme hépatique.,"En cas d'association, contrôle strict de la fonction rénale, dosage des concentrations sanguines de l'immunosuppresseur et adaptation éventuelle de la posologie."
POSACONAZOLE,INDUCTEURS ENZYMATIQUES PUISSANTS,PE,Diminution des concentrations plasmatiques et de l'efficacité du posaconazole.,"Surveillance clinique. Si possible, dosages plasmatiques du posaconazole et adaptation éventuelle de sa posologie."
POSACONAZOLE,RIFABUTINE,AD,"Risque d'accroissement des effets indésirables de la rifabutine (uvéites), par augmentation de ses concentrations et de celles de son métabolite actif.","Surveillance clinique et biologique régulière, notamment en début d'association."
POSACONAZOLE,RIFAMPICINE,AD,Diminution des concentrations plasmatiques et de l'efficacité des deux anti-infectieux (induction enzymatique par la rifampicine et diminution de l'absorption intestinale par l'azolé antifongique).,
POTASSIUM,ANTAGONISTES DES RÉCEPTEURS DE L'ANGIOTENSINE II,AD,"Pour une quantité de potassium > à 1 mmol/prise, hyperkaliémie potentiellement létale, notamment chez l'insuffisant rénale (addition des effets hyperkaliémiants).",Sauf en cas d'hypokaliémie.
POTASSIUM,CICLOSPORINE,AD,"Pour une quantité de potassium > à 1 mmol/prise, hyperkaliémie potentiellement létale, notamment chez l'insuffisant rénale ( addition des effets hyperkaliémiants).",Sauf en cas d'hypokaliémie.
POTASSIUM,DIURÉTIQUES ÉPARGNEURS DE POTASSIUM (SEULS OU ASSOCIÉS),AD,"Pour une quantité de potassium > à 1 mmol/prise, hyperkaliémie potentiellement létale, notamment chez l'insuffisant rénal (addition des effets hyperkaliémiants).",Sauf en cas d'hypokaliémie.
POTASSIUM,INHIBITEURS DE L'ENZYME DE CONVERSION,AD,"Pour une quantité de potassium > à 1 mmol/prise, hyperkaliémie potentiellement létale, notamment chez l'insuffisant rénale ( addition des effets hyperkaliémiants).",Sauf s'il existe une hypokaliémie.
POTASSIUM,TACROLIMUS,AD,"Pour une quantité de potassium > à 1 mmol/prise, hyperkaliémie potentiellement létale, notamment chez l'insuffisant rénale (addition des effets hyperkaliémiants).",Sauf en cas d'hypokaliémie.
POVIDONE IODÉE,ANTISEPTIQUES MERCURIELS,AD,"Erythèmes, phlyctènes, voire nécrose cutanéo-muqueuse (formation d'un complexe caustique en cas d'utilisation concomitante d'antiseptiques iodés et mercuriels). L'interaction dépend de la stabilité de l'organo-mercuriel au niveau cutané et de la sensibilité individuelle.",
PRAVASTATINE,CICLOSPORINE,PE,"Augmentation des concentrations de pravastatine, avec risque musculaire non exclu.",Surveillance clinique et biologique pendant l'association. Débuter le traitement à la dose minimale de pravastatine.
PRAVASTATINE,CLARITHROMYCINE,PE,Augmentation de la concentration plasmatique de la pravastatine par la clarithromycine.,Surveillance clinique et biologique pendant le traitement par l'antibiotique.
PRAVASTATINE,ERYTHROMYCINE,PE,Avec l'érythromycine utilisée par voie orale : augmentation de la concentration plasmatique de la pravastatine par l' érythromycine.,Surveillance clinique et biologique pendant le traitement par l'antibiotique.
PRAVASTATINE,PONATINIB,PE,Risque d'augmentation des concentrations plasmatiques de la pravastatine par augmentation de son absorption intestinale par le ponatinib.,Surveillance clinique et biologique étroite pendant l'association.
PRAZIQUANTEL,DEXAMETHASONE,PE,"Diminution des concentrations plasmatiques du praziquantel, avec risque d'échec du traitement, par augmentation du métabolisme hépatique du praziquantel par la dexaméthasone.",Décaler l'administration des deux médicaments d'au moins une semaine.
PRAZIQUANTEL,INDUCTEURS ENZYMATIQUES PUISSANTS,AD,"Diminution très importante des concentrations plasmatiques du praziquantel, avec risque d'échec du traitement, par augmentation de son métabolisme hépatique par l'inducteur.",
PRAZIQUANTEL,RIFAMPICINE,CI,"Diminution très importante des concentrations plasmatiques du praziquantel, avec risque d'échec du traitement, par augmentation du métabolisme hépatique du praziquantel par la rifampicine.",
PREDNISOLONE,CICLOSPORINE,APEC,"Augmentation des effets de la prednisolone : aspect cushingoïde, réduction de la tolérance aux glucides (diminution de la clairance de la prednisolone).",
PRÉSERVATIFS EN LATEX,HUILES MINÉRALES,CI,"Risque de rupture du préservatif lors de l'utilisation avec des corps gras ou des lubrifiants contenant des huiles minérales (huile de paraffine, huile de silicone, etc...).","Utiliser un lubrifiant hydrosoluble (glycérine, polyacrylamide...)."
PRIMIDONE,AFATINIB,PE,Diminution des concentrations plasmatiques de l'afatinib par augmentation de son métabolisme par la primidone.,Surveillance clinique pendant l'association et 1 à 2 semaines après leur arrêt.
PRISTINAMYCINE,ANTIVITAMINES K,PE,Augmentation de l'effet de l'antivitamine K et du risque hémorragique.,Contrôle plus fréquent de l'INR. Adaptation éventuelle de la posologie de l'antivitamine K pendant le traitement par la pristinamycine et après son arrêt.
PRISTINAMYCINE,COLCHICINE,CI,Augmentation des effets indésirables de la colchicine aux conséquences potentiellement fatales.,
PRISTINAMYCINE,IMMUNOSUPPRESSEURS,PE,Augmentation des concentrations sanguines de l'immunosuppresseur par inhibition de son métabolisme hépatique.,"Dosage des concentrations sanguines de l'immunosuppresseur, contrôle de la fonction rénale et adaptation de sa posologie pendant l'association et après son arrêt."
PROBENECIDE,ACIDE ACETYLSALICYLIQUE,AD,Diminution de l'effet uricosurique par compétition de l'élimination de l'acide urique au niveau des tubules rénaux.,
PROBENECIDE,DIPROPHYLLINE,PE,Risque de surdosage par augmentation des concentrations plasmatiques de diprophylline (inhibition de sa sécrétion tubulaire rénale).,Réduire la posologie de diprophylline pendant le traitement par le probénécide.
PROBENECIDE,METHOTREXATE,CI,Augmentation de la toxicité du méthotrexate : inhibition de la sécrétion tubulaire rénale du méthotrexate par le probénécide.,
PROCARBAZINE,INDUCTEURS ENZYMATIQUES PUISSANTS,APEC,"Augmentation des réactions d'hypersensibilité (hyperéosinophilie, rash), par augmentation du métabolisme de la procarbazine par l'inducteur.",
PRODUITS DE CONTRASTE IODÉS,ALDESLEUKINE,APEC,"Majoration du risque de réaction aux produits de contraste en cas de traitement antérieur par interleukine 2 : éruption cutanée ou plus rarement hypotension, oligurie voire insuffisance rénale.",
PRODUITS DE CONTRASTE IODÉS,DIURÉTIQUES,PE,"En cas de déshydratation provoquée par les diurétiques, risque majoré d'insuffisance rénale fonctionnelle aiguë, en particulier lors d'utilisation de doses importantes de produits de contraste iodés.",Réhydratation avant administration du produit iodé.
PRODUITS DE CONTRASTE IODÉS,METFORMINE,CI,"Risque important d'acidose lactique par hémoconcentration de la metformine, dans le cas d'un arrêt cardio-respiratoire induit par l'examen radiologique, avec insuffisance rénale aiguë. Risque important d'acidose lactique par hémoconcentration de la metformine, dans le cas d'un arrêt cardio-respiratoire induit par l'examen radiologique, avec insuffisance rénale aiguë. Risque important d'acidose lactique par hémoconcentration de la metformine, dans le cas d'un arrêt cardio-respiratoire induit par l'examen radiologique, avec insuffisance rénale aiguë.",Le traitement par la metformine doit être suspendu au moment de l'examen radiologique pour n'être repris que 2 jours après. CONTRE-INDICATION Le traitement par la metformine doit être suspendu au moment de l'examen radiologique pour n'être repris que 2 jours après. CONTRE-INDICATION Le traitement par la metformine doit être suspendu au moment de l'examen radiologique pour n'être repris que 2 jours après.
PROGESTATIFS CONTRACEPTIFS,APREPITANT,PE,"(Sauf stérilet), diminution des concentrations du progestatif, avec risque de moindre efficacité contraceptive.","Utiliser de préférence une autre méthode contraceptive, en particulier de type mécanique, pendant la durée de l'association et un cycle suivant."
PROGESTATIFS CONTRACEPTIFS,BOSENTAN,PE,Risque de diminution de l'efficacité du contraceptif hormonal par augmentation de son métabolisme hépatique.,"Utiliser une méthode contraceptive fiable, additionnelle ou alternative, pendant la durée de l'association et un cycle suivant."
PROGESTATIFS CONTRACEPTIFS,GRISEOFULVINE,PE,Risque de diminution de l'efficacité du contraceptif hormonal par augmentation de son métabolisme hépatique.,"Utiliser une méthode contraceptive fiable, additionnelle ou alternative, pendant la durée de l'association et un cycle suivant."
PROGESTATIFS CONTRACEPTIFS,INDUCTEURS ENZYMATIQUES,AD,"Diminution de l'efficacité contraceptive du contraceptif hormonal, par augmentation de son métabolisme hépatique par l'inducteur.","Utiliser de préférence une autre méthode contraceptive, en particulier de type mécanique, pendant la durée de l'association et un cycle suivant."
PROGESTATIFS CONTRACEPTIFS,INHIBITEURS DE PROTÉASES BOOSTÉS PAR RITONAVIR,AD,"Risque de diminution de l'efficacité contraceptive par diminution des concentrations en contraceptif hormonal, dûe à l'augmentation de son métabolisme hépatique par le ritonavir.","Utiliser de préférence une autre méthode contraceptive, en particulier de type mécanique (préservatif ou stérilet), pendant la durée de l'association et un cycle suivant."
PROGESTATIFS CONTRACEPTIFS,MILLEPERTUIS,CI,"Diminution des concentrations plasmatiques du contraceptif hormonal, en raison de l'effet inducteur enzymatique du millepertuis, avec risque de baisse d'efficacité voire d'annulation de l'effet dont les conséquences peuvent être éventuellement graves (survenue d'une grossesse).",
PROGESTATIFS CONTRACEPTIFS,PÉRAMPANEL,AD,Pour des doses de pérampanel >= 12 mg/jour : Risque de diminution de l'efficacité contraceptive.,"Utiliser de préférence une autre méthode contraceptive, en particulier de type mécanique."
PROGESTATIFS CONTRACEPTIFS,ULIPRISTAL,AD,"Dans l'indication contraception d'urgence : Antagonisme des effets de l'ulipristal en cas de reprise d'un contraceptif hormonal moins de 5 jours après la prise de la contraception d'urgence. Dans l'indication fibrome : Antagonisme réciproque des effets de l'ulipristal et du progestatif, avec risque d'inefficacité.","- Dans l'indication contraception d'urgence: Dans le cas où la (re)prise d'une contraception hormonale est envisagée, utiliser une contraception additionnelle de type mécanique pendant les 12 jours qui suivent la (dernière) prise de l'ulipristal (au cas où il y en aurait eu plus d'une). - Dans l'indication fibrome : Dans le cas où la (re)prise d'une contraception hormonale est envisagée, utiliser une contraception de type mécanique pendant les 7 premiers jours de la contraception hormonale."
"PROGESTATIFS NON CONTRACEPTIFS, ASSOCIÉS OU NON À UN ESTROGÈNE",BOSENTAN,PE,Risque de diminution de l'efficacité du progestatif.,Surveillance clinique et adaptation éventuelle de la posologie du traitement hormonal pendant l'administration du bosentan et après son arrêt.
"PROGESTATIFS NON CONTRACEPTIFS, ASSOCIÉS OU NON À UN ESTROGÈNE",INDUCTEURS ENZYMATIQUES,PE,Diminution de l'efficacité du progestatif.,Surveillance clinique et adaptation éventuelle de la posologie du traitement hormonal pendant l'administration de l'inducteur et après son arrêt.
"PROGESTATIFS NON CONTRACEPTIFS, ASSOCIÉS OU NON À UN ESTROGÈNE",ULIPRISTAL,APEC,"Dans l'indication fibrome : Antagonisme réciproque des effets de l'ulipristal et du progestatif, avec risque d'inefficacité.",
PROGUANIL,ANTIVITAMINES K,PE,Risque d'augmentation de l'effet de l'antivitamine K et du risque hémorragique.,Contrôle plus fréquent de l'INR. Adaptation éventuelle de la posologie de l'antivitamine K pendant le traitement par le proguanil et après son arrêt.
PROGUANIL,HORMONES THYROÏDIENNES,PE,Risque d'hypothyroïdie clinique chez les patients substitués par hormones thyroïdiennes.,"Surveillance clinique et biologique. Adaptation, si besoin, de la posologie des hormones thyroïdiennes pendant le traitement par l'antipaludique et après son arrêt."
PROPAFENONE,ABIRATERONE,PE,"Risque d'augmentation des effets indésirables de la propafénone, par diminution de son métabolisme hépatique par l'abiratérone.","Surveillance clinique. Si besoin, adaptation de la posologie de la propafénone pendant le traitement par l'abiratérone."
PROPAFENONE,BÊTA-BLOQUANTS (SAUF ESMOLOL) (Y COMPRIS COLLYRES),PE,"Troubles de la contractilité, de l'automatisme et de la conduction (suppression des mécanismes sympathiques compensateurs).",Surveillance clinique et ECG.
PROPAFENONE,BUPROPION,PE,Risque d'augmentation des effets indésirables de la propafénone par diminution de son métabolisme hépatique par le bupropion.,"Surveillance clinique. Si besoin, adaptation de la posologie de la propafénone pendant le traitement par le bupropion."
PROPAFENONE,CINACALCET,PE,"Augmentation des concentrations plasmatiques de propafénone avec risque de surdosage, par diminution de son métabolisme hépatique par le cinacalcet.",Surveillance clinique et réduction de la posologie de la propafénone pendant le traitement par cinacalcet.
PROPAFENONE,DARIFENACINE,PE,"Augmentation des concentrations plasmatiques de propafénone, avec risque de surdosage, par diminution de son métabolisme hépatique par la darifénacine.",Surveillance clinique et réduction de la posologie de la propafénone pendant le traitement par darifénacine.
PROPAFENONE,DIGOXINE,PE,"Risque d'augmentation de la digoxinémie, notamment chez le sujet âgé.",Surveillance clinique et éventuellement de la digoxinémie pendant le traitement par propafénone et après son arrêt.
PROPAFENONE,DULOXETINE,PE,"Augmentation des concentrations plasmatiques de propafénone avec risque de surdosage, par diminution de son métabolisme hépatique par la duloxétine.",Surveillance clinique et réduction de la posologie de la propafénone pendant le traitement par la duloxétine et après son arrêt.
PROPAFENONE,ESMOLOL,PE,"Troubles de la contractilité, de l'automatisme et de la conduction (suppression des mécanismes sympathiques compensateurs).",Surveillance clinique et ECG.
PROPAFENONE,INDUCTEURS ENZYMATIQUES PUISSANTS,PE,Diminution des concentrations plasmatiques de la propafénone par augmentation de son métabolisme hépatique par l'inducteur.,"Surveillance clinique et ECG. S'il y a lieu, adaptation de la posologie de la propafénone pendant l'association et après l'arrêt de l'inducteur."
PROPAFENONE,MILLEPERTUIS,PE,Diminution des concentrations plasmatiques de la propafénone par augmentation de son métabolisme hépatique par le millepertuis.,"Surveillance clinique et ECG. S'il y a lieu, adaptation de la posologie de la propafénone pendant l'association et après l'arrêt du millepertuis."
PROPAFENONE,MIRABÉGRON,PE,Augmentation des concentrations plasmatiques de la propafénone par diminution de son métabolisme par le mirabégron.,Surveillance clinique et réduction éventuelle de la posologie de la propafénone pendant l'association.
PROPAFENONE,RIFAMPICINE,PE,"Diminution des concentrations plasmatiques de la propafénone, par augmentation de son métabolisme hépatique par la rifampicine.","Surveillance clinique et ECG. S'il y a lieu, adaptation de la posologie de la propafénone pendant l'association et après l'arrêt de la rifampicine."
PROPAFENONE,ROLAPITANT,PE,"Augmentation des concentrations plasmatiques de propafénone avec risque de surdosage, par diminution de son métabolisme hépatique par le rolapitant.",Surveillance clinique et réduction de la posologie de la propafénone pendant le traitement par le rolapitant et après son arrêt.
PROPAFENONE,TERBINAFINE,PE,"Risque d'augmentation des effets indésirables de la propafénone, par diminution de son métabolisme hépatique par la terbinafine.","Surveillance clinique. Si besoin, adaptation de la posologie de la propafénone pendant le traitement par la terbinafine."
PROPAFENONE,THEOPHYLLINE,PE,Risque d'augmentation de la théophyllinémie par diminution de son métabolisme hépatique par la propafénone.,Surveillance clinique et éventuellement de la théophyllinémie.
PROPRANOLOL,ERGOTAMINE,PE,Ergotisme : quelques cas de spasme artériel avec ischémie des extrémités ont été observés (addition d'effets vasculaires).,"Surveillance clinique renforcée, en particulier pendant les premières semaines de l'association."
PROPRANOLOL,FLUVOXAMINE,PE,"Augmentation des concentrations plasmatiques de propranolol par inhibition de son métabolisme hépatique, avec majoration de l'activité et des effets indésirables, par exemple : bradycardie importante.","Surveillance clinique accrue et, si besoin, adaptation de la posologie du propranolol pendant le traitement par la fluvoxamine et après son arrêt."
PROPRANOLOL,"PHÉNOBARBITAL (ET, PAR EXTRAPOLATION, PRIMIDONE)",APEC,Diminution des concentrations plasmatiques du propranolol avec réduction de ses effets cliniques (augmentation de son métabolisme hépatique).,
PROPRANOLOL,RIFAMPICINE,APEC,Diminution des concentrations plasmatiques et de l'efficacité du bêta-bloquant (augmentation de son métabolisme hépatique).,
PYRAZINAMIDE,ISONIAZIDE,PE,Addition des effets hépatotoxiques.,Surveillance clinique et biologique.
PYRIMETHAMINE,TRIMETHOPRIME,PE,"Anémie mégaloblastique, plus particulièrement à fortes doses des deux produits (déficit en acide folique par l'association de deux 2-4 diaminopyrimidines).",Contrôle régulier de l'hémogramme et association d'un traitement par l'acide folique (injections IM régulières).
QUETIAPINE,INDUCTEURS ENZYMATIQUES PUISSANTS,AD,"Diminution très importante des concentrations plasmatiques de quétiapine par augmentation de son métabolisme hépatique par l'inducteur, avec risque d'inefficacité.",
QUETIAPINE,INHIBITEURS PUISSANTS DU CYP3A4,CI,"Augmentation importante des concentrations de quétiapine, avec risque de surdosage.",
QUETIAPINE,METHADONE,APEC,"Possible augmentation des concentrations de méthadone, avec signes de surdosage.",
QUETIAPINE,MILLEPERTUIS,AD,"Diminution très importante des concentrations plasmatiques de quétiapine par augmentation de son métabolisme hépatique par l'inducteur, avec risque d'inefficacité.",
QUETIAPINE,OMBITASVIR + PARITAPRÉVIR,CI,Augmentation des concentrations plasmatiques de la quétiapine par diminution de son métabolisme hépatique par la bithérapie.,
QUETIAPINE,RIFAMPICINE,AD,"Diminution très importante des concentrations plasmatiques de quétiapine par augmentation de son métabolisme hépatique par l'inducteur, avec risque d'inefficacité.",
QUINIDINE,ALCALINISANTS URINAIRES,PE,Augmentation des concentrations plasmatiques de la quinidine et risque de surdosage (diminution de l'excrétion rénale de la quinidine par alcalinisation des urines).,"Surveillance clinique, ECG et éventuellement contrôle de la quinidinémie ; si besoin, adaptation de la posologie pendant le traitement alcalinisant et après son arrêt."
QUINIDINE,COBICISTAT,CI,Risque de majoration des effets indésirables de la quinidine par diminution de son métabolisme par le cobicistat.,Surveillance clinique.
QUINIDINE,CODEINE,AD,Diminution de l'efficacité de l'opiacé par inhibition de son métabolisme par l'inhibiteur.,
QUINIDINE,DABIGATRAN,PE,"Augmentation des concentrations plasmatiques de dabigatran, avec majoration du risque de saignement.",Dans l'indication post-chirurgicale : surveillance clinique et adaptation de la posologie du dabigatran à 150 mg/j en une prise.
QUINIDINE,DIGOXINE,PE,"Augmentation de la digoxinémie par diminution de la clairance rénale de la digoxine. De plus, troubles de l'automatisme (bradycardie excessive et troubles de la conduction auriculo- ventriculaire).","Surveillance clinique et ECG. En cas de réponse inattendue, contrôler la digoxinémie et adapter la posologie."
QUINIDINE,DRONEDARONE,PE,"Risque de bradycardie ou de bloc auriculo-ventriculaire, notamment chez le sujet âgé. Par ailleurs, légère augmentation des concentrations de dronédarone par diminution de son métabolisme par la quinidine.","Débuter le traitement par la quinidine aux posologies minimales recommandées, et ajuster les doses en fonction de l'ECG."
QUINIDINE,INHIBITEURS DE PROTÉASES BOOSTÉS PAR RITONAVIR,CI,"Risque majoré de troubles du rythme ventriculaire, notamment de torsades de pointes.",
QUINIDINE,ITRACONAZOLE,PE,"Risque majoré de troubles du rythme ventriculaire, notamment de torsades de pointes, ainsi que d'acouphènes et/ou de diminution de l'acuité auditive (cinchonisme), par diminution du métabolisme hépatique de la quinidine.",Surveillance clinique.
QUINIDINE,OMBITASVIR + PARITAPRÉVIR,CI,Augmentation des concentrations plasmatiques de la quinidine par diminution de son métabolisme hépatique par la bithérapie.,
QUINIDINE,STIRIPENTOL,PE,"Risque majoré de troubles du rythme ventriculaire, notamment de torsades de pointes.",Surveillance clinique.
QUINIDINE,TALAZOPARIB,PE,Augmentation des concentrations de talazoparib avec risque de majoration de la toxicité.,Réduire la dose de talazoparib.
QUINIDINE,TAMOXIFENE,AD,"Risque de baisse de l'efficacité du tamoxifène, par inhibition de la formation de son métabolite actif par la quinidine.",
QUINIDINE,TETRABENAZINE,CI,Augmentation possiblement très importante de l'exposition des métabolites actifs de la tétrabénazine.,
QUINIDINE,TRAMADOL,AD,Diminution de l'efficacité de l'opiacé par inhibition de son métabolisme par l'inhibiteur.,
QUINIDINE,TRICLABENDAZOLE,PE,"Risque majoré de troubles du rythme ventriculaire, notamment de torsades de pointes (inhibition du métabolisme hépatique du médicament torsadogène).",Surveillance clinique.
QUINIDINE,VERAPAMIL,AD,"Risque de majoration importante des effets hémodynamiques du vérapamil, avec hypotension et bradycardie sévères.",
QUINIDINE,VORICONAZOLE,CI,"Risque majoré de troubles du rythme ventriculaire, notamment de torsades de pointes.",
QUININE,DIGOXINE,PE,Augmentation modérée de la digoxinémie.,"Surveillance clinique et ECG, si besoin, avec adaptation éventuelle des doses de digoxine."
QUININE,INDUCTEURS ENZYMATIQUES PUISSANTS,PE,Risque de perte de l'efficacité de la quinine par augmentation de son métabolisme hépatique par l'inducteur.,Surveillance clinique et adaptation de la posologie de la quinine pendant le traitement par l'inducteur et après son arrêt.
QUININE,MEFLOQUINE,AD,Pour la quinine administrée par voie IV : risque majoré de survenue de crises épileptiques par addition des effets proconvulsivants.,Respecter un délai minimum de 12 heures entre la fin de l'administration IV de quinine et le début de l'administration de méfloquine.
QUININE,RIFAMPICINE,AD,Risque de perte de l'efficacité de la quinine par augmentation de son métabolisme hépatique par l'inducteur.,
QUINUPRISTINE,DIHYDROERGOTAMINE,CI,Ergotisme avec possibilité de nécrose des extrémités (inhibition du métabolisme hépatique de l'alcaloïde de l'ergot de seigle).,
QUINUPRISTINE,ERGOTAMINE,CI,Ergotisme avec possibilité de nécrose des extrémités (inhibition du métabolisme hépatique de l'alcaloïde de l'ergot de seigle).,
QUINUPRISTINE,IMMUNOSUPPRESSEURS,PE,Augmentation des concentrations sanguines de l'immunosuppresseur par inhibition de son métabolisme hépatique.,"Dosage des concentrations sanguines de l'immunosuppresseur, contrôle de la fonction rénale et adaptation de la posologie pendant l'association et après son arrêt."
QUINUPRISTINE,PIMOZIDE,AD,"Risque majoré de troubles du rythme ventriculaire, notamment de torsades de pointes.",
RALTÉGRAVIR,RIFAMPICINE,AD,Diminution des concentrations du raltégravir par la rifampicine.,"Si l'association ne peut être évitée, un doublement de la dose de raltégravir peut être envisagé."
RANOLAZINE,ATORVASTATINE,PE,Risque majoré d'effets indésirables (concentration-dépendants) à type de rhabdomyolyse par inhibition du métabolisme de l'atorvastatine par la ranolazine.,Utiliser des doses plus faibles d'hypocholestérolémiant ou une autre statine non concernée par ce type d'interaction.
RANOLAZINE,DIGOXINE,PE,Augmentation de la digoxinémie.,"Surveillance clinique, biologique et éventuellement ECG. Adaptation de la posologie de la digoxine, si besoin."
RANOLAZINE,IMMUNOSUPPRESSEURS,PE,Augmentation des concentrations sanguines de l'immunosuppresseur par inhibition de son métabolisme par la ranolazine.,"Surveillance clinique et biologique, et adaptation éventuelle de la posologie de l'immunosuppresseur."
RANOLAZINE,INDUCTEURS ENZYMATIQUES PUISSANTS,AD,Risque de diminution importante des concentrations de ranolazine.,
RANOLAZINE,INHIBITEURS PUISSANTS DU CYP3A4,CI,Augmentation des concentrations de ranolazine par diminution de son métabolisme par l'inhibiteur.,
RANOLAZINE,RIFAMPICINE,AD,Diminution très importante des concentrations de ranolazine.,
RANOLAZINE,SIMVASTATINE,PE,Risque majoré d'effets indésirables (concentration-dépendants) à type de rhabdomyolyse par inhibition du métabolisme de la simvastatine par la ranolazine.,Ne pas dépasser la posologie de 20 mg/j de simvastatine ou utiliser une autre statine non concernée par ce type d'interaction.
RÉGORAFÉNIB,INDUCTEURS ENZYMATIQUES,AD,Diminution des concentrations plasmatiques de régorafenib par augmentation de son métabolisme par l'inducteur.,
RÉGORAFÉNIB,INHIBITEURS PUISSANTS DU CYP3A4,AD,Augmentation des concentrations plasmatiques de régorafenib par diminution de son métabolisme hépatique par l'inhibiteur.,
RÉGORAFÉNIB,MILLEPERTUIS,AD,Diminution des concentrations plasmatiques de régorafenib par augmentation de son métabolisme par le millepertuis,
RÉGORAFÉNIB,PAMPLEMOUSSE (JUS ET FRUIT),AD,Augmentation des concentrations plasmatiques de régorafenib par diminution de son métabolisme hépatique par le pamplemousse.,
REPAGLINIDE,ANALOGUES DE LA SOMATOSTATINE,PE,"Risque d'hypoglycémie ou d'hyperglycémie : diminution ou augmentation des besoins en repaglidine, par diminution ou augmentation de la sécrétion de glucagon endogène.",Renforcer l'autosurveillance glycémique et adapter si besoin la posologie de la repaglidine pendant le traitement par l'analogue de la somatostatine.
REPAGLINIDE,CICLOSPORINE,AD,Augmentation de plus du double des concentrations du répaglinide par augmentation de son absorption.,
REPAGLINIDE,CLARITHROMYCINE,PE,Risque d'hypoglycémie par augmentation des concentrations plasmatiques du répaglinide.,"Prévenir le patient, renforcer l'autosurveillance glycémique et adapter éventuellement la posologie de l'hypoglycémiant pendant le traitement par la clarithromycine."
REPAGLINIDE,CLOPIDOGREL,APEC,"Augmentation des concentrations du répaglinide par le clopidogrel, avec risque de majoration des effets indésirables.",
REPAGLINIDE,DEFERASIROX,AD,"Risque d'augmentation des concentrations plasmatique de répaglinide, par inhibition de son métabolisme hépatique par le deferasirox.","Si l'association ne peut être évitée, surveillance clinique et biologique étroite."
REPAGLINIDE,GEMFIBROZIL,CI,"Risque d'hypoglycémie sévère voire de coma, par augmentation importante des concentrations plasmatiques de repaglinide par le gemfibrozil.",
REPAGLINIDE,SELPERCATINIB,AD,"Augmentation importante des concentrations plasmatiques de répaglinide, avec risque d'hypoglycémie, par diminution du métabolisme du répaglinide par le selpercatinib.",
REPAGLINIDE,TRIMETHOPRIME,AD,Risque d'augmentation des concentrations plasmatiques de répaglinide par inhibition de son métabolisme hépatique par le triméthoprime.,"Si l'association ne peut être évitée, surveillance clinique et biologique étroite."
RESERPINE,IMAO IRRÉVERSIBLES,CI,"Agitation psychomotrice, convulsions, hypertension.",
RESERPINE,LEVODOPA,CI,Inhibition des effets de la lévodopa.,
RÉSINES CHÉLATRICES,MÉDICAMENTS ADMINISTRÉS PAR VOIE ORALE,PE,"La prise de résine chélatrice peut diminuer l'absorption intestinale et, potentiellement, l'efficacité d'autres médicaments pris simultanément.","D'une façon générale, la prise de la résine doit se faire à distance de celle des autres médicaments, en respectant un intervalle de plus de 2 heures, si possible."
RÉSINES CHÉLATRICES,HORMONES THYROÏDIENNES,PE,Diminution de l'absorption digestive des hormones thyroïdiennes.,"Prendre les hormones thyroïdiennes à distance de la résine (plus de 2 heures, si possible)."
RÉSINES CHÉLATRICES,ROXADUSTAT,PE,"La prise de résine chélatrice peut diminuer l'absorption intestinale et, potentiellement, l'efficacité du roxadustat pris simultanément.","Prendre le roxadustat à distance de la résine (plus de 1 heure, si possible)."
RÉTINOÏDES,AUTRES RÉTINOÏDES,CI,Risque de symptômes évocateurs d'une hypervitaminose A.,
RÉTINOÏDES,CYCLINES,CI,Risque d'hypertension intracrânienne.,
RÉTINOÏDES,VITAMINE A,CI,Risque de symptômes évocateurs d'une hypervitaminose A.,
RIBAVIRINE,ANTIPURINES,AD,"Risque majoré d'effets indésirables graves, par inhibition du métabolisme de l'immunomodulateur par la ribavirine.",
RIBAVIRINE,DIDANOSINE,AD,Risque de majoration de la toxicité mitochondriale de la didanosine par augmentation de son métabolite actif.,
RIBAVIRINE,STAVUDINE,PE,"Risque de diminution de l'efficacité de chaque antiviral, par antagonisme compétitif de la réaction de phosphorylation à l'origine des métabolites actifs.","Surveillance clinique et biologique régulière, notamment en début d'association."
RIBAVIRINE,ZIDOVUDINE,PE,"Risque de diminution de l'efficacité de chaque antiviral, par antagonisme compétitif de la réaction de phosphorylation à l'origine des métabolites actifs.","Surveillance clinique et biologique régulière, notamment en début d'association."
RIFABUTINE,ATOVAQUONE,APEC,Diminution modérée des concentrations plasmatiques d'atovaquone par l'inducteur enzymatique.,
RIFABUTINE,CLARITHROMYCINE,PE,"Risque d'augmentation des effets indésirables de la rifabutine (uvéites) par augmentation de ses concentrations et de celle de son métabolite actif par la clarithromycine. De plus, augmentation du métabolisme de la clarithromycine par la rifabutine, avec augmentation des concentrations de son métabolite actif.","Surveillance clinique et biologique régulière, notamment en début d'association."
RIFABUTINE,COBICISTAT,PE,"Augmentation très importante du métabolite de la rifabutine, avec risque de majoration de sa toxicité (uvéites, neutropénies). Par ailleurs, possible diminution des concentrations de cobicistat.","Réduction de la dose de rifabutine (150 mg 1 jour sur deux). Surveillance clinique et biologique régulière, notamment en début d'association."
RIFABUTINE,EFAVIRENZ,PE,"Diminution importante des concentrations de rifabutine, par augmentation de son métabolisme hépatique par l'éfavirenz. Egalement, possibilité de diminution importante des concentrations d'éfavirenz par la rifabutine.",Adaptation éventuelle de la posologie de la rifabutine ou de l'éfavirenz pendant la durée de l'association.
RIFABUTINE,ELVITÉGRAVIR,APEC,Diminution des concentrations minimales d'elvitégravir.,
RIFABUTINE,FLUCONAZOLE,PE,"Risque d'accroissement des effets indésirables de la rifabutine (uvéites), par augmentation de ses concentrations et de celles de son métabolite actif.","Surveillance clinique et biologique régulière, notamment en début d'association."
RIFABUTINE,HORMONES THYROÏDIENNES,PE,"Décrit pour la phénytoïne, la rifampicine, la carbamazépine. Risque d'hypothyroïdie clinique chez les patients hypothyroïdiens, par augmentation du métabolisme de la T3 et de la T4.","Surveillance clinique et biologique. Adaptation, si besoin, de la posologie des hormones thyroïdiennes pendant le traitement par la rifabutine et après son arrêt."
RIFABUTINE,INHIBITEURS DE PROTÉASES BOOSTÉS PAR RITONAVIR,PE,"Risque de baisse de l'efficacité de l'inhibiteur de protéases (ce d'autant que la posologie de la rifabutine est élevée) d'une part, et risque d'augmentation des effets indésirables (uvéites) de la rifabutine, d'autre part.","Réduction de la dose de rifabutine (150 mg 1 jour sur deux). Surveillance clinique et biologique régulière, notamment en début d'association."
RIFABUTINE,LÉDIPASVIR,CI,"Diminution des concentrations plasmatiques de lédipasvir par la rifabutine, avec possible retentissement sur l'efficacité.",
RIFABUTINE,POSACONAZOLE,AD,"Risque d'accroissement des effets indésirables de la rifabutine (uvéites), par augmentation de ses concentrations et de celles de son métabolite actif.","Surveillance clinique et biologique régulière, notamment en début d'association."
RIFABUTINE,VELPATASVIR,CI,"Diminution des concentrations plasmatiques de velpatasvir par la rifabutine, avec possible retentissement sur l'efficacité.",
RIFABUTINE,VORICONAZOLE,AD,"Diminution des concentrations plasmatiques du voriconazole avec risque de perte d'efficacité, par augmentation de son métabolisme hépatique par la rifabutine d'une part, et risque d'augmentation des effets indésirables (uvéites) de la rifabutine d'autre part.","Si l'association est jugée néccessaire, surveillance clinique et adaptation de la posologie du voriconazole (en général doublée) pendant le traitement par la rifabutine."
RIFAMPICINE,ABIRATERONE,AD,"Diminution notable des concentrations plasmatiques de l'abiratérone, avec risque de moindre efficacité.",
RIFAMPICINE,AFATINIB,PE,Diminution des concentrations plasmatiques de l'afatinib par augmentation de son métabolisme par la rifampicine.,Surveillance clinique pendant l'association et 1 à 2 semaines après leur arrêt.
RIFAMPICINE,ALBENDAZOLE,PE,"Diminution importante des concentrations plasmatiques de l'albendazole et de son métabolite actif par l'inducteur, avec risque de baisse de son efficacité.",Surveillance clinique de la réponse thérapeutique et adaptation éventuelle de la posologie de l'albendazole pendant le traitement avec l'inducteur enzymatique et après son arrêt.
RIFAMPICINE,ANTAGONISTES DES CANAUX CALCIQUES,PE,Diminution des concentrations plasmatiques de l'antagoniste du calcium par augmentation de son métabolisme hépatique.,ASDEC - PE Association déconseillée avec la nimodipine : Surveillance clinique et adaptation éventuelle de la posologie de l'antagoniste du calcium pendant le traitement par la rifampicine et après son arrêt.
RIFAMPICINE,ANTIARYTHMIQUES CLASSE IA,PE,Diminution des concentrations plasmatiques et de l'efficacité de l'antiarythmique (augmentation de son métabolisme hépatique).,"Surveillance clinique, ECG et éventuellement de la concentration plasmatique de l'antiarythmique. Si besoin, adaptation de la posologie de l'antiarythmique pendant le traitement par la rifampicine et après son arrêt (risque de surdosage en antiarythmique)."
RIFAMPICINE,ANTIVITAMINES K,PE,Diminution de l'effet de l'antivitamine K par augmentation de son métabolisme hépatique par la rifampicine.,Contrôle plus fréquent de l'INR. Adaptation éventuelle de la posologie de l'antivitamine K pendant le traitement par la rifampicine et 8 jours après son arrêt.
RIFAMPICINE,APIXABAN,AD,"Diminution des concentrations plasmatiques de l'apixaban par la rifampicine, avec risque de diminution de l'effet thérapeutique.",
RIFAMPICINE,APREPITANT,AD,Diminution très importante des concentrations d'aprépitant.,
RIFAMPICINE,ATORVASTATINE,AD,"Diminution très importante des concentrations plasmatiques d'atorvastatine, par augmentation de son métabolisme hépatique par la rifampicine.",
RIFAMPICINE,ATOVAQUONE,AD,Diminution des concentrations plasmatiques d'atovaquone par l'inducteur enzymatique.,
RIFAMPICINE,BICTÉGRAVIR,CI,"Diminution très importante des concentrations de bictégravir, avec risque de perte d'efficacité.",
RIFAMPICINE,BOSENTAN,AD,"Risque de diminution, importante pour la rifampicine, des concentrations plasmatiques de bosentan.",
RIFAMPICINE,BUSPIRONE,PE,Diminution des concentrations plasmatiques de la buspirone par augmentation de son métabolisme hépatique par la rifampicine.,Surveillance clinique et adaptation éventuelle de la posologie de la buspirone pendant le traitement par rifampicine et après son arrêt.
RIFAMPICINE,CANNABIDIOL,AD,Diminution des concentrations plasmatiques de cannabidiol avec risque de perte d'efficacité.,
RIFAMPICINE,CARBAMAZEPINE,PE,Diminution des concentrations plasmatiques et de l'efficacité de la carbamazépine par augmentation de son métabolisme hépatique par la rifampicine.,"Surveillance clinique, contrôle des concentrations plasmatiques et adaptation de la posologie de la carbamazépine pendant le traitement par la rifampicine et après son arrêt."
RIFAMPICINE,CARVEDILOL,PE,"Diminution importante des concentrations plasmatiques du carvédilol, par augmentation de son métabolisme hépatique par la rifampicine.","Surveillance clinique régulière et adaptation de la posologie du carvédilol pendant le traitement par la rifampicine. A l'arrêt de la rifampicine, risque de remontée importante des concentrations plasmatiques de carvédilol imposant une réduction posologique et une surveillance clinique étroite."
RIFAMPICINE,CLARITHROMYCINE,PE,"Diminution des concentrations plasmatiques et risque de baisse de l'efficacité de la clarithromycine, notamment chez le patient HIV, par augmentation de son métabolisme hépatique par la rifampicine.",Surveillance clinique et biologique régulière.
RIFAMPICINE,CLOZAPINE,PE,Risque d'inefficacité du traitement antipsychotique (diminution des concentrations plasmatiques de clozapine par augmentation de son métabolisme hépatique).,Surveillance clinique et augmentation éventuelle de la posologie de la clozapine durant le traitement par la rifampicine.
RIFAMPICINE,COBICISTAT,CI,Risque de diminution de l'efficacité du cobicistat par augmentation de son métabolisme par l'inducteur.,
RIFAMPICINE,DABIGATRAN,AD,"Diminution des concentrations plasmatiques de dabigatran, avec risque de diminution de l'effet thérapeutique.",
RIFAMPICINE,DAROLUTAMIDE,AD,Diminution des concentrations plasmatiques de dalorutamide avec risque de perte d'efficacité.,
RIFAMPICINE,DEFERASIROX,PE,Risque de diminution des concentrations plasmatiques de déférasirox.,"Surveiller la ferritinémie pendant et après le traitement par l'inducteur enzymatique. Si besoin, adaptation de la posologie de déférasirox."
RIFAMPICINE,DÉLAMANID,CI,Diminution des concentrations plasmatiques de delamanid par augmentation de son métabolisme hépatique par l'inducteur.,
RIFAMPICINE,DIGOXINE,PE,Diminution modeste des concentrations de digoxine.,Surveillance clinique et ECG.
RIFAMPICINE,DOXYCYCLINE,APEC,Risque de diminution importante des concentrations de doxycycline.,
RIFAMPICINE,DRONEDARONE,AD,"Diminution importante des concentrations de dronédarone par augmentation de son métabolisme, sans modification notable du métabolite actif.",
RIFAMPICINE,EFAVIRENZ,PE,Diminution des concentrations plasmatiques et de l'efficacité de l'éfavirenz par augmentation de son métabolisme hépatique par la rifampicine.,"Surveillance clinique et biologique régulière, notamment en début d'association."
RIFAMPICINE,ESZOPICLONE,PE,Risque de diminution des concentrations plasmatiques et de l'efficacité de l'eszopiclone par augmentation de son métabolisme hépatique par la rifampicine.,Surveillance clinique. Utiliser éventuellement un autre hypnotique.
RIFAMPICINE,EXEMESTANE,APEC,Risque de diminution de l'efficacité de l'exemestane par augmentation de son métabolisme hépatique par l'inducteur enzymatique.,
RIFAMPICINE,FENTANYL,AD,Diminution des concentrations plasmatiques de fentanyl par augmentation de son métabolisme hépatique par la rifampicine.,Préférer un autre morphinique.
RIFAMPICINE,FLUCONAZOLE,AD,Diminution des concentrations plasmatiques et de l'efficacité du fluconazole par augmentation de son métabolisme par la rifampicine.,
RIFAMPICINE,HALOPERIDOL,PE,"Risque de diminution des concentrations plasmatiques de l'halopéridol et de son efficacité thérapeutique, par augmentation de son métabolisme hépatique par la rifampicine.","Surveillance clinique et, si besoin, adaptation posologique pendant le traitement par la rifampicine et après son arrêt."
RIFAMPICINE,HORMONES THYROÏDIENNES,PE,"Risque d'hypothyroïdie clinique chez les patients hypothyroïdiens, par augmentation du métabolisme de la T3 et de la T4.","Surveillance clinique et biologique. Adaptation, si besoin, de la posologie des hormones thyroïdiennes pendant le traitement par la rifampicine et après son arrêt."
RIFAMPICINE,IDÉLALISIB,AD,Diminution des concentrations plasmatiques d'idélalisib par augmentation de son métabolisme hépatique par l'inducteur.,
RIFAMPICINE,INHIBITEURS DE LA 5-ALPHA REDUCTASE,AD,Diminution des concentrations plasmatiques de l'inhibiteur de la 5- alpha réductase par l'inducteur enzymatique.,"Si l'association ne peut être évitée, surveillance clinique étroite."
RIFAMPICINE,INHIBITEURS DE PROTÉASES BOOSTÉS PAR RITONAVIR,CI,"Diminution très importante des concentrations plasmatiques de l'inhibiteur de protéases, par augmentation de son métabolisme hépatique par la rifampicine. Pour l'association (saquinavir + ritonavir) : risque de toxicité hépatocellulaire sévère.","Dans l'attente de données complémentaires avec les inhibiteurs de protéases ""boostés""."
RIFAMPICINE,INHIBITEURS DE TYROSINE KINASES MÉTABOLISÉS,AD,"Diminution des concentrations plasmatiques et de l'efficacité de l'inhibiteur de tyrosine kinase, par augmentation de son métabolisme par l'inducteur.",
RIFAMPICINE,ISONIAZIDE,PE,Augmentation de l'hépatotoxicité de l'isoniazide (augmentation de la formation de métabolites toxiques de l'isoniazide).,"Surveillance clinique et biologique de cette association classique. En cas d'hépatite, arrêter l'isoniazide."
RIFAMPICINE,IVABRADINE,PE,"Risque de diminution de l'efficacité de l'ivabradine, par augmentation de son métabolisme par la rifampicine.",Surveillance clinique et adaptation de la posologie de l'ivabradine pendant l'association et après l'arrêt de la rifampicine.
RIFAMPICINE,KETOCONAZOLE,AD,Diminution des concentrations plasmatiques et de l'efficacité des deux anti-infectieux (induction enzymatique par la rifampicine et diminution de l'absorption intestinale par l'azolé antifongique).,
RIFAMPICINE,LÉDIPASVIR,CI,Diminution importante des concentrations plasmatiques du lédipasvir par augmentation de son métabolisme hépatique par la rifampicine.,
RIFAMPICINE,LÉNACAPAVIR,CI,"Diminution, éventuellement considérable, des concentrations de lénacapavir, avec risque de réduction de la réponse virologique.",
RIFAMPICINE,LINEZOLIDE,PE,Risque de diminution de l'efficacité du linézolide par augmentation de son métabolisme hépatique par la rifampicine.,Surveillance clinique et augmentation éventuelle de la posologie du linézolide pendant le traitement par la rifampicine.
RIFAMPICINE,METOPROLOL,APEC,Diminution des concentrations plasmatiques et de l'efficacité du bêta-bloquant (augmentation de son métabolisme hépatique).,
RIFAMPICINE,METRONIDAZOLE,PE,Diminution des concentrations plasmatiques du métronidazole par augmentation de son métabolisme hépatique par la rifampicine.,Surveillance clinique et adaptation éventuelle de la posologie de métronidazole pendant le traitement par la rifampicine et après son arrêt.
RIFAMPICINE,MIDAZOLAM,AD,"Risque d'absence d'effet du midazolam, avec diminution très importante de ses concentrations plasmatiques, par augmentation de son métabolisme hépatique.",
RIFAMPICINE,MINÉRALOCORTICOÏDES,PE,Diminution des concentrations plasmatiques et de l'efficacité des corticoïdes par augmentation de leur métabolisme hépatique par la rifampicine ; les conséquences sont particulièrement importantes chez les addisoniens traités par l'hydrocortisone et en cas de transplantation.,Surveillance clinique et biologique ; adaptation de la posologie des corticoïdes pendant le traitement par la rifampicine et après son arrêt.
RIFAMPICINE,MONTELUKAST,PE,Risque de baisse de l'efficacité du montélukast par augmentation de son métabolisme hépatique par la rifampicine.,Surveillance clinique et adaptation éventuelle de la posologie de l'antiasthmatique pendant le traitement par la rifampicine et après son arrêt.
RIFAMPICINE,MORPHINE,PE,Diminution des concentrations plasmatiques et de l'efficacité de la morphine et de son métabolite actif.,Surveillance clinique et adaptation éventuelle de la posologie de la morphine pendant le traitement par la rifampicine et après son arrêt.
RIFAMPICINE,NEVIRAPINE,AD,Diminution des concentrations plasmatiques de la névirapine par augmentation de son métabolisme hépatique par la rifampicine.,
RIFAMPICINE,NIMODIPINE,AD,Diminution des concentrations plasmatiques de l'antagoniste du calcium par augmentation de son métabolisme hépatique.,Surveillance clinique et adaptation éventuelle de la posologie de l'antagoniste du calcium pendant le traitement par la rifampicine et après son arrêt.
RIFAMPICINE,NINTÉDANIB,PE,Diminution des concentrations plasmatiques du nintédanib par diminution de son absorption par la rifampicine.,Surveillance clinique pendant l'association.
RIFAMPICINE,OZANIMOD,AD,Diminution des concentrations des métabolites actifs de l'ozanimod d'environ 60%.,
RIFAMPICINE,PÉRAMPANEL,APEC,Diminution importante (jusqu'aux deux-tiers) des concentrations de pérampanel.,
RIFAMPICINE,POSACONAZOLE,AD,Diminution des concentrations plasmatiques et de l'efficacité des deux anti-infectieux (induction enzymatique par la rifampicine et diminution de l'absorption intestinale par l'azolé antifongique).,
RIFAMPICINE,PRAZIQUANTEL,CI,"Diminution très importante des concentrations plasmatiques du praziquantel, avec risque d'échec du traitement, par augmentation du métabolisme hépatique du praziquantel par la rifampicine.",
RIFAMPICINE,PROPAFENONE,PE,"Diminution des concentrations plasmatiques de la propafénone, par augmentation de son métabolisme hépatique par la rifampicine.","Surveillance clinique et ECG. S'il y a lieu, adaptation de la posologie de la propafénone pendant l'association et après l'arrêt de la rifampicine."
RIFAMPICINE,PROPRANOLOL,APEC,Diminution des concentrations plasmatiques et de l'efficacité du bêta-bloquant (augmentation de son métabolisme hépatique).,
RIFAMPICINE,QUETIAPINE,AD,"Diminution très importante des concentrations plasmatiques de quétiapine par augmentation de son métabolisme hépatique par l'inducteur, avec risque d'inefficacité.",
RIFAMPICINE,QUININE,AD,Risque de perte de l'efficacité de la quinine par augmentation de son métabolisme hépatique par l'inducteur.,
RIFAMPICINE,RALTÉGRAVIR,AD,Diminution des concentrations du raltégravir par la rifampicine.,"Si l'association ne peut être évitée, un doublement de la dose de raltégravir peut être envisagé."
RIFAMPICINE,RANOLAZINE,AD,Diminution très importante des concentrations de ranolazine.,
RIFAMPICINE,RIVAROXABAN,AD,"Diminution des concentrations plasmatiques de rivaroxaban, avec risque de diminution de l'effet thérapeutique.",
RIFAMPICINE,SACITUZUMAB,APEC,"Pour le SN38 lié au sacizutumab (govitécan) : risque de diminution de son exposition, par augmentation de son métabolisme.",
RIFAMPICINE,SIMVASTATINE,AD,"Diminution très importante des concentrations plasmatiques de simvastatine, par augmentation de son métabolisme hépatique par la rifampicine.",
RIFAMPICINE,SOTORASIB,AD,"Diminution notable des concentrations plasmatiques du sotorasib, avec risque de moindre efficacité.",
RIFAMPICINE,TELITHROMYCINE,AD,"Diminution très importante des concentrations plasmatiques de la télithromycine, avec risque d'échec du traitement anti-infectieux, par augmentation du métabolisme hépatique de la télithromycine par la rifampicine.",
RIFAMPICINE,TÉNOFOVIR ALAFÉNAMIDE,AD,Diminution des concentrations plasmatiques du ténofovir alafénamide par diminution de son absorption par la rifampicine.,Surveillance clinique pendant l'association et 1 à 2 semaines après l'arrêt de la rifampicine.
RIFAMPICINE,TERBINAFINE,PE,"Diminution des concentrations plasmatiques et de l'efficacité de la terbinafine, par augmentation de son métabolisme hépatique par la rifampicine.","Surveillance clinique. Si besoin, adaptation de la posologie de la terbinafine pendant le traitement par la rifampicine."
RIFAMPICINE,"THÉOPHYLLINE (ET, PAR EXTRAPOLATION, AMINOPHYLLINE)",PE,Diminution des concentrations plasmatiques et de l'efficacité de la théophylline (augmentation de son métabolisme par induction enzymatique).,"Surveillance clinique et, si besoin, de la théophyllinémie. Adapter, s'il y a lieu, la posologie de la théophylline pendant le traitement par la rifampicine et après son arrêt."
RIFAMPICINE,TIAGABINE,PE,Diminution des concentrations plasmatiques de la tiagabine par augmentation de son métabolisme hépatique.,Une augmentation de la posologie de la tiagabine peut s'avérer nécessaire en cas d'association à la rifampicine.
RIFAMPICINE,TICAGRELOR,AD,"Diminution importante des concentrations plasmatiques de ticagrelor par augmentation de son métabolisme hépatique par la rifampicine, avec risque de diminution de l'effet thérapeutique.",
RIFAMPICINE,ULIPRISTAL,AD,"Risque de diminution de l'effet de l'ulipristal, par augmentation de son métabolisme hépatique par l'inducteur.",Préférer une alternative thérapeutique peu ou pas métabolisée.
RIFAMPICINE,"VALPROÏQUE (ACIDE) ET, PAR EXTRAPOLATION, VALPROMIDE",PE,"Risque de survenue de crises convulsives, par augmentation du métabolisme hépatique du valproate par la rifampicine.","Surveillance clinique et biologique, et adaptation éventuelle de la posologie de l'anticonvulsivant pendant le traitement par la rifampicine et après son arrêt."
RIFAMPICINE,VELPATASVIR,CI,"Diminution des concentrations plasmatiques de velpatasvir par la rifampicine, avec possible retentissement sur l'efficacité.",
RIFAMPICINE,VITAMINE D,PE,Diminution des concentrations de vitamine D plus marquée qu'en l'absence de traitement par la rifampicine,Dosage des concentrations de vitamine D et supplémentation si nécessaire.
RIFAMPICINE,VORICONAZOLE,CI,"Diminution importante des concentrations plasmatiques du voriconazole avec risque de perte d'efficacité, par augmentation de son métabolisme hépatique par la rifampicine.",
RIFAMPICINE,VOXELOTOR,AD,"Diminution notable des concentrations plasmatiques du voxelotor, avec risque de moindre efficacité.",
RIFAMPICINE,ZIDOVUDINE,AD,Diminution de moitié des concentrations de la zidovudine par augmentation de son métabolisme par la rifampicine.,"Si l'association s'avère nécessaire, surveillance clinique et biologique renforcée."
RIFAMPICINE,ZOLPIDEM,PE,Diminution des concentrations plasmatiques et de l'efficacité du zolpidem par augmentation de son métabolisme hépatique par la rifampicine.,Surveillance clinique. Utiliser éventuellement un autre hypnotique.
RIFAMPICINE,ZOPICLONE,PE,Diminution des concentrations plasmatiques et de l'efficacité de la zopiclone par augmentation de son métabolisme hépatique par la rifampicine.,Surveillance clinique. Utiliser éventuellement un autre hypnotique.
RILPIVIRINE,ANTISÉCRÉTOIRES ANTIHISTAMINIQUES H2,APEC,Risque de diminution des concentrations plasmatiques de la rilpivirine.,"Si nécessaire, utiliser un antihistaminique H2 actif en une prise par jour, à prendre au moins 12 heures avant, ou au moins 4 heures après."
RILPIVIRINE,ANTISÉCRÉTOIRES INHIBITEURS DE LA POMPE À PROTONS,CI,Diminution des concentrations plasmatiques de rilpivirine par l'inhibiteur de la pompe à protons (absorption diminuée en raison de l'augmentation du pH gastrique).,
RILPIVIRINE,DEXAMETHASONE,CI,"Avec la dexaméthasone par voie systémique (sauf en cas de prise unique), risque de diminution des concentrations plasmatiques de rilpivirine par augmentation de son métabolisme hépatique par la dexamethasone.",
RILPIVIRINE,INDUCTEURS ENZYMATIQUES,CI,Diminution significative des concentrations plasmatiques de rilpivirine par augmentation de son métabolisme hépatique par l'inducteur.,
RILPIVIRINE,MILLEPERTUIS,CI,Risque de diminution des concentrations plasmatiques de rilpivirine par augmentation de son métabolisme hépatique par le millepertuis.,
RIOCIGUAT,DÉRIVÉS NITRÉS ET APPARENTÉS,CI,Risque d'hypotension importante (effet synergique).,
RIOCIGUAT,INHIBITEURS DE LA PHOSPHODIESTERASE DE TYPE 5,CI,Risque d'hypotension importante (effet synergique).,
RIOCIGUAT,INHIBITEURS PUISSANTS DU CYP3A4,AD,Augmentation des concentrations plasmatiques de riociguat par diminution de son métabolisme hépatique par l'inhibiteur.,
RISPERIDONE,CARBAMAZEPINE,PE,Risque de diminution de la fraction active de la rispéridone et de son efficacité thérapeutique par augmentation de son métabolisme hépatique par la carbamazépine.,"Surveillance clinique, et si besoin, adaptation posologique de la rispéridone."
RISPERIDONE,FLUOXETINE,PE,"Augmentation de la fraction active de la rispéridone par diminution de son métabolisme hépatique par la fluoxétine, avec risque de majoration des effets indésirables.","Surveillance clinique et, si besoin, adaptation posologique de la rispéridone."
RISPERIDONE,PAROXETINE,PE,"Augmentation de la fraction active de la rispéridone par diminution de son métabolisme hépatique par la paroxétine, avec risque de majoration des effets indésirables.","Surveillance clinique et, si besoin, adaptation posologique de la rispéridone."
RITONAVIR,CORTICOÏDES (VOIE INTRA-ARTICULAIRE),APEC,"Décrit chez des patients HIV. Risque d'insuffisance surrénale aiguë, même en cas d'injection unique. L'articulation peut constituer un réservoir relarguant de façon continue le corticoïde CYP3A4-dépendant dans la circulation générale, avec augmentation possiblement très importante des concentrations du corticoïde à l'origine d'une freination de la réponse hypothalamo-hypophysaire.",Préférer un corticoïde non CYP3A4-dépendant (hydrocortisone)
RITONAVIR,GLUCOCORTICOÏDES PAR VOIE INTRA-ARTICULAIRE ET MÉTABOLISÉS,PE,"Décrit chez des patients HIV. Risque d'insuffisance surrénale aiguë, même en cas d'injection unique. L'articulation peut constituer un réservoir relarguant de façon continue le corticoïde CYP3A4-dépendant dans la circulation générale, avec augmentation possiblement très importante des concentrations du corticoïde, à l'origine d'une freination de la réponse hypothalamo-hypophysaire.",Préférer un corticoïde non CYP3A4-dépendant (hydrocortisone).
RIVAROXABAN,FLUCONAZOLE,AD,"Augmentation des concentrations plasmatiques du rivaroxaban par le fluconazole, avec majoration du risque de saignement.",
RIVAROXABAN,INDUCTEURS ENZYMATIQUES PUISSANTS,AD,"Diminution des concentrations plasmatiques de rivaroxaban, avec risque de diminution de l'effet thérapeutique.",
RIVAROXABAN,INHIBITEURS PUISSANTS DU CYP3A4,AD,"Augmentation des concentrations plasmatiques de rivaroxaban, avec majoration du risque de saignement.",
RIVAROXABAN,RIFAMPICINE,AD,"Diminution des concentrations plasmatiques de rivaroxaban, avec risque de diminution de l'effet thérapeutique.",
ROLAPITANT,COLCHICINE,PE,"Risque d'augmentation des effets indésirables de la colchicine, aux conséquences potentiellement fatales.",Surveillance clinique et biologique étroite pendant l'association.
ROLAPITANT,DABIGATRAN,PE,Risque d'augmentation des concentrations plasmatiques du dabigatran par augmentation de son absorption intestinale par le rolapitant.,Surveillance clinique et biologique étroite pendant l'association.
ROLAPITANT,DIGOXINE,PE,Augmentation de la digoxinémie par majoration de son absorption.,Surveillance clinique et ECG pendant le traitement par le rolapitant et après son arrêt.
ROLAPITANT,INDUCTEURS ENZYMATIQUES,AD,Diminution très importante des concentrations de rolapitant avec risque de perte d'efficacité.,
ROLAPITANT,METOPROLOL,PE,"Chez l'insuffisant cardiaque, risque d'augmentation des effets indésirables du métoprolol, par diminution de son métabolisme hépatique par le rolapitant.","Surveillance clinique. Si besoin, adaptation de la posologie du métoprolol pendant le traitement par le rolapitant."
ROLAPITANT,MILLEPERTUIS,CI,Diminution très importante des concentrations de rolapitant avec risque de perte d'efficacité.,
ROLAPITANT,PROPAFENONE,PE,"Augmentation des concentrations plasmatiques de propafénone avec risque de surdosage, par diminution de son métabolisme hépatique par le rolapitant.",Surveillance clinique et réduction de la posologie de la propafénone pendant le traitement par le rolapitant et après son arrêt.
ROLAPITANT,ROSUVASTATINE,PE,Risque d'augmentation des concentrations de rosuvastatine.,Utiliser la rosuvastatine à dose minimale.
ROLAPITANT,TAMOXIFENE,AD,Risque de baisse de l'efficacité du tamoxifène par inhibition de la formation de son métabollite actif par le rolapitant.,
ROPINIROLE,ANTIVITAMINES K,PE,Augmentation du risque hémorragique.,Contrôle plus fréquent de l'INR. Adaptation éventuelle de la posologie de l'antivitamine K pendant le traitement par ropinirole et après son arrêt.
ROPINIROLE,CIPROFLOXACINE,PE,"Augmentation des concentrations de ropinirole avec risque de surdosage, par diminution de son métabolisme hépatique par la ciprofloxacine.",Surveillance clinique et réduction éventuelle de la posologie du ropinirole pendant le traitement par la ciprofloxacine et après son arrêt.
ROPINIROLE,ENOXACINE,PE,Augmentation des concentrations plasmatiques de ropinirole avec signes de surdosage par diminution de son métabolisme hépatique.,Surveillance clinique et réduction de la posologie du ropinirole pendant le traitement par l'énoxacine et après son arrêt.
ROPINIROLE,FLUVOXAMINE,PE,"Augmentation des concentrations de ropinirole, avec risque de surdosage, par diminution de son métabolisme hépatique par la fluvoxamine.",Surveillance clinique et réduction de la posologie du ropinirole pendant le traitement par fluvoxamine et après son arrêt.
ROSUVASTATINE,CICLOSPORINE,CI,"Risque majoré d'effets indésirables (concentration-dépendants) à type de rhabdomyolyse, ou de néphrotoxicité, par diminution du métabolisme de la rosuvastatine.",
ROSUVASTATINE,DAROLUTAMIDE,AD,"Augmentation considérable (d'un facteur 5) des concentrations de rosuvastatine avec risque de rhabdomyolyse et/ou de néphrotoxicité, par augmentation de sa biodisponibilité.",
ROSUVASTATINE,FOSTAMATINIB,PE,Doublement moyen des concentrations plasmatiques de la rosuvastatine.,"Surveillance clinique et biologique, avec adaptation de la posologie de rosuvastatine si nécessaire."
ROSUVASTATINE,FOSTEMSAVIR,PE,Augmentation modérée des concentrations de rosuvastatine.,Débuter par la dose minimale de rosuvastatine. Surveillance clinique régulière.
ROSUVASTATINE,INHIBITEURS DE PROTÉASES BOOSTÉS PAR RITONAVIR,PE,Augmentation des concentrations plasmatiques de la rosuvastatine par augmentation de son absorption.,Surveillance clinique et biologique.
ROSUVASTATINE,PONATINIB,PE,Risque d'augmentation des concentrations plasmatiques de la rosuvastatine par augmentation de son absorption intestinale par le ponatinib.,Surveillance clinique et biologique étroite pendant l'association.
ROSUVASTATINE,ROLAPITANT,PE,Risque d'augmentation des concentrations de rosuvastatine.,Utiliser la rosuvastatine à dose minimale.
ROSUVASTATINE,TÉDIZOLIDE,AD,"Risque d'augmentation des concentrations plasmatiques de la rosuvastatine, par augmentation de son absorption avec le tédizolide administré par voie orale, ou par diminution de son élimination avec le tédizolide administré par voie IV.",
ROSUVASTATINE,VELPATASVIR,PE,Augmentation des concentrations plasmatiques de rosuvastatine par augmentation de son absorption intestinale par le velpatasvir.,"En cas d'association, ne pas dépasser 10 mg par jour de rosuvastatine."
ROXADUSTAT,CALCIUM,PE,"La prise de cation divalent peut diminuer l'absorption intestinale et, potentiellement, l'efficacité du roxadustat pris simultanément.","Prendre le roxadustat à distance des sels de calcium (plus de 1 heure, si possible)."
ROXADUSTAT,FER,PE,"La prise de cation divalent peut diminuer l'absorption intestinale et, potentiellement, l'efficacité du roxadustat pris simultanément.","Prendre le roxadustat à distance des sels de fer (plus de 1 heure, si possible)."
ROXADUSTAT,GEMFIBROZIL,PE,"Augmentation de l'exposition du roxadustat, par diminution de son métabolisme par le gemfibrozil.",Surveillance clinique et biologique (hémoglobine).
ROXADUSTAT,INHIBITEURS DE L'HMG-COA RÉDUCTASE (STATINES),PE,"Augmentation d'un facteur 2 à 3 de l'exposition de la statine, par diminution de son métabolisme par le roxadustat.",Surveillance clinique et adaptation de la posologie de la statine pendant le traitement par roxadustat.
ROXADUSTAT,MAGNÉSIUM,PE,"La prise de cation divalent peut diminuer l'absorption intestinale et, potentiellement, l'efficacité du roxadustat pris simultanément.","Prendre le roxadustat à distance des sels de magnésium (plus de 1 heure, si possible)."
ROXADUSTAT,RÉSINES CHÉLATRICES,PE,"La prise de résine chélatrice peut diminuer l'absorption intestinale et, potentiellement, l'efficacité du roxadustat pris simultanément.","Prendre le roxadustat à distance de la résine (plus de 1 heure, si possible)."
ROXITHROMYCINE,ATORVASTATINE,PE,Risque majoré d'effets indésirables (concentration-dépendants) à type de rhabdomyolyse.,Utiliser des doses plus faibles d'hypocholestérolémiant.
ROXITHROMYCINE,CICLOSPORINE,PE,Risque d'augmentation des concentrations sanguines de ciclosporine et de la créatininémie.,"Dosage des concentrations sanguines de la ciclosporine, contrôle de la fonction rénale et adaptation de la posologie pendant l'association et après l'arrêt du macrolide."
ROXITHROMYCINE,MIDAZOLAM,APEC,Majoration légère de la sédation.,
ROXITHROMYCINE,SIMVASTATINE,PE,Risque majoré d'effets indésirables (concentration-dépendants) à type de rhabdomyolyse.,Utiliser des doses plus faibles d'hypocholestérolémiant.
ROXITHROMYCINE,SUBSTANCES SUSCEPTIBLES DE DONNER DES TORSADES DE POINTES,PE,"Risque majoré de troubles du rythme ventriculaire, notamment de torsades de pointes.",Surveillance clinique et électrocardiographique pendant l'association.
ROXITHROMYCINE,"THÉOPHYLLINE (ET, PAR EXTRAPOLATION, AMINOPHYLLINE)",APEC,"Risque d'augmentation de la théophyllinémie, particulièrement chez l'enfant.",
RUFINAMIDE,ESTROPROGESTATIFS CONTRACEPTIFS,PE,Diminution de l'efficacité contraceptive par augmentation du métabolisme hépatique du contraceptif hormonal par le rufinamide.,"Utiliser une méthode additionnelle de type mécanique (préservatif) pendant la durée de l'association, et un cycle suivant l'arrêt du rufinamide."
RUFINAMIDE,"VALPROÏQUE (ACIDE) ET, PAR EXTRAPOLATION, VALPROMIDE",PE,"Possible augmentation des concentrations de rufinamide, notamment chez l'enfant de moins de 30 kg.",Chez l'enfant de moins de 30 kg : ne pas dépasser la dose totale de 600 mg/j après la période de titration.
SACITUZUMAB,INDUCTEURS ENZYMATIQUES PUISSANTS,APEC,"Pour le SN38 lié au sacizutumab (govitécan) : risque de diminution de son exposition, par augmentation de son métabolisme.",
SACITUZUMAB,RIFAMPICINE,APEC,"Pour le SN38 lié au sacizutumab (govitécan) : risque de diminution de son exposition, par augmentation de son métabolisme.",
SACUBITRIL,INHIBITEURS DE L'ENZYME DE CONVERSION,CI,Augmentation du risque d'angioedème.,
SALMETEROL,ITRACONAZOLE,APEC,Augmentation importante des concentrations de salmétérol par diminution de son métabolisme hépatique par l'itraconazole.,
SALMETEROL,KETOCONAZOLE,APEC,Augmentation importante des concentrations de salmétérol par diminution de son métabolisme hépatique par le kétoconazole.,
SALMETEROL,OMBITASVIR + PARITAPRÉVIR,CI,Risque d'augmentation des concentrations de salmétérol.,
SELEXIPAG,CLOPIDOGREL,PE,Risque d'augmentation des effets indésirables du sélexipag par diminution de son métabolisme.,Surveillance clinique étroite pendant l'association. Réduire de moitié la posologie (une seule prise par jour).
SELEXIPAG,DEFERASIROX,PE,Risque d'augmentation des effets indésirables du sélexipag par diminution de son métabolisme.,Surveillance clinique étroite pendant l'association. Réduire de moitié la posologie (une seule prise par jour).
SELEXIPAG,GEMFIBROZIL,CI,Risque d'augmentation des effets indésirables du sélexipag par diminution de son métabolisme.,
SELEXIPAG,TÉRIFLUNOMIDE,PE,Risque d'augmentation des effets indésirables du sélexipag par diminution de son métabolisme.,Surveillance clinique étroite pendant l'association. Réduire de moitié la posologie (une seule prise par jour).
SELEXIPAG,TRIMETHOPRIME,PE,Risque d'augmentation des effets indésirables du sélexipag par diminution de son métabolisme.,Surveillance clinique étroite pendant l'association. Réduire de moitié la posologie (une seule prise par jour).
SELPERCATINIB,HORMONES THYROÏDIENNES,PE,Risque de moindre efficacité de la supplémentation en lévothyroxine par baisse de la conversion de T4 en T3 en cas de traitement par selpercatinib.,"Surveillance clinique et biologique, et adjonction éventuelle de liothyronine au traitement par la lévothyroxine."
SELPERCATINIB,REPAGLINIDE,AD,"Augmentation importante des concentrations plasmatiques de répaglinide, avec risque d'hypoglycémie, par diminution du métabolisme du répaglinide par le selpercatinib.",
SERTRALINE,INDUCTEURS ENZYMATIQUES,AD,Risque d'inefficacité du traitement antidépresseur.,
SERTRALINE,PAMPLEMOUSSE (JUS ET FRUIT),AD,Augmentation parfois importante des concentrations de l'antidépresseur chez certains patients par diminution de son métabolisme intestinal.,
SERTRALINE,PIMOZIDE,CI,"Risque majoré de troubles du rythme ventriculaire, notamment de torsades de pointes.",
SÉTRONS,APOMORPHINE,CI,Des hypotensions sévères et des pertes de connaissance ont été rapportées lors de l'association d'un sétron avec l'apomorphine.,
SILDENAFIL,JOSAMYCINE,PE,"Augmentation des concentrations plasmatiques de sildénafil, avec risque d'hypotension.",Débuter le traitement par sildénafil à la dose minimale en cas d'association avec la josamycine.
SILDENAFIL,OMBITASVIR + PARITAPRÉVIR,CI,Augmentation des concentrations plasmatiques du sildénafil par diminution de son métabolisme hépatique par la bithérapie.,
SILODOSINE,INHIBITEURS PUISSANTS DU CYP3A4,AD,"Risque d'augmentation des effets indésirables de la silodosine par l'inhibiteur, notamment à type d'hypotension orthostatique.",
SIMVASTATINE,AMIODARONE,PE,Risque majoré d'effets indésirables (concentration-dépendants) à type de rhabdomyolyse (diminution du métabolisme hépatique de la simvastatine).,Ne pas dépasser la posologie de 20 mg/j de simvastatine ou utiliser une autre statine non concernée par ce type d'interaction.
SIMVASTATINE,AMLODIPINE,PE,Risque majoré d'effets indésirables (dose-dépendants) à type de rhabdomyolyse (diminution du métabolisme hépatique de l'hypocholestérolémiant).,Ne pas dépasser la posologie de 20 mg/j de simvastatine ou utiliser une autre statine non concernée par ce type d'interaction.
SIMVASTATINE,APALUTAMIDE,AD,"Risque de diminution très importante des concentrations de la simvastatine, et perte d'efficacité, par augmentation de son métabolisme hépatique par l'apalutamide.",
SIMVASTATINE,AZITHROMYCINE,PE,"Risque majoré d'effets indésirables (concentration-dépendants) à type de rhabdomyolyse, par diminution du métabolisme hépatique de l'hypocholestérolémiant.",Utiliser des doses plus faibles d'hypocholestérolémiant ou une autre statine non concernée par ce type d'interaction.
SIMVASTATINE,CARBAMAZEPINE,AD,"Diminution importante des concentrations plasmatiques de simvastatine, par augmentation de son métabolisme hépatique.",
SIMVASTATINE,CICLOSPORINE,CI,Risque majoré d'effets indésirables (concentration-dépendants) à type de rhabdomyolyse par diminution du métabolisme de la simvastatine.,
SIMVASTATINE,DANAZOL,CI,Risque majoré d'effets indésirables (concentration-dépendants) à type de rhabdomyolyse par diminution du métabolisme de la simvastatine.,
SIMVASTATINE,DILTIAZEM,PE,"Risque majoré d'effets indésirables (concentration-dépendants) à type de rhabdomyolyse, par diminution du métabolisme hépatique de l'hypocholestérolémiant.","Ne pas dépasser la posologie de 20 mg/jour de simvastatine. Si l'objectif thérapeutique n'est pas atteint à cette posologie, utiliser une autre statine non concernée par ce type d'interaction."
SIMVASTATINE,DRONEDARONE,AD,Risque majoré d'effets indésirables (concentration-dépendants) à type de rhabdomyolyse (diminution du métabolisme hépatique de la simvastatine).,
SIMVASTATINE,FLUCONAZOLE,PE,Risque majoré d'effets indésirables concentration-dépendants à type de rhabdomyolyse (diminution du métabolisme hépatique de la simvastatine).,"Ne pas dépasser la posologie de 20 mg/j de simvastatine. Si l'objectif thérapeutique n'est pas atteint, utiliser une autre statine non concernée par ce type d'interaction."
SIMVASTATINE,GLÉCAPRÉVIR + PIBRENTASVIR,CI,"Augmentation importante des concentrations plasmatiques de simvastatine par la bithérapie, avec risque majoré d'effets indésirables (concentration-dépendants) à type de rhabdomyolyses .",
SIMVASTATINE,INHIBITEURS PUISSANTS DU CYP3A4,CI,Risque majoré d'effets indésirables (concentration-dépendants) à type de rhabdomyolyse par diminution du métabolisme de la simvastatine.,
SIMVASTATINE,MILLEPERTUIS,AD,Diminution de l'efficacité de l'hypocholestérolémiant par augmentation de son métabolisme hépatique par le millepertuis.,
SIMVASTATINE,OMBITASVIR + PARITAPRÉVIR,CI,Augmentation des concentrations plasmatiques de la simvastatine par diminution de son métabolisme hépatique par la bithérapie.,
SIMVASTATINE,PAMPLEMOUSSE (JUS ET FRUIT),AD,"Augmentation considérable des concentrations plasmatiques de l'hypolipémiant, avec risque de survenue d'effets indésirables, notamment musculaires.",
SIMVASTATINE,PONATINIB,PE,Risque d'augmentation des concentrations plasmatiques de la simvastatine par augmentation de son absorption intestinale par le ponatinib.,Surveillance clinique et biologique étroite pendant l'association.
SIMVASTATINE,RANOLAZINE,PE,Risque majoré d'effets indésirables (concentration-dépendants) à type de rhabdomyolyse par inhibition du métabolisme de la simvastatine par la ranolazine.,Ne pas dépasser la posologie de 20 mg/j de simvastatine ou utiliser une autre statine non concernée par ce type d'interaction.
SIMVASTATINE,RIFAMPICINE,AD,"Diminution très importante des concentrations plasmatiques de simvastatine, par augmentation de son métabolisme hépatique par la rifampicine.",
SIMVASTATINE,ROXITHROMYCINE,PE,Risque majoré d'effets indésirables (concentration-dépendants) à type de rhabdomyolyse.,Utiliser des doses plus faibles d'hypocholestérolémiant.
SIMVASTATINE,STIRIPENTOL,CI,Risque majoré d'effets indésirables (dose-dépendants) à type de rhabdomyolyse (diminution du métabolisme hépatique de l'hypocholestérolémiant).,
SIMVASTATINE,VERAPAMIL,PE,Risque majoré d'effets indésirables (dose-dépendants) à type de rhabdomyolyse (diminution du métabolisme hépatique de l'hypocholestérolémiant).,Ne pas dépasser la posologie de 20 mg/j de simvastatine ou utiliser une autre statine non concernée par ce type d'interaction.
SIROLIMUS,CICLOSPORINE,PE,Augmentation des concentrations sanguines de sirolimus par la ciclosporine. La néphrotoxicité de la ciclosporine est également augmentée lors de l'association.,"Il est recommandé d'administrer le sirolimus 4 heures après la ciclosporine. Contrôle de la fonction rénale, pendant l'association et après son arrêt."
SIROLIMUS,INHIBITEURS DE L'ENZYME DE CONVERSION,APEC,Majoration du risque d'angio-oedème.,
SIROLIMUS,OMBITASVIR + PARITAPRÉVIR,AD,En association avec le ritonavir : augmentation significative des concentrations de l'immunosuppresseur avec risque de majoration de sa toxicité par la bithérapie.,"Si l'association s'avère nécessaire, contrôle strict de la fonction rénale, dosage des concentrations sanguines de l'immunosuppresseur et adaptation éventuelle de la posologie."
SIROLIMUS,VERAPAMIL,PE,Augmentation des concentrations sanguines du sirolimus (diminution de son métabolisme hépatique par le vérapamil).,"Dosage des concentrations sanguines de l'immunosuppresseur, contrôle de la fonction rénale et adaptation de la posologie pendant l'association et après son arrêt."
SODIUM (BICARBONATE DE),LITHIUM,PE,Risque de baisse de l'efficacité du lithium par augmentation de son élimination rénale par les sels de sodium.,Eviter les surcharges sodées et tenir compte de la présence de sodium dans certains médicaments comme les antiacides.
SODIUM (CHLORURE DE),LITHIUM,PE,Risque de baisse de l'efficacité du lithium par augmentation de son élimination rénale par les sels de sodium.,Eviter les surcharges sodées et tenir compte de la présence de sodium dans certains médicaments comme les antiacides.
SOFOSBUVIR,AMIODARONE,AD,"Survenue de bradycardie éventuellement brutale, pouvant avoir des conséquences fatales.","Si l'association ne peut être évitée, surveillance clinique et ECG étroite, en particulier pendant les premières semaines de traitement. Une surveillance continue en milieu hospitalier est requise pendant les 48 heures qui suivent la co-adminsitration. Prendre en compte la longue demi-vie de l'amiodarone chez les patients l'ayant arrêtée au cours des derniers mois et qui doivent débuter un traitement contenant du sofosbuvir."
SOFOSBUVIR,MILLEPERTUIS,CI,Risque de diminution des concentrations plasmatiques de sofosbuvir par diminution de son absorption intestinale par le millepertuis.,
SORBITOL,LAMIVUDINE,AD,Diminution des concentrations plasmatiques de lamivudine par le sorbitol.,"Si l'association ne peut être évitée, surveillance plus fréquente de la charge virale."
SORBITOL,POLYSTYRÈNE SULFONATE DE CALCIUM,CI,"Par voie orale ou rectale du sorbitol ou de la résine, et pour une dose de sorbitol par prise >= 2,5 g chez l'enfant et 5 g chez l'adulte : Risque de nécrose colique, éventuellement fatale.",
SORBITOL,POLYSTYRÈNE SULFONATE DE SODIUM,CI,"Par voie orale ou rectale du sorbitol ou de la résine, et pour une dose de sorbitol par prise >= 2,5 g chez l'enfant et 5 g chez l'adulte : Risque de nécrose colique, éventuellement fatale.",
SOTORASIB,ANTISÉCRÉTOIRES ANTIHISTAMINIQUES H2,APEC,"Risque de diminution de l'effet du sotorasib, par diminution de son absorption.",
SOTORASIB,ANTISÉCRÉTOIRES INHIBITEURS DE LA POMPE À PROTONS,APEC,"Risque de diminution de l'effet du sotorasib, par diminution de son absorption.",
SOTORASIB,INDUCTEURS ENZYMATIQUES PUISSANTS,AD,"Diminution notable des concentrations plasmatiques du sotorasib, avec risque de moindre efficacité.",
SOTORASIB,RIFAMPICINE,AD,"Diminution notable des concentrations plasmatiques du sotorasib, avec risque de moindre efficacité.",
SPERMICIDES,MÉDICAMENTS UTILISÉS PAR VOIE VAGINALE,AD,Tout traitement local vaginal est susceptible d'inactiver une contraception locale spermicide.,
SPIRAMYCINE,LEVODOPA,PE,En cas d'association avec la carbidopa : inhibition de l'absorption de la carbidopa avec diminution des concentrations plasmatiques de la lévodopa.,Surveillance clinique et adaptation éventuelle de la posologie de la lévodopa.
SPIRONOLACTONE,INHIBITEURS DE L'ENZYME DE CONVERSION,PE,"Avec la spironolactone à la posologie de 12,5 à 50 mg par jour, et avec des doses faibles d'IEC. Dans le traitement de l'insuffisance cardiaque de classe III ou IV (NYHA) avec fraction d'éjection <35 % et préalablement traitée par l'association inhibiteur de conversion + diurétique de l'anse : risque d'hyperkaliémie, potentiellement létale, en cas de non-respect des conditions de prescription de cette association.","Vérifier au préalable l'absence d'hyperkaliémie et d'insuffisance rénale. Surveillance biologique étroite de la kaliémie et de la créatininémie (1 fois par semaine pendant le premier mois, puis une fois par mois ensuite)."
SPIRONOLACTONE,MITOTANE,CI,"Possible réduction voire abolition de l'effet pharmacodynamique du mitotane par la spironolactone, associé à une baisse des concentrations du mitotane.",
STAVUDINE,ISONIAZIDE,PE,Risque majoré de survenue de neuropathies périphériques par addition d'effets indésirables.,"Surveillance clinique et biologique régulière, notamment en début d'association."
STAVUDINE,PENTAMIDINE,PE,Risque majoré de survenue de neuropathies périphériques par addition d'effets indésirables.,"Surveillance clinique et biologique régulière, notamment en début d'association."
STAVUDINE,RIBAVIRINE,PE,"Risque de diminution de l'efficacité de chaque antiviral, par antagonisme compétitif de la réaction de phosphorylation à l'origine des métabolites actifs.","Surveillance clinique et biologique régulière, notamment en début d'association."
STAVUDINE,THALIDOMIDE,PE,Risque majoré de survenue de neuropathies périphériques par addition d'effets indésirables.,"Surveillance clinique et biologique régulière, notamment en début d'association."
STAVUDINE,ZIDOVUDINE,AD,Risque de diminution de l'efficacité de chaque antiviral par antagoniste compétitif de la réaction de phosphorylation à l'origine des métabolites actifs.,
STIRIPENTOL,ATORVASTATINE,CI,Risque majoré d'effets indésirables (dose-dépendants) à type de rhabdomyolyse (diminution du métabolisme hépatique de l'hypocholestérolémiant).,
STIRIPENTOL,CAFEINE,PE,"Augmentation possible des concentrations plasmatiques de la caféine, avec risque de surdosage, par inhibition de son métabolisme hépatique.",Surveillance clinique et adaptation éventuelle de la posologie de caféine.
STIRIPENTOL,CLOBAZAM,PE,"Augmentation des concentrations plasmatiques de ces anticonvulsivants, avec risque de surdosage, par inhibition de leur métabolisme hépatique.","Surveillance clinique, dosage plasmatique, lorsque cela est possible, de l'anticonvulsivant associé au stiripentol et éventuelle adaptation posologique de l'anticonvulsivant associé."
STIRIPENTOL,DIAZEPAM,PE,"Augmentation des concentrations plasmatiques du diazépam, avec risque de surdosage, par inhibition de son métabolisme hépatique.","Surveillance clinique et dosage plasmatique, lorsque cela est possible, de l'anticonvulsivant associé au stiripentol et éventuelle adaptation posologique de l'anticonvulsivant associé."
STIRIPENTOL,DIHYDROERGOTAMINE,CI,Ergotisme avec possibilité de nécrose des extrémités (inhibition de l'élimination hépatique de l'alcaloïde de l'ergot de seigle).,
STIRIPENTOL,ERGOTAMINE,CI,Ergotisme avec possibilité de nécrose des extrémités (inhibition de l'élimination hépatique de l'alcaloïde de l'ergot de seigle).,
STIRIPENTOL,HALOFANTRINE,AD,"Risque majoré de troubles du rythme ventriculaire, notamment de torsades de pointes.",
STIRIPENTOL,IMMUNOSUPPRESSEURS,CI,Augmentation des concentrations sanguines de l'immunosuppresseur (diminution de son métabolisme hépatique).,
STIRIPENTOL,INDUCTEURS ENZYMATIQUES PUISSANTS,PE,"Augmentation des concentrations plasmatiques de l'inducteur, avec risque de surdosage, par inhibition de son métabolisme hépatique par le stiripentol.","Surveillance clinique et dosage plasmatique, lorsque cela est possible, de l'inducteur associé au stiripentol et adaptation éventuelle de sa posologie."
STIRIPENTOL,MIDAZOLAM,PE,Augmentation des concentrations plasmatiques du midazolam par diminution de son métabolisme hépatique avec majoration de la sédation.,Surveillance clinique et réduction de la posologie pendant le traitement par le stiripentol.
STIRIPENTOL,PIMOZIDE,CI,"Risque majoré de troubles du rythme ventriculaire, notamment de torsades de pointes.",
STIRIPENTOL,QUINIDINE,PE,"Risque majoré de troubles du rythme ventriculaire, notamment de torsades de pointes.",Surveillance clinique.
STIRIPENTOL,SIMVASTATINE,CI,Risque majoré d'effets indésirables (dose-dépendants) à type de rhabdomyolyse (diminution du métabolisme hépatique de l'hypocholestérolémiant).,
STIRIPENTOL,"THÉOPHYLLINE (ET, PAR EXTRAPOLATION, AMINOPHYLLINE)",PE,"Augmentation possible de la théophyllinémie, avec risque de surdosage, par inhibition de son métabolisme hépatique.","Surveillance clinique, dosage plasmatique et adaptation éventuelle de la posologie de théophylline."
STRONTIUM,CALCIUM,PE,Avec les sels de calcium administrés par voie orale : diminution de l'absorption digestive du strontium.,"Prendre le strontium à distance des sels de calcium (plus de deux heures, si possible)."
STRONTIUM,CYCLINES,PE,Diminution de l'absorption digestive du strontium.,"Prendre le strontium à distance des cyclines (plus de deux heures, si possible)."
STRONTIUM,FER,PE,Diminution de l'absorption digestive du strontium.,"Prendre le strontium à distance des sels de fer (plus de deux heures, si possible)."
STRONTIUM,FLUOROQUINOLONES,PE,Diminution de l'absorption digestive du strontium.,"Prendre le strontium à distance des fluoroquinolones (plus de deux heures, si possible)."
STRONTIUM,ZINC,PE,Diminution de l'absorption digestive du strontium.,"Prendre le strontium à distance des sels de zinc (plus de deux heures, si possible)."
ADSORBANTS,"TOPIQUES GASTRO-INTESTINAUX, ANTIACIDES ET ADSORBANTS",PE,Diminution de l'absorption de ces substances.,"ASDEC - PE Association déconseillée: - avec les inhibiteurs d'intégrase (raltégravir, bictégravir, dolutégravir, cabotégravir) : - avec les autres substances. Par mesure de précaution, il convient de prendre ces topiques ou antiacides à distance de tout autre médicament (plus de 2 heures, si possible)."
SUBSTANCES SUSCEPTIBLES DE DONNER DES TORSADES DE POINTES,ANAGRELIDE,PE,"Risque majoré de troubles du rythme ventriculaire, notamment de torsades de pointes.",Surveillance clinique et électrocardiographique pendant l'association.
SUBSTANCES SUSCEPTIBLES DE DONNER DES TORSADES DE POINTES,AZITHROMYCINE,PE,"Risque majoré de troubles du rythme ventriculaire, notamment de torsades de pointes.",Surveillance clinique et électrocardiographique pendant l'association.
SUBSTANCES SUSCEPTIBLES DE DONNER DES TORSADES DE POINTES,BÊTA-BLOQUANTS DANS L'INSUFFISANCE CARDIAQUE,PE,"Risque majoré de troubles du rythme ventriculaire, notamment de torsades de pointes.",Surveillance clinique et électrocardiographique.
SUBSTANCES SUSCEPTIBLES DE DONNER DES TORSADES DE POINTES,BRADYCARDISANTS,PE,"Risque majoré de troubles du rythme ventriculaire, notamment de torsades de pointes.",Surveillance clinique et électrocardiographique pendant l'association.
SUBSTANCES SUSCEPTIBLES DE DONNER DES TORSADES DE POINTES,CIPROFLOXACINE,PE,"Risque majoré de troubles du rythme ventriculaire, notamment de torsades de pointes.",Surveillance clinique et électrocardiographique pendant l'association.
SUBSTANCES SUSCEPTIBLES DE DONNER DES TORSADES DE POINTES,CLARITHROMYCINE,PE,"Risque majoré de troubles du rythme ventriculaire, notamment de torsades de pointes.",Surveillance clinique et électrocardiographique pendant l'association.
SUBSTANCES SUSCEPTIBLES DE DONNER DES TORSADES DE POINTES,CRIZOTINIB,AD,"Risque majoré de troubles du rythme ventriculaire, notamment de torsades de pointes.","Contre-indication : - avec le citalopram, la dompéridone, l'escitalopram, l'hydroxyzine et la pipéraquine. Association déconseillée: - avec les autres médicaments susceptibles de donner des torsades de pointes. Si l'association ne peut être évitée, contrôle clinique et électrocardiographique régulier."
SUBSTANCES SUSCEPTIBLES DE DONNER DES TORSADES DE POINTES,GLASDÉGIB,PE,"Risque majoré de troubles du rythme ventriculaire, notamment de torsades de pointes.",Surveillance clinique et électrocardiographique pendant l'association.
SUBSTANCES SUSCEPTIBLES DE DONNER DES TORSADES DE POINTES,HYPOKALIÉMIANTS,PE,"Risque majoré de troubles du rythme ventriculaire, notamment de torsades de pointes.","Corriger toute hypokaliémie avant d'administrer le produit et réaliser une surveillance clinique, électrolytique et électrocardiographique."
SUBSTANCES SUSCEPTIBLES DE DONNER DES TORSADES DE POINTES,LEVOFLOXACINE,PE,"Risque majoré de troubles du rythme ventriculaire, notamment de torsades de pointes.",Surveillance clinique et électrocardiographique pendant l'association.
SUBSTANCES SUSCEPTIBLES DE DONNER DES TORSADES DE POINTES,MÉDICAMENTS À L'ORIGINE D'UN HYPOGONADISME MASCULIN,PE,"Risque majoré de troubles du rythme ventriculaire, notamment de torsades de pointes.",Surveillance clinique et électrocardiographique pendant l'association.
SUBSTANCES SUSCEPTIBLES DE DONNER DES TORSADES DE POINTES,NORFLOXACINE,PE,"Risque majoré de troubles du rythme ventriculaire, notamment de torsades de pointes.",Surveillance clinique et électrocardiographique pendant l'association.
SUBSTANCES SUSCEPTIBLES DE DONNER DES TORSADES DE POINTES,ONDANSETRON,PE,"Risque majoré de troubles du rythme ventriculaire, notamment de torsades de pointes.",Surveillance clinique et électrocardiographique pendant l'association.
SUBSTANCES SUSCEPTIBLES DE DONNER DES TORSADES DE POINTES,ROXITHROMYCINE,PE,"Risque majoré de troubles du rythme ventriculaire, notamment de torsades de pointes.",Surveillance clinique et électrocardiographique pendant l'association.
SUBSTANCES SUSCEPTIBLES DE DONNER DES TORSADES DE POINTES,SULFAMÉTHOXAZOLE + TRIMÉTHOPRIME,AD,"Risque de troubles ventriculaires, notamment de torsades de pointes.","Contre-indication : - avec le citalopram, la dompéridone, l'escitalopram, l'hydroxyzine et la pipéraquine. Association déconseillée: - avec les autres médicaments susceptibles de donner des torsades de pointes. Si l'association ne peut être évitée, contrôle clinique et électrocardiographique régulier."
SUBSTRATS À RISQUE DU CYP3A4,CRIZOTINIB,AD,Risque de majoration de la toxicité de ces molécules par diminution de leur métabolisme et/ou augmentation de leur biodisponibilité par le crizotinib.,
SUBSTRATS À RISQUE DU CYP3A4,IDÉLALISIB,AD,Augmentation des concentrations plasmatiques du substrat par diminution de son métabolisme hépatique par l'idelalisib.,
SUBSTRATS À RISQUE DU CYP3A4,INHIBITEURS PUISSANTS DU CYP3A4,APEC,"Majoration des effets indésirables propres à chaque substrat, avec conséquences souvent sévères.",
SUCRALFATE,DIGOXINE,PE,Diminution de l'absorption digestive de la digoxine.,"Prendre le sucralfate à distance de la digoxine (plus de 2 heures, si possible)."
SUCRALFATE,FLUOROQUINOLONES,PE,Diminution de l'absorption digestive des fluoroquinolones.,"Prendre le sucralfate à distance des fluoroquinolones (plus de 2 heures, si possible)."
SUCRALFATE,HORMONES THYROÏDIENNES,PE,Diminution de l'absorption digestive des hormones thyroïdiennes.,"Prendre les hormones thyroïdiennes à distance du sucralfate (plus de 2 heures, si possible)."
SUCRALFATE,"PHÉNYTOÏNE (ET, PAR EXTRAPOLATION, FOSPHÉNYTOÏNE)",PE,Diminution de l'absorption digestive de la phénytoïne.,"Prendre le sucralfate à distance de la phénytoïne (plus de 2 heures, si possible)."
SUCRALFATE,SULPIRIDE,PE,Diminution de l'absorption digestive du sulpiride.,"Prendre le sucralfate à distance du sulpiride (plus de 2 heures, si possible)."
SUFENTANIL,INHIBITEURS PUISSANTS DU CYP3A4,PE,Augmentation de l'effet dépresseur respiratoire de l'analgésique opiacé par diminution de son métabolisme hépatique.,Surveillance clinique et adaptation de la posologie de l'analgésique opiacé en cas de traitement par un inhibiteur puissant du CYP3A4.
SULFAFURAZOL,"PHÉNYTOÏNE (ET, PAR EXTRAPOLATION, FOSPHÉNYTOÏNE)",AD,Augmentation des concentrations plasmatiques de phénytoïne jusqu'à des valeurs toxiques (inhibition de son métabolisme).,"Utiliser de préférence une autre classe d'anti-infectieux, sinon surveillance clinique étroite, dosage des concentrations de phénytoïne et adaptation éventuelle de sa posologie pendant le traitement par le sulfamide anti-infectieux et après son arrêt."
SULFAMETHIZOL,METHENAMINE,AD,Précipitation cristalline dans les voies urinaires (favorisée par l'acidification des urines).,
SULFAMETHIZOL,"PHÉNYTOÏNE (ET, PAR EXTRAPOLATION, FOSPHÉNYTOÏNE)",AD,Augmentation des concentrations plasmatiques de phénytoïne jusqu'à des valeurs toxiques (inhibition de son métabolisme).,"Utiliser de préférence une autre classe d'anti-infectieux, sinon surveillance clinique étroite, dosage des concentrations de phénytoïne et adaptation éventuelle de sa posologie pendant le traitement par le sulfamide anti-infectieux et après son arrêt."
SULFAMETHOXAZOLE,ANTIVITAMINES K,AD,Augmentation importante de l'effet de l'antivitamine K et du risque hémorragique.,"Si l'association ne peut être évitée, contrôle plus fréquent de l'INR et adaptation de la posologie de l'antivitamine K pendant le traitement par cotrimoxazole et après son arrêt."
SULFAMETHOXAZOLE,"PHÉNYTOÏNE (ET, PAR EXTRAPOLATION, FOSPHÉNYTOÏNE)",AD,Augmentation des concentrations plasmatiques de phénytoïne jusqu'à des valeurs toxiques (inhibition de son métabolisme).,"Utiliser de préférence une autre classe d'anti-infectieux, sinon surveillance clinique étroite, dosage des concentrations de phénytoïne et adaptation éventuelle de sa posologie pendant le traitement par le sulfamide anti-infectieux et après son arrêt."
SULFAMÉTHOXAZOLE + TRIMÉTHOPRIME,SUBSTANCES SUSCEPTIBLES DE DONNER DES TORSADES DE POINTES,AD,"Risque de troubles ventriculaires, notamment de torsades de pointes.","Contre-indication : - avec le citalopram, la dompéridone, l'escitalopram, l'hydroxyzine et la pipéraquine. Association déconseillée: - avec les autres médicaments susceptibles de donner des torsades de pointes. Si l'association ne peut être évitée, contrôle clinique et électrocardiographique régulier."
SULFAMÉTHOXAZOLE + TRIMÉTHOPRIME,SULFAMIDES HYPOGLYCÉMIANTS,APEC,"Rares survenues d'hypoglycémies, notamment chez le sujet âgé, dénutri ou insuffisant rénal.",
SULFAMIDES ANTIBACTÉRIENS,METHOTREXATE,PE,Augmentation de la toxicité hématologique du méthotrexate.,Dosage des concentrations de méthotrexate. Adapatation posologique si nécessaire pendant l'association et après son arrêt.
SULFAMIDES HYPOGLYCÉMIANTS,ALCOOL (BOISSON OU EXCIPIENT),AD,"Effet antabuse, notamment pour glibenclamide, glipizide, tolbutamide. Augmentation de la réaction hypoglycémique (inhibition des réactions de compensation) pouvant faciliter la survenue de coma hypoglycémique.",Eviter la prise de boissons alcoolisées et de médicaments contenant de l'alcool.
SULFAMIDES HYPOGLYCÉMIANTS,ANALOGUES DE LA SOMATOSTATINE,PE,"Risque d'hypoglycémie ou d'hyperglycémie : diminution ou augmentation des besoins en sulfamide hypoglycemiant, par diminution ou augmentation de la sécrétion de glucagon endogène.",Renforcer l'autosurveillance glycémique et adapter si besoin la posologie du sulfamide hypoglycemiant pendant le traitement par l'analogue de la somatostatine.
SULFAMIDES HYPOGLYCÉMIANTS,BÊTA-2 MIMÉTIQUES,PE,Elévation de la glycémie par le bêta-2 mimétique.,"Renforcer la surveillance sanguine et urinaire. Passer éventuellement à l'insuline, le cas échéant."
SULFAMIDES HYPOGLYCÉMIANTS,BÊTA-BLOQUANTS (SAUF ESMOLOL) (Y COMPRIS COLLYRES),PE,Tous les bêta-bloquants peuvent masquer certains symptômes de l'hypoglycémie : palpitations et tachycardie.,"Prévenir le patient et renforcer, surtout en début de traitement, l'autosurveillance glycémique."
SULFAMIDES HYPOGLYCÉMIANTS,BÊTA-BLOQUANTS DANS L'INSUFFISANCE CARDIAQUE,PE,Tous les bêta-bloquants peuvent masquer certains symptômes de l'hypoglycémie : palpitations et tachycardie.,"Prévenir le malade et renforcer, surtout au début du traitement, l'autosurveillance sanguine."
SULFAMIDES HYPOGLYCÉMIANTS,CHLORPROMAZINE,PE,A fortes posologies (100 mg par jour de chlorpromazine) : élévation de la glycémie (diminution de la libération de l'insuline).,Prévenir le patient et renforcer l'autosurveillance glycémique. Adapter éventuellement la posologie du neuroleptique pendant le traitement et après son arrêt.
SULFAMIDES HYPOGLYCÉMIANTS,CLARITHROMYCINE,PE,Risque d'hypoglycémie par augmentation des concentrations plasmatiques de l'antidiabétique.,"Prévenir le patient, renforcer l'autosurveillance glycémique et adapter éventuellement la posologie du sulfamide hypoglycémiant pendant le traitement par la clarithromycine."
SULFAMIDES HYPOGLYCÉMIANTS,DANAZOL,AD,Effet diabétogène du danazol.,"Si l'association ne peut être évitée, prévenir le patient et renforcer l'autosurveillance glycémique. Adapter éventuellement la posologie de l'antidiabétique pendant le traitement par le danazol et après son arrêt."
SULFAMIDES HYPOGLYCÉMIANTS,FLUCONAZOLE,PE,Augmentation du temps de demi-vie du sulfamide avec survenue possible de manifestations d'hypoglycémie.,"Prévenir le patient, renforcer l'autosurveillance glycémique et adapter éventuellement la posologie du sulfamide pendant le traitement par le fluconazole."
SULFAMIDES HYPOGLYCÉMIANTS,INHIBITEURS DE L'ENZYME DE CONVERSION,PE,L'utilisation des IEC peut entraîner une majoration de l'effet hypoglycémiant chez le diabétique traité par sulfamides hypoglycémiants. La survenue de malaises hypoglycémiques semble exceptionnelle (amélioration de la tolérance au glucose qui aurait pour conséquence une réduction des besoins en sulfamides hypoglycémiants).,Renforcer l'autosurveillance glycémique.
SULFAMIDES HYPOGLYCÉMIANTS,MICONAZOLE,CI,"Augmentation de l'effet hypoglycémiant avec survenue possible de manifestations hypoglycémiques, voire de coma.",
SULFAMIDES HYPOGLYCÉMIANTS,SULFAMÉTHOXAZOLE + TRIMÉTHOPRIME,APEC,"Rares survenues d'hypoglycémies, notamment chez le sujet âgé, dénutri ou insuffisant rénal.",
SULFASALAZINE,DIGOXINE,PE,Diminution de la digoxinémie pouvant atteindre 50 %.,"Surveillance clinique, ECG et, éventuellement, de la digoxinémie. S'il y a lieu, adaptation de la posologie de la digoxine pendant le traitement par la sulfasalazine et après son arrêt."
SULFASALAZINE,PONATINIB,PE,Risque d'augmentation des concentrations plasmatiques de la sulfasalazine par augmentation de son absorption intestinale par le ponatinib.,Surveillance clinique et biologique étroite pendant l'association.
SULFASALAZINE,TÉDIZOLIDE,AD,"Risque d'augmentation des concentrations plasmatiques de la sulfasalazine, par augmentation de son absorption avec le tédizolide administré par voie orale.",
SULFINPYRAZONE,CICLOSPORINE,PE,Diminution des concentrations sanguines de ciclosporine par augmentation de son métabolisme par la sulfinpyrazone.,Contrôle des concentrations sanguines de ciclosporine et adaptation éventuelle de sa posologie pendant le traitement par sulfinpyrazone et après son arrêt.
SULPIRIDE,SUCRALFATE,PE,Diminution de l'absorption digestive du sulpiride.,"Prendre le sucralfate à distance du sulpiride (plus de 2 heures, si possible)."
SULPROSTONE,MÉTHYLERGOMÉTRINE,CI,Risque de vasoconstriction coronaire pouvant être fatale.,Ne pas utiliser ces deux médicaments simultanément ou successivement.
SUNITINIB,GRAZOPREVIR + ELBASVIR,AD,Risque d'augmentation des effets indésirables du sunitinib par le grazoprévir/elbasvir.,"Si l'association ne peut être évitée, surveillance clinique étroite."
SUXAMETHONIUM,ANTICHOLINESTÉRASIQUES,APEC,"Risque d'allongement du bloc moteur, majoré en cas de déficit partiel en pseudocholinestérase.",
SYMPATHOMIMÉTIQUES ALPHA (VOIES ORALE ET/OU NASALE),ALCALOÏDES DE L'ERGOT DE SEIGLE DOPAMINERGIQUES,AD,Risque de vasoconstriction et/ou de poussées hypertensives.,
SYMPATHOMIMÉTIQUES ALPHA (VOIES ORALE ET/OU NASALE),ALCALOÏDES DE L'ERGOT DE SEIGLE VASOCONSTRICTEURS,AD,Risque de vasoconstriction et/ou de poussées hypertensives.,
SYMPATHOMIMÉTIQUES ALPHA (VOIES ORALE ET/OU NASALE),IMAO IRRÉVERSIBLES,AD,"Crises hypertensives (inhibition du métabolisme des amines pressives). Du fait de la durée d'action de l'IMAO, cette interaction est encore possible 15 jours après l'arrêt de l'IMAO.",
SYMPATHOMIMÉTIQUES ALPHA (VOIES ORALE ET/OU NASALE),SYMPATHOMIMÉTIQUES INDIRECTS,CI,Risque de vasoconstriction et/ou de poussées hypertensives.,
SYMPATHOMIMÉTIQUES ALPHA ET BÊTA (VOIE IM ET IV),ANESTHÉSIQUES VOLATILS HALOGÉNÉS,APEC,Décrit avec l'halothane et le cyclopropane. Troubles du rythme ventriculaire graves par augmentation de l'excitabilité cardiaque.,
SYMPATHOMIMÉTIQUES ALPHA ET BÊTA (VOIE IM ET IV),ANTIDÉPRESSEURS IMIPRAMINIQUES,AD,Hypertension paroxystique avec possibilité de troubles du rythme (inhibition de l'entrée du sympathomimétique dans la fibre sympathique).,
SYMPATHOMIMÉTIQUES ALPHA ET BÊTA (VOIE IM ET IV),IMAO IRRÉVERSIBLES,PE,"Augmentation de l'action pressive du sympathomimétique, le plus souvent modérée.",A n'utiliser que sous contrôle médical strict.
SYMPATHOMIMÉTIQUES ALPHA ET BÊTA (VOIE IM ET IV),"IMAO-A RÉVERSIBLES, Y COMPRIS OXAZOLIDINONES ET BLEU DE MÉTHYLÈNE",PE,Par extrapolation à partir des IMAO non sélectifs : risque d'augmentation de l'action pressive.,A n'utiliser que sous contrôle médical strict.
SYMPATHOMIMÉTIQUES ALPHA ET BÊTA (VOIE IM ET IV),MÉDICAMENTS MIXTES ADRÉNERGIQUES-SÉROTONINERGIQUES,AD,Hypertension paroxystique avec possibilité de troubles du rythme (inhibition de l'entrée du sympathomimétique dans la fibre sympathique).,
SYMPATHOMIMÉTIQUES INDIRECTS,AUTRES SYMPATHOMIMETIQUES INDIRECTS,CI,Risque de vasoconstriction et/ou de crises hypertensives.,
SYMPATHOMIMÉTIQUES INDIRECTS,ALCALOÏDES DE L'ERGOT DE SEIGLE DOPAMINERGIQUES,AD,Risque de vasoconstriction et/ou de poussées hypertensives.,
SYMPATHOMIMÉTIQUES INDIRECTS,ALCALOÏDES DE L'ERGOT DE SEIGLE VASOCONSTRICTEURS,AD,Risque de vasoconstriction et/ou de poussées hypertensives.,
SYMPATHOMIMÉTIQUES INDIRECTS,ANESTHÉSIQUES VOLATILS HALOGÉNÉS,PE,Poussée hypertensive peropératoire.,"En cas d'intervention programmée, il est préférable d'interrompre le traitement quelques jours avant l'intervention."
SYMPATHOMIMÉTIQUES INDIRECTS,IMAO IRRÉVERSIBLES,CI,"Hypertension paroxystique, hyperthermie pouvant être fatale. Du fait de la durée d'action de l'IMAO, cette interaction est encore possible 15 jours après l'arrêt de l'IMAO.",
SYMPATHOMIMÉTIQUES INDIRECTS,SYMPATHOMIMÉTIQUES ALPHA (VOIES ORALE ET/OU NASALE),CI,Risque de vasoconstriction et/ou de poussées hypertensives.,
TACROLIMUS,AMINOSIDES,APEC,Augmentation de la créatininémie plus importante que sous tacrolimus seul (synergie des effets néphrotoxiques des deux substances).,
TACROLIMUS,AMIODARONE,PE,Augmentation des concentrations sanguines de tacrolimus par inhibition de son métabolisme par l'amiodarone.,"Dosage des concentrations sanguines de tacrolimus, contrôle de la fonction rénale et adaptation de la posologie de tacrolimus pendant l'association et à l'arrêt de l'amiodarone."
TACROLIMUS,AMPHOTERICINE B,APEC,Avec l'amphotéricine B administrée par voie IV : augmentation de la créatininémie plus importante que sous tacrolimus seul (synergie des effets néphrotoxiques des deux substances).,
TACROLIMUS,ANTI-INFLAMMATOIRES NON STÉROÏDIENS,PE,"Risque d'addition des effets néphrotoxiques, notamment chez le sujet âgé.",Surveiller la fonction rénale en début de traitement par l'AINS.
TACROLIMUS,CLINDAMYCINE,PE,"Diminution des concentrations sanguines de l'immunosuppresseur, avec risque de perte de l'activité immunosuppressive.",Contrôle renforcé des dosages sanguins de tacrolimus et augmentation éventuelle de sa posologie.
TACROLIMUS,DABIGATRAN,AD,Risque d'augmentation des concentrations plasmatiques de dabigatran.,
TACROLIMUS,DANAZOL,PE,Augmentation des concentrations sanguines du tacrolimus par inhibition de son métabolisme hépatique.,"Dosage des concentrations sanguines du tacrolimus et adaptation de sa posologie pendant l'association et après son arrêt, avec contrôle de la fonction rénale."
TACROLIMUS,DIURÉTIQUES ÉPARGNEURS DE POTASSIUM (SEULS OU ASSOCIÉS),AD,"Hyperkaliémie potentiellement létale, surtout lors d'une insuffisance rénale (addition des effets hyperkaliémiants).",
TACROLIMUS,GRAZOPREVIR + ELBASVIR,PE,Augmentation des concentrations plasmatiques de tacrolimus par inhibition de son métabolisme hépatique.,Surveillance clinique et biologique étroite.
TACROLIMUS,JOSAMYCINE,AD,"Augmentation des concentrations sanguines de tacrolimus et de la créatininémie, par inhibition du métabolisme hépatique du tacrolimus par la josamycine.",
TACROLIMUS,LANSOPRAZOLE,PE,Augmentation des concentrations sanguines du tacrolimus.,"Dosage des concentrations sanguines du tacrolimus, contrôle de la fonction rénale et adaptation de la posologie pendant l'association et après son arrêt."
TACROLIMUS,MIFAMURTIDE,CI,Risque d'atteinte des macrophages spléniques et des cellules phagocytaires mononuclées.,
TACROLIMUS,OMBITASVIR + PARITAPRÉVIR,AD,En association avec le ritonavir : augmentation significative des concentrations de l'immunosuppresseur avec risque de majoration de sa toxicité par la bithérapie.,"Si l'association s'avère nécessaire, contrôle strict de la fonction rénale, dosage des concentrations sanguines de l'immunosuppresseur et adaptation éventuelle de la posologie."
TACROLIMUS,OMEPRAZOLE,PE,Augmentation des concentrations sanguines du tacrolimus.,"Dosage des concentrations sanguines du tacrolimus, contrôle de la fonction rénale et adaptation de la posologie pendant l'association et après son arrêt."
TACROLIMUS,POTASSIUM,AD,"Pour une quantité de potassium > à 1 mmol/prise, hyperkaliémie potentiellement létale, notamment chez l'insuffisant rénale (addition des effets hyperkaliémiants).",Sauf en cas d'hypokaliémie.
TACROLIMUS,TIGECYCLINE,PE,"Augmentation des concentrations sanguines de l'immunosuppresseur, avec risque d'effets néphrotoxiques.","Dosage des concentrations sanguines de l'immunosuppresseur, contrôle de la fonction rénale et adaptation de la posologie pendant le traitement par la tigécycline."
TACROLIMUS,VERAPAMIL,PE,Augmentation des concentrations sanguines du tacrolimus (diminution de son métabolisme hépatique par le verapamil).,"Dosage des concentrations sanguines de l'immunosuppresseur, contrôle de la fonction rénale et adaptation de la posologie pendant l'association et après son arrêt."
TALAZOPARIB,AMIODARONE,PE,Augmentation des concentrations de talazoparib avec risque de majoration de la toxicité.,Réduire la dose de talazoparib.
TALAZOPARIB,CICLOSPORINE,PE,Augmentation des concentrations de talazoparib avec risque de majoration de la toxicité.,Réduire la dose de talazoparib.
TALAZOPARIB,CLARITHROMYCINE,PE,Augmentation des concentrations de talazoparib avec risque de majoration de la toxicité.,Réduire la dose de talazoparib.
TALAZOPARIB,DRONEDARONE,PE,Augmentation des concentrations de talazoparib avec risque de majoration de la toxicité.,Réduire la dose de talazoparib.
TALAZOPARIB,ERYTHROMYCINE,PE,Augmentation des concentrations de talazoparib avec risque de majoration de la toxicité.,Réduire la dose de talazoparib.
TALAZOPARIB,INHIBITEURS DE PROTÉASES BOOSTÉS PAR RITONAVIR,PE,Augmentation des concentrations de talazoparib avec risque de majoration de la toxicité.,Réduire la dose de talazoparib.
TALAZOPARIB,ITRACONAZOLE,PE,Augmentation des concentrations de talazoparib avec risque de majoration de la toxicité.,Réduire la dose de talazoparib.
TALAZOPARIB,QUINIDINE,PE,Augmentation des concentrations de talazoparib avec risque de majoration de la toxicité.,Réduire la dose de talazoparib.
TALAZOPARIB,VERAPAMIL,PE,Augmentation des concentrations de talazoparib avec risque de majoration de la toxicité.,Réduire la dose de talazoparib.
TAMOXIFENE,ANTIVITAMINES K,PE,Risque d'augmentation de l'effet de l'antivitamine K et du risque hémorragique.,Contrôle plus fréquent de l'INR. Adaptation éventuelle de la posologie de l'antivitamine K.
TAMOXIFENE,BUPROPION,AD,"Risque de baisse de l'efficacité du tamoxifène, par inhibition de la formation de son métabolite actif par le bupropion.",
TAMOXIFENE,DULOXETINE,AD,"Risque de baisse de l'efficacité du tamoxifène, par inhibition de la formation de son métabolite actif par la duloxétine.",
TAMOXIFENE,FLUOXETINE,AD,"Baisse de l'efficacité du tamoxifène, par inhibition de la formation de son métabolite actif par la fluoxétine.",
TAMOXIFENE,INDUCTEURS ENZYMATIQUES,APEC,Risque d'inefficacité du tamoxifène par augmentation de son métabolisme par l'inducteur.,
TAMOXIFENE,MILLEPERTUIS,CI,Risque d'inefficacité du tamoxifène par augmentation de son métabolisme par le millepertuis.,
TAMOXIFENE,PAROXETINE,AD,"Baisse de l'efficacité du tamoxifène, par inhibition de la formation de son métabolite actif par la paroxétine.",
TAMOXIFENE,QUINIDINE,AD,"Risque de baisse de l'efficacité du tamoxifène, par inhibition de la formation de son métabolite actif par la quinidine.",
TAMOXIFENE,ROLAPITANT,AD,Risque de baisse de l'efficacité du tamoxifène par inhibition de la formation de son métabollite actif par le rolapitant.,
TAMOXIFENE,TERBINAFINE,AD,"Risque de baisse de l'efficacité du tamoxifène, par inhibition de la formation de son métabolite actif par la terbinafine.",
TAMSULOSINE,AMIODARONE,PE,"Risque de majoration des effets indésirables de la tamsulosine, par inhibition de son métabolisme hépatique.","Surveillance clinique et adaptation de la posologie de la tamsulosine pendant le traitement par l'inhibiteur enzymatique et après son arrêt, le cas échéant."
TAMSULOSINE,DILTIAZEM,PE,"Risque de majoration des effets indésirables de la tamsulosine, par inhibition de son métabolisme hépatique.","Surveillance clinique et adaptation de la posologie de la tamsulosine pensant le traitement par l'inhibiteur enzymatique et après son arrêt, le cas échéant."
TAMSULOSINE,INHIBITEURS PUISSANTS DU CYP3A4,AD,"Risque de majoration des effets indésirables de la tamsulosine, par inhibition de son métabolisme hépatique.",
TAMSULOSINE,VERAPAMIL,PE,"Risque de majoration des effets indésirables de la tamsulosine, par inhibition de son métabolisme hépatique.","Surveillance clinique et adaptation de la posologie de la tamsulosine pensant le traitement par l'inhibiteur enzymatique et après son arrêt, le cas échéant."
TÉDIZOLIDE,IMATINIB,AD,"Risque d'augmentation des concentrations plasmatiques de l'imatinib, par augmentation de son absorption avec le tédizolide administré par voie orale.",
TÉDIZOLIDE,LAPATINIB,AD,"Risque d'augmentation des concentrations plasmatiques du lapatinib, par augmentation de son absorption avec le tédizolide administré par voie orale, ou par diminution de son élimination avec le tédizolide administré par voie IV.",
TÉDIZOLIDE,METHOTREXATE,AD,"Risque d'augmentation des concentrations plasmatiques du méthotrexate, par augmentation de son absorption avec le tédizolide administré par voie orale, ou par diminution de son élimination avec le tédizolide administré par voie IV.",
TÉDIZOLIDE,ROSUVASTATINE,AD,"Risque d'augmentation des concentrations plasmatiques de la rosuvastatine, par augmentation de son absorption avec le tédizolide administré par voie orale, ou par diminution de son élimination avec le tédizolide administré par voie IV.",
TÉDIZOLIDE,SULFASALAZINE,AD,"Risque d'augmentation des concentrations plasmatiques de la sulfasalazine, par augmentation de son absorption avec le tédizolide administré par voie orale.",
TÉDIZOLIDE,TOPOTECANE,AD,"Risque d'augmentation des concentrations plasmatiques du topotécan, par augmentation de son absorption avec le tédizolide administré par voie orale, ou par diminution de son élimination avec le tédizolide administré par voie IV.",
TELBIVUDINE,PEG-INTERFERON ALFA-2A,CI,Risque majoré de neuropathies périphériques.,
TELITHROMYCINE,ATORVASTATINE,CI,Risque majoré d'effets indésirables (dose-dépendants) à type de rhabdomyolyse (diminution du métabolisme hépatique de l'hypocholestérolémiant).,
TELITHROMYCINE,DIGOXINE,PE,Augmentation de la digoxinémie par augmentation de son absorption.,Surveillance clinique et éventuellement de la digoxinémie pendant le traitement par la télithromycine et après son arrêt.
TELITHROMYCINE,IMMUNOSUPPRESSEURS,AD,Augmentation très importante des concentrations sanguines de l'immunosuppresseur par inhibition de son métabolisme hépatique.,"En cas d'association, contrôle strict de la fonction rénale, dosage des concentrations sanguines de l'immunosuppresseur et adaptation éventuelle de la posologie."
TELITHROMYCINE,INDUCTEURS ENZYMATIQUES PUISSANTS,AD,"Diminution des concentrations plasmatiques de la télithromycine, avec risque d'échec du traitement anti-infectieux, par augmentation de son métabolisme hépatique par l'inducteur.",
TELITHROMYCINE,INHIBITEURS PUISSANTS DU CYP3A4,CI,"Risque de majoration des effets indésirables, notamment à type de troubles du rythme cardiaque.",chez le patient insuffisant rénal ou hépatique sévère.
TELITHROMYCINE,MILLEPERTUIS,AD,"Diminution des concentrations plasmatiques de la télithromycine, avec risque d'échec du traitement anti-infectieux, par augmentation du métabolisme hépatique de la télithromycine par le millepertuis.",
TELITHROMYCINE,RIFAMPICINE,AD,"Diminution très importante des concentrations plasmatiques de la télithromycine, avec risque d'échec du traitement anti-infectieux, par augmentation du métabolisme hépatique de la télithromycine par la rifampicine.",
TELITHROMYCINE,VENLAFAXINE,APEC,Augmentation des concentrations de venlafaxine avec risque de surdosage.,
TEMSIROLIMUS,INHIBITEURS DE L'ENZYME DE CONVERSION,APEC,Majoration du risque d'angio-oedème.,
TENOFOVIR ALAFÉNAMIDE,P A S SODIQUE,APEC,Diminution des deux tiers de l'exposition du ténofovir avec une formulation de PAS calcique.,
TÉNOFOVIR ALAFÉNAMIDE,CICLOSPORINE,PE,Augmentation des concentrations plasmatiques du ténofovir alafénamide par augmentation de son absorption.,"En cas de co-administration avec la ciclosporine, la dose de ténofovir alafénamide doit être limitée à 10 mg par jour."
TÉNOFOVIR ALAFÉNAMIDE,COBICISTAT,PE,"Avec l'atazanavir, le darunavir ou le lopinavir boostés par cobicistat, augmentation des concentrations plasmatiques du ténofovir alafénamide par augmentation de son absorption.","En cas de co-administration, la dose de ténofovir alafénamide doit être limitée à 10 mg par jour. L'association avec les autres inhibiteurs de protéases du VIH n'a pas été étudiée."
TÉNOFOVIR ALAFÉNAMIDE,INDUCTEURS ENZYMATIQUES,AD,Diminution des concentrations plasmatiques du ténofovir alafénamide par diminution de son absorption par l'inducteur.,"Si l'association ne peut être évitée, surveillance clinique pendant l'association et 1 à 2 semaines après l'arrêt de l'inducteur."
TÉNOFOVIR ALAFÉNAMIDE,INHIBITEURS DE PROTÉASES BOOSTÉS PAR RITONAVIR,PE,"Avec l'atazanavir, le darunavir ou le lopinavir, augmentation des concentrations plasmatiques du ténofovir alafénamide par augmentation de son absorption.","En cas de co-administration, la dose de ténofovir alafénamide doit être limitée à 10 mg par jour. L'association avec les autres inhibiteurs de protéases du VIH n'a pas été étudiée."
TÉNOFOVIR ALAFÉNAMIDE,ITRACONAZOLE,PE,Augmentation des concentrations plasmatiques du ténofovir alafénamide par augmentation de son absorption.,"En cas de co-administration avec l'itraconazole, la dose de ténofovir alafénamide doit être limitée à 10 mg par jour."
TÉNOFOVIR ALAFÉNAMIDE,KETOCONAZOLE,PE,Augmentation des concentrations plasmatiques du ténofovir alafénamide par augmentation de son absorption.,"En cas de co-administration avec le kétoconazole, la dose de ténofovir alafénamide doit être limitée à 10 mg par jour."
TÉNOFOVIR ALAFÉNAMIDE,RIFAMPICINE,AD,Diminution des concentrations plasmatiques du ténofovir alafénamide par diminution de son absorption par la rifampicine.,Surveillance clinique pendant l'association et 1 à 2 semaines après l'arrêt de la rifampicine.
TÉNOFOVIR ALAFÉNAMIDE,VERAPAMIL,PE,Augmentation des concentrations plasmatiques du ténofovir alafénamide par augmentation de son absorption.,"En cas de co-administration avec le vérapamil, la dose de ténofovir alafénamide doit être limitée à 10 mg par jour."
TENOFOVIR DISOPROXIL,ANTI-INFLAMMATOIRES NON STÉROÏDIENS,PE,"Risque de majoration de la néphrotoxicité du ténofovir, notamment avec des doses élevées de l'anti-inflammatoire ou en présence de facteurs de risque d'insuffisance rénale.","En cas d'association, surveiller la fonction rénale."
TENOFOVIR DISOPROXIL,ATAZANAVIR,APEC,"Diminution d'environ un tiers de l'exposition à l'atazanavir chez le patient en cas d'association au ténofovir, comparativement au sujet sain recevant la même association.",Ne pas administrer l'atazanavir avec le ténofovir sans ritonavir.
TENOFOVIR DISOPROXIL,DIDANOSINE,AD,"Risque d'échec du traitement antirétroviral, voire émergence de résistances. De plus, majoration du risque de la toxicité mitochondriale de la didanosine.",
TENOFOVIR DISOPROXIL,LÉDIPASVIR,PE,"Lors de sa co-administration avec un inhibiteur de protéase, augmentation des concentrations plasmatiques du ténofovir par le lédipasvir.","Surveillance clinique et biologique, notamment de la fonction rénale."
TENOFOVIR DISOPROXIL,P A S SODIQUE,APEC,Diminution des deux tiers de l'exposition du ténofovir avec une formulation de PAS calcique.,
TERBINAFINE,CICLOSPORINE,PE,Diminution des concentrations sanguines de ciclosporine.,Contrôle des concentrations sanguines de ciclosporine et adaptation éventuelle de sa posologie pendant le traitement par terbinafine et après son arrêt.
TERBINAFINE,CODEINE,AD,Risque d'inefficacité de l'opiacé par inhibition de son métabolisme par l'inhibiteur.,
TERBINAFINE,MEQUITAZINE,AD,"Risque de majoration des effets indésirables de la méquitazine, par inhibition de son métabolisme par l'inhibiteur enzymatique.",
TERBINAFINE,METOPROLOL,PE,"Chez l'insuffisant cardiaque, risque d'augmentation des effets indésirables du métoprolol, par diminution de son métabolisme hépatique par la terbinafine.","Surveillance clinique. Si besoin, adaptation de la posologie du métoprolol pendant le traitement par la terbinafine."
TERBINAFINE,PROPAFENONE,PE,"Risque d'augmentation des effets indésirables de la propafénone, par diminution de son métabolisme hépatique par la terbinafine.","Surveillance clinique. Si besoin, adaptation de la posologie de la propafénone pendant le traitement par la terbinafine."
TERBINAFINE,RIFAMPICINE,PE,"Diminution des concentrations plasmatiques et de l'efficacité de la terbinafine, par augmentation de son métabolisme hépatique par la rifampicine.","Surveillance clinique. Si besoin, adaptation de la posologie de la terbinafine pendant le traitement par la rifampicine."
TERBINAFINE,TAMOXIFENE,AD,"Risque de baisse de l'efficacité du tamoxifène, par inhibition de la formation de son métabolite actif par la terbinafine.",
TERBINAFINE,TETRABENAZINE,CI,"Augmentation, possiblement très importante, de l'exposition des métabolites actifs de la tétrabénazine.",
TERBINAFINE,TRAMADOL,AD,Risque d'inefficacité de l'opiacé par inhibition de son métabolisme par l'inhibiteur.,
TÉRIFLUNOMIDE,SELEXIPAG,PE,Risque d'augmentation des effets indésirables du sélexipag par diminution de son métabolisme.,Surveillance clinique étroite pendant l'association. Réduire de moitié la posologie (une seule prise par jour).
TÉRIFLUNOMIDE,VACCINS VIVANTS ATTÉNUÉS,AD,"Risque de maladie vaccinale généralisée, éventuellement mortelle.",
TETRABENAZINE,BUPROPION,CI,Augmentation possiblement très importante de l'exposition des métabolites actifs de la tétrabénazine.,
TETRABENAZINE,CINACALCET,CI,Augmentation possiblement très importante de l'exposition des métabolites actifs de la tétrabénazine.,
TETRABENAZINE,DOPAMINERGIQUES,AD,Antagonisme réciproque entre le dopaminergique et la tétrabénazine.,
TETRABENAZINE,DULOXETINE,CI,Augmentation possiblement très importante de l'exposition des métabolites actifs de la tétrabénazine.,
TETRABENAZINE,FLUOXETINE,CI,Augmentation possiblement très importante de l'exposition des métabolites actifs de la tétrabénazine.,
TETRABENAZINE,IMAO IRRÉVERSIBLES,CI,"Risque de crises hypertensives. Du fait de la durée d'action de l'IMAO, cette interaction est encore théoriquement possible 15 jours après son arrêt.",
TETRABENAZINE,LEVODOPA,AD,Antagonisme réciproque entre la lévodopa et la tétrabénazine.,
TETRABENAZINE,PAROXETINE,CI,Augmentation possiblement très importante de l'exposition des métabolites actifs de la tétrabénazine.,
TETRABENAZINE,QUINIDINE,CI,Augmentation possiblement très importante de l'exposition des métabolites actifs de la tétrabénazine.,
TETRABENAZINE,TERBINAFINE,CI,"Augmentation, possiblement très importante, de l'exposition des métabolites actifs de la tétrabénazine.",
THALIDOMIDE,DIDANOSINE,PE,Risque majoré de survenue de neuropathies périphériques par addition d'effets indésirables.,"Surveillance clinique et biologique régulière, notamment en début d'association."
THALIDOMIDE,STAVUDINE,PE,Risque majoré de survenue de neuropathies périphériques par addition d'effets indésirables.,"Surveillance clinique et biologique régulière, notamment en début d'association."
THEOPHYLLINE,GIVOSIRAN,PE,Risque d'augmentation de la théophyllinémie avec signes de surdosage par diminution de son métabolisme hépatique.,Surveillance clinique et éventuellement de la théophyllinémie.
THEOPHYLLINE,LITHIUM,PE,Diminution de la lithémie avec risque de baisse de l'efficacité thérapeutique.,Surveillance stricte de la lithémie et adaptation éventuelle de la posologie du lithium.
THEOPHYLLINE,PROPAFENONE,PE,Risque d'augmentation de la théophyllinémie par diminution de son métabolisme hépatique par la propafénone.,Surveillance clinique et éventuellement de la théophyllinémie.
THEOPHYLLINE,VÉMURAFÉNIB,PE,"Augmentation importante des concentrations de théophylline, avec risques de majoration de ses effets indésirables.",Surveillance clinique et adaptation de la posologie de la théophylline pendant le traitement par vémurafénib et après son arrêt.
"THÉOPHYLLINE (ET, PAR EXTRAPOLATION, AMINOPHYLLINE)",CIMETIDINE,PE,Avec la cimétidine utilisée à des doses supérieures ou égales à 800 mg/j : augmentation de la théophyllinémie avec risque de surdosage (diminution du métabolisme de la théophylline).,"Surveillance clinique et éventuellement de la théophyllinémie. S'il y a lieu, adaptation de la théophylline pendant le traitement par la cimétidine et après son arrêt."
"THÉOPHYLLINE (ET, PAR EXTRAPOLATION, AMINOPHYLLINE)",CIPROFLOXACINE,PE,"Augmentation de la théophyllinémie avec risque de surdosage, par diminution de son métabolisme hépatique par la ciprofloxacine.",Surveillance clinique et éventuellement de la théophyllinémie.
"THÉOPHYLLINE (ET, PAR EXTRAPOLATION, AMINOPHYLLINE)",CLARITHROMYCINE,APEC,"Risque d'augmentation de la théophyllinémie, particulièrement chez l'enfant.",
"THÉOPHYLLINE (ET, PAR EXTRAPOLATION, AMINOPHYLLINE)",DIPYRIDAMOLE,PE,Avec le dipyridamole par voie injectable : réduction de l'effet vasodilatateur du dipyridamole par la théophylline.,Interrompre un traitement par théophylline au moins 5 jours avant une imagerie myocardique avec le dipyridamole.
"THÉOPHYLLINE (ET, PAR EXTRAPOLATION, AMINOPHYLLINE)",ENOXACINE,CI,Surdosage en théophylline par diminution importante de son métabolisme.,
"THÉOPHYLLINE (ET, PAR EXTRAPOLATION, AMINOPHYLLINE)",ERYTHROMYCINE,AD,"Surdosage en théophylline par diminution de son élimination hépatique, plus particulièrement à risque chez l'enfant.",
"THÉOPHYLLINE (ET, PAR EXTRAPOLATION, AMINOPHYLLINE)",FLUCONAZOLE,PE,Augmentation de la théophyllinémie avec risque de surdosage (diminution de la clairance de la théophylline).,"Surveillance clinique et éventuellement de la théophyllinémie ; s'il y a lieu, adaptation de la posologie de la théophylline pendant le traitement par le fluconazole et après son arrêt."
"THÉOPHYLLINE (ET, PAR EXTRAPOLATION, AMINOPHYLLINE)",FLUVOXAMINE,PE,Augmentation de la théophyllinémie avec signes de surdosage (diminution du métabolisme hépatique de la théophylline).,"Surveillance clinique et éventuellement de la théophyllinémie ; si besoin, adaptation de la posologie de la théophylline pendant le traitement par la fluvoxamine et après son arrêt."
"THÉOPHYLLINE (ET, PAR EXTRAPOLATION, AMINOPHYLLINE)",HALOTHANE,AD,Troubles du rythme ventriculaire graves par augmentation de l'excitabilité cardiaque.,
"THÉOPHYLLINE (ET, PAR EXTRAPOLATION, AMINOPHYLLINE)",INDUCTEURS ENZYMATIQUES PUISSANTS,PE,Diminution des concentrations plasmatiques et de l'efficacité de la théophylline par augmentation de son métabolisme hépatique par l'inducteur.,"Surveillance clinique et, si besoin, de la théophyllinémie. Adaptation éventuelle de la posologie de la théophylline pendant le traitement par l'inducteur et après son arrêt."
"THÉOPHYLLINE (ET, PAR EXTRAPOLATION, AMINOPHYLLINE)",INHIBITEURS DE LA XANTHINE OXYDASE,PE,"En cas de posologies élevées de l'inhibiteur, augmentation des concentrations plasmatiques de théophylline par inhibition de son métabolisme.","Surveillance clinique et contrôle de la théophyllinémie jusqu'à deux à trois semaines après la mise en route du traitement par l'inhibiteur ; s'il y a lieu, adaptation de la posologie pendant le traitement par l'association."
"THÉOPHYLLINE (ET, PAR EXTRAPOLATION, AMINOPHYLLINE)",INHIBITEURS DE PROTÉASES BOOSTÉS PAR RITONAVIR,PE,"Diminution des concentrations plasmatiques de la théophylline, par augmentation de son métabolisme hépatique.","Surveillance clinique et éventuellement de la théophyllinémie ; s'il y a lieu, adaptation de la posologie de la théophylline pendant le traitement par l'inhibiteur de protéases et après son arrêt."
"THÉOPHYLLINE (ET, PAR EXTRAPOLATION, AMINOPHYLLINE)",JOSAMYCINE,APEC,"Risque d'augmentation de la théophyllinémie, particulièrement chez l'enfant.",
"THÉOPHYLLINE (ET, PAR EXTRAPOLATION, AMINOPHYLLINE)",MEXILETINE,PE,Augmentation de la théophyllinémie avec risque de surdosage (diminution du métabolisme hépatique de la théophylline).,"Surveillance clinique et éventuellement de la théophyllinémie ; s'il y a lieu, adaptation de la posologie de la théophylline pendant le traitement par la mexilétine et après son arrêt."
"THÉOPHYLLINE (ET, PAR EXTRAPOLATION, AMINOPHYLLINE)",MILLEPERTUIS,CI,"Diminution des concentrations plasmatiques de la théophylline, en raison de l'effet inducteur enzymatique du millepertuis, avec risque de baisse d'efficacité voire d'annulation de l'effet dont les conséquences peuvent être éventuellement graves (survenue d'un trouble ventilatoire obstructif).","En cas d'association fortuite, ne pas interrompre brutalement la prise de millepertuis mais contrôler les concentrations plasmatiques (ou l'efficacité) du médicament associé avant puis après l'arrêt du millepertuis."
"THÉOPHYLLINE (ET, PAR EXTRAPOLATION, AMINOPHYLLINE)",NORFLOXACINE,PE,Augmentation de la théophyllinémie avec risque de surdosage (diminution du métabolisme de la théophylline).,Surveillance clinique et éventuellement de la théophyllinémie.
"THÉOPHYLLINE (ET, PAR EXTRAPOLATION, AMINOPHYLLINE)",PEFLOXACINE,PE,Augmentation de la théophyllinémie avec risque de surdosage (diminution du métabolisme de la théophylline).,Surveillance clinique et éventuellement de la théophyllinémie.
"THÉOPHYLLINE (ET, PAR EXTRAPOLATION, AMINOPHYLLINE)",PENTOXIFYLLINE,PE,Augmentation de la théophyllinémie avec risque de surdosage (compétition au niveau du métabolisme hépatique de la théophylline).,"Surveillance clinique et éventuellement de la théophyllinémie ; s'il y a lieu, adaptation de la posologie de la théophylline pendant le traitement par la pentoxifylline et après son arrêt."
"THÉOPHYLLINE (ET, PAR EXTRAPOLATION, AMINOPHYLLINE)",RIFAMPICINE,PE,Diminution des concentrations plasmatiques et de l'efficacité de la théophylline (augmentation de son métabolisme par induction enzymatique).,"Surveillance clinique et, si besoin, de la théophyllinémie. Adapter, s'il y a lieu, la posologie de la théophylline pendant le traitement par la rifampicine et après son arrêt."
"THÉOPHYLLINE (ET, PAR EXTRAPOLATION, AMINOPHYLLINE)",ROXITHROMYCINE,APEC,"Risque d'augmentation de la théophyllinémie, particulièrement chez l'enfant.",
"THÉOPHYLLINE (ET, PAR EXTRAPOLATION, AMINOPHYLLINE)",STIRIPENTOL,PE,"Augmentation possible de la théophyllinémie, avec risque de surdosage, par inhibition de son métabolisme hépatique.","Surveillance clinique, dosage plasmatique et adaptation éventuelle de la posologie de théophylline."
"THÉOPHYLLINE (ET, PAR EXTRAPOLATION, AMINOPHYLLINE)",TIABENDAZOLE,PE,"Augmentation de la théophyllinémie avec risque de surdosage, par diminution du métabolisme hépatique de la théophylline.","Surveillance clinique et éventuellement de la théophyllinémie ; s'il y a lieu, adaptation de la posologie de la théophylline pendant le traitement (et après son arrêt, dans le cas où l'anthelminthique est prescrit pour une durée excédant 48 heures)."
"THÉOPHYLLINE (ET, PAR EXTRAPOLATION, AMINOPHYLLINE)",TICLOPIDINE,PE,Augmentation de la théophyllinémie avec risque de surdosage (diminution de la clairance plasmatique de la théophylline).,"Surveillance clinique et éventuellement de la théophyllinémie ; s'il y a lieu, adaptation de la posologie de la théophylline pendant le traitement par la ticlopidine et après son arrêt."
THROMBOLYTIQUES,ANTIAGRÉGANTS PLAQUETTAIRES,APEC,Augmentation du risque hémorragique.,
THROMBOLYTIQUES,ANTICOAGULANTS ORAUX,APEC,Augmentation du risque hémorragique.,
THROMBOLYTIQUES,DÉFIBROTIDE,CI,Risque hémorragique accru.,
THROMBOLYTIQUES,HÉPARINES (DOSES CURATIVES ET/OU SUJET ÂGÉ),APEC,Augmentation du risque hémorragique.,
TIABENDAZOLE,"THÉOPHYLLINE (ET, PAR EXTRAPOLATION, AMINOPHYLLINE)",PE,"Augmentation de la théophyllinémie avec risque de surdosage, par diminution du métabolisme hépatique de la théophylline.","Surveillance clinique et éventuellement de la théophyllinémie ; s'il y a lieu, adaptation de la posologie de la théophylline pendant le traitement (et après son arrêt, dans le cas où l'anthelminthique est prescrit pour une durée excédant 48 heures)."
TIAGABINE,INDUCTEURS ENZYMATIQUES PUISSANTS,PE,Diminution des concentrations plasmatiques de la tiagabine par augmentation de son métabolisme hépatique par l'inducteur.,Une augmentation de la posologie de tiagabine peut s'avérer nécessaire en cas d'association à un anticonvulsivant inducteur enzymatique.
TIAGABINE,RIFAMPICINE,PE,Diminution des concentrations plasmatiques de la tiagabine par augmentation de son métabolisme hépatique.,Une augmentation de la posologie de la tiagabine peut s'avérer nécessaire en cas d'association à la rifampicine.
TIANEPTINE,IMAO IRRÉVERSIBLES,AD,"Risque de collapsus, hypertension paroxystique, hyperthermie, convulsions, décès.",
TIBOLONE,ANTIVITAMINES K,PE,Augmentation de l'effet de l'antivitamine K et du risque hémorragique.,Contrôle plus fréquent de l'INR. Adaptation éventuelle de la posologie de l'antivitamine K pendant le traitement par la tibolone et après son arrêt.
TICAGRELOR,ACIDE ACETYLSALICYLIQUE,PE,Majoration du risque hémorragique par addition des activités antiagrégantes plaquettaires.,ASDEC - PE Association déconseillée : - en dehors des indications validées pour cette association dans les syndromes coronariens aigus. : - dans les indications validées pour cette association dans les syndromes coronariens aigus. Surveillance clinique.
TICAGRELOR,DABIGATRAN,APEC,"Augmentation des concentrations plasmatiques de dabigatran, avec majoration du risque de saignement.",
TICAGRELOR,DILTIAZEM,APEC,Risque d'augmentation des concentrations plasmatiques de ticagrelor par diminution de son métabolisme hépatique.,
TICAGRELOR,INDUCTEURS ENZYMATIQUES PUISSANTS,AD,"Diminution importante des concentrations plasmatiques de ticagrelor par augmentation de son métabolisme hépatique par l'inducteur enzymatique, avec risque de diminution de l'effet thérapeutique.",
TICAGRELOR,INHIBITEURS PUISSANTS DU CYP3A4,CI,Augmentation des concentrations plasmatiques de ticagrelor par diminution de son métabolisme hépatique par l'inhibiteur.,
TICAGRELOR,MILLEPERTUIS,CI,"Risque de diminution importante des concentrations plasmatiques de ticagrelor par augmentation de son métabolisme hépatique par le millepertuis, avec diminution de son effet thérapeutique.",
TICAGRELOR,OMBITASVIR + PARITAPRÉVIR,CI,Augmentation des concentrations plasmatiques du ticagrélor par diminution de son métabolisme hépatique par la bithérapie.,
TICAGRELOR,PAMPLEMOUSSE (JUS ET FRUIT),AD,"Doublement des concentrations plasmatiques de l'antiagrégant, avec risque de majoration des effets indésirables, notamment hémorragiques.",
TICAGRELOR,RIFAMPICINE,AD,"Diminution importante des concentrations plasmatiques de ticagrelor par augmentation de son métabolisme hépatique par la rifampicine, avec risque de diminution de l'effet thérapeutique.",
TICAGRELOR,VERAPAMIL,APEC,Risque d'augmentation des concentrations plasmatiques de ticagrelor par diminution de son métabolisme hépatique.,
TICLOPIDINE,ACIDE ACETYLSALICYLIQUE,AD,Majoration du risque hémorragique par addition des activités antiagrégantes plaquettaires.,"Si l'association ne peut être évitée, surveillance clinique étroite."
TICLOPIDINE,CICLOSPORINE,PE,Diminution des concentrations sanguines de ciclosporine.,Augmentation de la posologie de la ciclosporine sous contrôle des concentrations sanguines. Réduction de la posologie en cas d'arrêt de la ticlopidine.
TICLOPIDINE,KETAMINE,APEC,Augmentation des concentrations plasmatiques de kétamine par diminution de son métabolisme par la ticlopidine.,
TICLOPIDINE,"PHÉNYTOÏNE (ET, PAR EXTRAPOLATION, FOSPHÉNYTOÏNE)",PE,Augmentation des concentrations plasmatiques de phénytoïne avec signes de surdosage (inhibition du métabolisme de la,Surveillance clinique et contrôle des concentrations plasmatiques de phénytoïne.
TICLOPIDINE,"THÉOPHYLLINE (ET, PAR EXTRAPOLATION, AMINOPHYLLINE)",PE,Augmentation de la théophyllinémie avec risque de surdosage (diminution de la clairance plasmatique de la théophylline).,"Surveillance clinique et éventuellement de la théophyllinémie ; s'il y a lieu, adaptation de la posologie de la théophylline pendant le traitement par la ticlopidine et après son arrêt."
TIGECYCLINE,CICLOSPORINE,PE,"Augmentation des concentrations sanguines de l'immunosuppresseur, avec risque d'effets néphrotoxiques.","Dosage des concentrations sanguines de l'immunosuppresseur, contrôle de la fonction rénale et adaptation de la posologie pendant le traitement par la tigécycline."
TIGECYCLINE,TACROLIMUS,PE,"Augmentation des concentrations sanguines de l'immunosuppresseur, avec risque d'effets néphrotoxiques.","Dosage des concentrations sanguines de l'immunosuppresseur, contrôle de la fonction rénale et adaptation de la posologie pendant le traitement par la tigécycline."
TOLVAPTAN,AMIODARONE,PE,"Augmentation des concentrations de tolvaptan, avec risque de majoration importante des effets indésirables, notamment diurèse importante, déshydratation, insuffisance rénale aiguë.",Réduire la posologie de tolvaptan de moitié.
TOLVAPTAN,DILTIAZEM,PE,"Augmentation des concentrations de tolvaptan, avec risque de majoration importante des effets indésirables, notamment diurèse importante, déshydratation, insuffisance rénale aiguë.",Réduire la posologie de tolvaptan de moitié.
TOLVAPTAN,FLUCONAZOLE,PE,"Augmentation des concentrations de tolvaptan, avec risque de majoration importante des effets indésirables, notamment diurèse importante, déshydratation, insuffisance rénale aiguë.",Réduire la posologie de tolvaptan de moitié.
TOLVAPTAN,INHIBITEURS PUISSANTS DU CYP3A4,PE,"Augmentation importante (entre 2 à 5 fois en moyenne) des concentrations de tolvaptan, avec risque de majoration importante des effets indésirables, notamment diurèse importante, déshydratation, insuffisance rénale aiguë.","Réduire la posologie des deux tiers aux trois quarts, selon la dose prescrite."
TOLVAPTAN,PAMPLEMOUSSE (JUS ET FRUIT),AD,"Augmentation importante (entre 2 à 5 fois en moyenne) des concentrations de tolvaptan, avec risque de majoration importante des effets indésirables, notamment diurèse importante, déshydratation, insuffisance rénale aiguë.",
TOLVAPTAN,VERAPAMIL,PE,"Augmentation des concentrations de tolvaptan, avec risque de majoration importante des effets indésirables, notamment diurèse importante, déshydratation, insuffisance rénale aiguë.",Réduire la posologie de tolvaptan de moitié.
"TOPIQUES GASTRO-INTESTINAUX, ANTIACIDES ET ADSORBANTS",POLYSTYRÈNE SULFONATE DE CALCIUM,PE,Risque d'alcalose métabolique chez l'insuffisant rénal,"Comme avec tout médicament oral pris avec l'un ou l'autre de ces médicaments, respecter un intervalle entre les prises (plus de 2 heures, si possible)."
"TOPIQUES GASTRO-INTESTINAUX, ANTIACIDES ET ADSORBANTS",POLYSTYRÈNE SULFONATE DE SODIUM,PE,Risque d'alcalose métabolique chez l'insuffisant rénal.,"Comme avec tout médicament oral pris avec l'un ou l'autre de ces médicaments, respecter un intervalle entre les prises (plus de 2 heures, si possible)."
"TOPIQUES GASTRO-INTESTINAUX, ANTIACIDES ET ADSORBANTS","SUBSTANCES À ABSORPTION RÉDUITE PAR LES TOPIQUES GASTRO-INTESTINAUX, ANTIACIDES ET",PE,ADSORBANTS Diminution de l'absorption de ces substances.,"ASDEC - PE Association déconseillée: - avec les inhibiteurs d'intégrase (raltégravir, bictégravir, dolutégravir, cabotégravir) : - avec les autres substances. Par mesure de précaution, il convient de prendre ces topiques ou antiacides à distance de tout autre médicament (plus de 2 heures, si possible)."
TOPIRAMATE,CARBAMAZEPINE,PE,"Diminution des concentrations du topiramate avec risque de moindre efficacité, par augmentation de son métabolisme hépatique par la carbamazépine.","Surveillance clinique, et si besoin, adaptation posologique du topiramate pendant le traitement par la carbamazépine et après son arrêt."
TOPIRAMATE,ESTROPROGESTATIFS CONTRACEPTIFS,AD,Pour des doses de topiramate >= 200 mg/jour : Risque de diminution de l'efficacité contraceptive par diminution des concentrations en estrogène.,"Si l'association s'avère nécessaire, utiliser une méthode additionnel de type mécanique pendant la durée de l'association et un cycle suivant l'arrêt du topiramate."
TOPIRAMATE,LITHIUM,PE,"Pour des doses de topiramate >= 200 mg par jour : augmentation de la lithémie pouvant atteindre des valeurs toxiques, avec signes de surdosage en lithium.",Surveillance clinique et biologique. Adaptation de la posologie du lithium.
TOPIRAMATE,OXCARBAZEPINE,PE,"Risque de diminution des concentrations du topiramate avec risque de moindre efficacité, par augmentation de son métabolisme hépatique par l'oxcarbazépine.","Surveillance clinique, et si besoin, adaptation posologique du topiramate pendant le traitement par l'oxcarbazépine et après son arrêt."
TOPIRAMATE,"VALPROÏQUE (ACIDE) ET, PAR EXTRAPOLATION, VALPROMIDE",PE,"Augmentation de l'hyperammoniémie, avec risque accru d'encéphalopathie.",Surveillance clinique et biologique régulière.
TOPOTECANE,TÉDIZOLIDE,AD,"Risque d'augmentation des concentrations plasmatiques du topotécan, par augmentation de son absorption avec le tédizolide administré par voie orale, ou par diminution de son élimination avec le tédizolide administré par voie IV.",
TRABECTÉDINE,ITRACONAZOLE,AD,Risque d'augmentation des concentrations plasmatiques de la trabectedine par l'itraconazole.,"Si l'association est nécessaire, surveillance clinique et adaptation éventuelle de la posologie de la trabectedine pendant la durée du traitement par l'itraconazole."
TRAITEMENTS DE SUBSTITUTION NICOTINIQUE,MÉDICAMENTS À RISQUE LORS DU SEVRAGE TABAGIQUE,APEC,Risque de surdosage lors du remplacement du tabac par le traitement substitutif.,
TRAMADOL,ANTICOAGULANTS ORAUX,APEC,Augmentation du risque hémorragique,Surveillance particulièrement chez le sujet âgé.
TRAMADOL,BUPROPION,AD,Risque d'inefficacité de l'opiacé par inhibition de son métabolisme par l'inhibiteur.,
TRAMADOL,CINACALCET,AD,Risque d'inefficacité de l'opiacé par inhibition de son métabolisme par l'inhibiteur.,
TRAMADOL,DULOXETINE,AD,Risque d'inefficacité de l'opiacé par inhibition de son métabolisme par l'inhibiteur.,
TRAMADOL,FLUOXETINE,AD,Diminution de l'efficacité de l'opiacé par inhibition de son métabolisme par l'inhibiteur.,
TRAMADOL,IMAO IRRÉVERSIBLES,CI,"Risque d'apparition d'un syndrome sérotoninergique : diarrhée, sueurs, tremblements, confusion, voire coma.",
TRAMADOL,"IMAO-A RÉVERSIBLES, Y COMPRIS OXAZOLIDINONES ET BLEU DE MÉTHYLÈNE",AD,"Risque d'apparition d'un syndrome sérotoninergique : diarrhée, tachycardie, sueurs, tremblements, confusion voire coma.",
TRAMADOL,IMAO-B,APEC,Risque d'apparition d'un syndrome sérotoninergique.,
TRAMADOL,INHIBITEURS SÉLECTIFS DE LA RECAPTURE DE LA SÉROTONINE,APEC,Risque d'apparition de convulsions et/ou d'un syndrome sérotoninergique.,
TRAMADOL,ONDANSETRON,APEC,Diminution de l'intensité et de la durée de l'effet analgésique du tramadol et risque de diminution de l'effet antiémétique de l'ondansétron.,
TRAMADOL,PAROXETINE,AD,Diminution de l'efficacité de l'opiacé par inhibition de son métabolisme par l'inhibiteur.,
TRAMADOL,QUINIDINE,AD,Diminution de l'efficacité de l'opiacé par inhibition de son métabolisme par l'inhibiteur.,
TRAMADOL,TERBINAFINE,AD,Risque d'inefficacité de l'opiacé par inhibition de son métabolisme par l'inhibiteur.,
TRAMADOL,VENLAFAXINE,APEC,Risque d'apparition de convulsions et/ou d'un syndrome sérotoninergique.,
TRASTUZUMAB EMTANSINE,INHIBITEURS PUISSANTS DU CYP3A4,AD,"Augmentation des concentrations plasmatiques du DM1, un composant du trastuzumab emtansine, par inhibition de son métabolisme par l'inhibiteur.",
TRÉTINOÏNE,INHIBITEURS PUISSANTS DU CYP3A4,PE,"Décrit pour les antifongiques azolés Augmentation des concentrations de trétinoïne par diminution de son métabolisme, avec risque de majoration de sa toxicité (pseudo- tumor cerebrii, hypercalcémie…)",Adaptation de la posologie de la trétinoïne pendant le traitement par l'inhibiteur et après son arrêt.
TRICLABENDAZOLE,DIHYDROERGOTAMINE,CI,Ergotisme avec possibilité de nécrose des extrémités (inhibition du métabolisme hépatique de l'alcaloïde de l'ergot de seigle).,"Respecter un délai de 24 heures entre l'arrêt du triclabendazole et la prise du médicament dérivé de l'ergot, et inversement."
TRICLABENDAZOLE,ERGOTAMINE,CI,Ergotisme avec possibilité de nécrose des extrémités (inhibition du métabolisme hépatique de l'alcaloïde de l'ergot de seigle).,"Respecter un délai de 24 heures entre l'arrêt du triclabendazole et l'ergotamine, et inversement."
TRICLABENDAZOLE,PIMOZIDE,CI,"Risque majoré de troubles du rythme ventriculaire, notamment de torsades de pointes (inhibition du métabolisme hépatique du médicament torsadogène).","Respecter un délai de 24 heures entre l'arrêt du triclabendazole et la prise du médicament torsadogène, et inversement."
TRICLABENDAZOLE,QUINIDINE,PE,"Risque majoré de troubles du rythme ventriculaire, notamment de torsades de pointes (inhibition du métabolisme hépatique du médicament torsadogène).",Surveillance clinique.
TRIENTINE,FER,PE,Diminution des concentrations de fer sérique.,Prendre la trientine à distance des sels de fer.
TRIMETHOPRIME,CICLOSPORINE,APEC,Avec le triméthoprime (seul ou associé) par voie orale : augmentation de la créatininémie avec diminution possible des concentrations sanguines de ciclosporine. Avec le trimethoprime (seul ou associé) par voie IV : la diminution des concentrations sanguines de ciclosporine peut être très importante avec disparition possible du pouvoir immunosuppresseur.,
TRIMETHOPRIME,PACLITAXEL,PE,Risque d'augmentation des concentrations plasmatiques du paclitaxel par inhibition de son métabolisme hépatique par le triméthoprime.,Surveillance clinique et biologique étroite et adaptation de la posologie du paclitaxel pendant l'association.
TRIMETHOPRIME,PYRIMETHAMINE,PE,"Anémie mégaloblastique, plus particulièrement à fortes doses des deux produits (déficit en acide folique par l'association de deux 2-4 diaminopyrimidines).",Contrôle régulier de l'hémogramme et association d'un traitement par l'acide folique (injections IM régulières).
TRIMETHOPRIME,REPAGLINIDE,AD,Risque d'augmentation des concentrations plasmatiques de répaglinide par inhibition de son métabolisme hépatique par le triméthoprime.,"Si l'association ne peut être évitée, surveillance clinique et biologique étroite."
TRIMETHOPRIME,SELEXIPAG,PE,Risque d'augmentation des effets indésirables du sélexipag par diminution de son métabolisme.,Surveillance clinique étroite pendant l'association. Réduire de moitié la posologie (une seule prise par jour).
TRIPTANS,ALCALOÏDES DE L'ERGOT DE SEIGLE VASOCONSTRICTEURS,CI,"Risque d'hypertension artérielle, de vasoconstriction artérielle coronaire.","Respecter un délai de 6 à 24 heures, selon le triptan, entre la prise de celui-ci et celle de l'alcaloïde ergoté"
TRIPTANS,INHIBITEURS SÉLECTIFS DE LA RECAPTURE DE LA SÉROTONINE,APEC,Risque d'apparition d'un syndrome sérotoninergique.,
TRIPTANS MÉTABOLISÉS PAR LA MAO,IMAO IRRÉVERSIBLES,CI,"Risque d'hypertension artérielle, de vasoconstriction artérielle coronaire.",
TRIPTANS MÉTABOLISÉS PAR LA MAO,"IMAO-A RÉVERSIBLES, Y COMPRIS OXAZOLIDINONES ET BLEU DE MÉTHYLÈNE",CI,"Risque d'hypertension artérielle, de vasoconstriction artérielle coronaire.",
TRIPTANS MÉTABOLISÉS PAR LA MAO,IMAO-B,CI,"Risque d'hypertension artérielle, de vasoconstriction artérielle coronaire.",
TRIPTANS NON MÉTABOLISÉS PAR LA MAO,IMAO IRRÉVERSIBLES,AD,"Risque d'hypertension artérielle, de vasoconstriction artérielle coronaire.",
TRIPTANS NON MÉTABOLISÉS PAR LA MAO,"IMAO-A RÉVERSIBLES, Y COMPRIS OXAZOLIDINONES ET BLEU DE MÉTHYLÈNE",AD,"Risque d'hypertension artérielle, de vasoconstriction artérielle coronaire.",
TRIPTANS NON MÉTABOLISÉS PAR LA MAO,IMAO-B,AD,"Risque d'hypertension artérielle, de vasoconstriction artérielle coronaire.",
TUCATINIB,GEMFIBROZIL,AD,Augmentation importante des concentrations de tucatinib par diminution de son métabolisme par le gemfibrozil.,
ULIPRISTAL,ANTISÉCRÉTOIRES ANTIHISTAMINIQUES H2,APEC,"Risque de diminution de l'effet de l'ulipristal, par diminution de son absorption.",
ULIPRISTAL,ANTISÉCRÉTOIRES INHIBITEURS DE LA POMPE À PROTONS,APEC,"Risque de diminution de l'effet de l'ulipristal, par diminution de son absorption.",
ULIPRISTAL,INDUCTEURS ENZYMATIQUES PUISSANTS,AD,"Risque de diminution de l'effet de l'ulipristal, par augmentation de son métabolisme hépatique par l'inducteur.",Préférer une alternative thérapeutique peu ou pas métabolisée.
ULIPRISTAL,INHIBITEURS DE PROTÉASES BOOSTÉS PAR RITONAVIR,AD,"Risque de diminution de l'effet de l'ulipristal, par augmentation de son métabolisme hépatique par le ritonavir.",Préférer une alternative thérapeutique peu ou pas métabolisée.
ULIPRISTAL,MILLEPERTUIS,AD,"Risque de diminution de l'effet de l'ulipristal, par augmentation de son métabolisme hépatique par l'inducteur.",Préférer une alternative thérapeutique peu ou pas métabolisée.
ULIPRISTAL,PROGESTATIFS CONTRACEPTIFS,AD,"Dans l'indication contraception d'urgence : Antagonisme des effets de l'ulipristal en cas de reprise d'un contraceptif hormonal moins de 5 jours après la prise de la contraception d'urgence. Dans l'indication fibrome : Antagonisme réciproque des effets de l'ulipristal et du progestatif, avec risque d'inefficacité.","- Dans l'indication contraception d'urgence: Dans le cas où la (re)prise d'une contraception hormonale est envisagée, utiliser une contraception additionnelle de type mécanique pendant les 12 jours qui suivent la (dernière) prise de l'ulipristal (au cas où il y en aurait eu plus d'une). - Dans l'indication fibrome : Dans le cas où la (re)prise d'une contraception hormonale est envisagée, utiliser une contraception de type mécanique pendant les 7 premiers jours de la contraception hormonale."
ULIPRISTAL,"PROGESTATIFS NON CONTRACEPTIFS, ASSOCIÉS OU NON À UN ESTROGÈNE",APEC,"Dans l'indication fibrome : Antagonisme réciproque des effets de l'ulipristal et du progestatif, avec risque d'inefficacité.",
ULIPRISTAL,RIFAMPICINE,AD,"Risque de diminution de l'effet de l'ulipristal, par augmentation de son métabolisme hépatique par l'inducteur.",Préférer une alternative thérapeutique peu ou pas métabolisée.
VACCINS VIVANTS ATTÉNUÉS,ABATACEPT,AD,"Risque de maladie vaccinale généralisée, éventuellement mortelle.",ainsi que pendant les 3 mois suivant l'arrêt du traitement.
VACCINS VIVANTS ATTÉNUÉS,ANTICORPS MONOCLONAUX (HORS ANTI-TNF ALPHA),APEC,"Risque de maladie vaccinale généralisée, éventuellement mortelle.","ASDEC - APEC Association déconseillée avec : - anifrolumab, atézolizumab, bélimumab, bimékizumab, blinatumomab, canakinumab, durvalumab, guselkumab, inébilizumab, inotuzumab, ixékizumab, obinutuzumab, ocrélizumab, ofatumumab, rituximab, sacituzumab, spésolimab, tafasitamab, tézépelumab, tocilizumab, ustékinumab avec : - alemtuzumab, amivantamab, brentuximab, cetuximab, daratumumab, dénosumab, ibritumomab, ipilimumab, natalizumab, nivolumab, panitumumab, pembrolizumab, ramucirumab, satralizumab, sécukinumab, siltuximab, tralokinumab, védolizumab"
VACCINS VIVANTS ATTÉNUÉS,ANTI-TNF ALPHA,CI,Risque de maladie vaccinale généralisée éventuellement mortelle.,Et pendant les 3 mois suivant l'arrêt du traitement.
VACCINS VIVANTS ATTÉNUÉS,BÉLATACEPT,AD,"Risque de maladie vaccinale généralisée, éventuellement mortelle.",
VACCINS VIVANTS ATTÉNUÉS,CYTOTOXIQUES,CI,Risque de maladie vaccinale généralisée éventuellement mortelle.,"- Et pendant les 6 mois suivant l'arrêt de la chimiothérapie. - Et, à l'exception de l'hydroxycarbamide dans son indication chez le patient drépanocytaire."
VACCINS VIVANTS ATTÉNUÉS,DIMÉTHYLE ( FUMARATE DE),APEC,Possible augmentation du risque infectieux.,
VACCINS VIVANTS ATTÉNUÉS,GLOBULINES ANTILYMPHOCYTAIRES,APEC,Risque de maladie généralisée éventuellement mortelle. Ce risque est majoré chez les sujets âgés déjà immunodéprimés par la maladie sous-jacente.,"En particulier, utiliser un vaccin inactivé lorsqu'il existe (poliomyélite)."
VACCINS VIVANTS ATTÉNUÉS,GLUCOCORTICOÏDES (SAUF HYDROCORTISONE),CI,"A l'exception des voies inhalées et locales, et pour des posologies supérieures à 10 mg/j d'équivalent-prednisone (ou > 2 mg/kg/j chez l'enfant ou > 20 mg/j chez l'enfant de plus de 10 kg) pendant plus de deux semaines et pour les « bolus » de corticoïdes: risque de maladie vaccinale généralisée éventuellement mortelle.",Et pendant les 3 mois suivant l'arrêt de la corticothérapie.
VACCINS VIVANTS ATTÉNUÉS,HYDROXYCARBAMIDE,AD,"Dans son indication chez le patient drépanocytaire, risque théorique de maladie vaccinale généralisée.","L'association ne devra être envisagée que si les bénéfices sont estimés comme étant supérieurs à ce risque. S'il est décidé d'interrompre le traitement par hydroxycarbamide pour effectuer la vaccination, un délai de 3 mois après l'arrêt est recommandé."
VACCINS VIVANTS ATTÉNUÉS,IMMUNOSUPPRESSEURS,CI,Risque de maladie vaccinale généralisée éventuellement mortelle.,Et pendant les 3 mois suivant l'arrêt du traitement.
VACCINS VIVANTS ATTÉNUÉS,MYCOPHENOLATE MOFETIL,CI,Risque de maladie vaccinale généralisée éventuellement mortelle.,Et pendant les 3 mois suivant l'arrêt du traitement.
VACCINS VIVANTS ATTÉNUÉS,MYCOPHENOLATE SODIQUE,CI,Risque de maladie vaccinale généralisée éventuellement mortelle.,Et pendant les 3 mois suivant l'arrêt du traitement.
VACCINS VIVANTS ATTÉNUÉS,TÉRIFLUNOMIDE,AD,"Risque de maladie vaccinale généralisée, éventuellement mortelle.",
VALGANCICLOVIR,FLUCYTOSINE,APEC,Risque de majoration de la toxicité hématologique.,
VALGANCICLOVIR,MARIBAVIR,CI,Antagonisme de la phosporylation et donc de l'effet pharmacologique du valganciclovir par le maribavir.,
"VALPROÏQUE (ACIDE) ET, PAR EXTRAPOLATION, VALPROMIDE",ACETAZOLAMIDE,PE,"Augmentation de l'hyperammoniémie, avec risque accru d'encéphalopathie.",Surveillance clinique et biologique régulière.
"VALPROÏQUE (ACIDE) ET, PAR EXTRAPOLATION, VALPROMIDE",AZTREONAM,PE,"Risque de survenue de crises convulsives, par diminution des concentrations plasmatiques de l'acide valproïque.","Surveillance clinique, dosages plasmatiques et adaptation éventuelle de la posologie de l'anticonvulsivant pendant le traitement par l'anti- infectieux et après son arrêt."
"VALPROÏQUE (ACIDE) ET, PAR EXTRAPOLATION, VALPROMIDE",CARBAMAZEPINE,PE,"Augmentation des concentrations plasmatiques du métabolite actif de la carbamazépine avec signes de surdosage. De plus, diminution des concentrations plasmatiques d'acide valproïque par augmentation de son métabolisme hépatique par la carbamazépine.","Surveillance clinique, dosages plasmatiques et adaptation de la posologie des deux anticonvulsivants."
"VALPROÏQUE (ACIDE) ET, PAR EXTRAPOLATION, VALPROMIDE",FELBAMATE,PE,"Augmentation des concentrations plasmatiques de l'acide valproïque, avec risque de surdosage.","Surveillance clinique, contrôle biologique et adaptation éventuelle de la posologie du valproate ou du valpromide pendant le traitement par le felbamate et après son arrêt."
"VALPROÏQUE (ACIDE) ET, PAR EXTRAPOLATION, VALPROMIDE",LAMOTRIGINE,AD,"Risque majoré de réactions cutanées graves (syndrome de Lyell). Par ailleurs, augmentation des concentrations plasmatiques de lamotrigine (diminution de son métabolisme hépatique par le valproate de sodium).","Si l'association s'avère nécessaire, surveillance clinique étroite."
"VALPROÏQUE (ACIDE) ET, PAR EXTRAPOLATION, VALPROMIDE",NIMODIPINE,APEC,"Avec la nimodipine par voie orale, et par extrapolation, par voie injectable : risque de majoration de l'effet hypotenseur de la nimodipine par augmentation de ses concentrations plasmatiques (diminution de son métabolisme par l'acide valproïque).",
"VALPROÏQUE (ACIDE) ET, PAR EXTRAPOLATION, VALPROMIDE",PÉNEMS,AD,"Risque de survenue de crises convulsives, par diminution rapide des concentrations plasmatiques de l'acide valproïque, pouvant devenir indétectables.",
"VALPROÏQUE (ACIDE) ET, PAR EXTRAPOLATION, VALPROMIDE","PHÉNOBARBITAL (ET, PAR EXTRAPOLATION, PRIMIDONE)",PE,"Augmentation de l'hyperammoniémie, avec risque accru d'encéphalopathie.",Surveillance clinique et biologique régulière.
"VALPROÏQUE (ACIDE) ET, PAR EXTRAPOLATION, VALPROMIDE","PHÉNYTOÏNE (ET, PAR EXTRAPOLATION, FOSPHÉNYTOÏNE)",PE,"Augmentation de l'hyperammoniémie, avec risque accru d'encéphalopathie.",Surveillance clinique et biologique régulière.
"VALPROÏQUE (ACIDE) ET, PAR EXTRAPOLATION, VALPROMIDE",RIFAMPICINE,PE,"Risque de survenue de crises convulsives, par augmentation du métabolisme hépatique du valproate par la rifampicine.","Surveillance clinique et biologique, et adaptation éventuelle de la posologie de l'anticonvulsivant pendant le traitement par la rifampicine et après son arrêt."
"VALPROÏQUE (ACIDE) ET, PAR EXTRAPOLATION, VALPROMIDE",RUFINAMIDE,PE,"Possible augmentation des concentrations de rufinamide, notamment chez l'enfant de moins de 30 kg.",Chez l'enfant de moins de 30 kg : ne pas dépasser la dose totale de 600 mg/j après la période de titration.
"VALPROÏQUE (ACIDE) ET, PAR EXTRAPOLATION, VALPROMIDE",TOPIRAMATE,PE,"Augmentation de l'hyperammoniémie, avec risque accru d'encéphalopathie.",Surveillance clinique et biologique régulière.
"VALPROÏQUE (ACIDE) ET, PAR EXTRAPOLATION, VALPROMIDE",ZIDOVUDINE,PE,"Risque d'augmentation des effets indésirables, notamment hématologiques, de la zidovudine par diminution de son métabolisme par l'acide valproïque.",Surveillance clinique et biologique régulière. Un hémogramme à la recherche d'une anémie devrait être réalisé au cours des deux premiers mois de l'association.
"VALPROÏQUE (ACIDE) ET, PAR EXTRAPOLATION, VALPROMIDE",ZONISAMIDE,PE,"Augmentation de l'hyperammoniémie, avec risque accru d'encéphalopathie.",Surveillance clinique et biologique régulière.
VANCOMYCINE,PIPÉRACILLINE/TAZOBACTAM,AD,Majoration de la néphrotoxicité par comparaison à la vancomycine seule.,
VARDENAFIL,PAMPLEMOUSSE (JUS ET FRUIT),AD,"Augmentation des concentrations plasmatiques du vardénafil, avec risque d'hypotension.",
VELPATASVIR,ANTISÉCRÉTOIRES INHIBITEURS DE LA POMPE À PROTONS,AD,Diminution des concentrations de velpatasvir et de sofosbuvir.,"Si l'association s'avère nécessaire, la bithérapie velpatasvir/sofosbuvir doit être prise au moment du repas, ou 4 heures avant la prise d'un IPP donné à dose minimale."
VELPATASVIR,EFAVIRENZ,AD,"Risque de diminution des concentrations de velpatasvir/sofosbuvir, avec possible retentissement sur l'efficacité.",
VELPATASVIR,INDUCTEURS ENZYMATIQUES PUISSANTS,CI,"Diminution des concentrations plasmatiques de velpatasvir par l'inducteur, avec possible retentissement sur l'efficacité.",
VELPATASVIR,MILLEPERTUIS,CI,"Diminution des concentrations plasmatiques de velpatasvir par le millepertuis, avec possible retentissement sur l'efficacité.",
VELPATASVIR,OXCARBAZEPINE,AD,"Risque de diminution des concentrations de velpatasvir/sofosbuvir, avec possible retentissement sur l'efficacité.",
VELPATASVIR,RIFABUTINE,CI,"Diminution des concentrations plasmatiques de velpatasvir par la rifabutine, avec possible retentissement sur l'efficacité.",
VELPATASVIR,RIFAMPICINE,CI,"Diminution des concentrations plasmatiques de velpatasvir par la rifampicine, avec possible retentissement sur l'efficacité.",
VELPATASVIR,ROSUVASTATINE,PE,Augmentation des concentrations plasmatiques de rosuvastatine par augmentation de son absorption intestinale par le velpatasvir.,"En cas d'association, ne pas dépasser 10 mg par jour de rosuvastatine."
VÉMURAFÉNIB,BUPROPION,APEC,"Risque de diminution des concentrations du bupropion, avec augmentation de son métabolite actif et toxicité majorée.",
VÉMURAFÉNIB,ESTROPROGESTATIFS CONTRACEPTIFS,AD,"Risque de diminution des concentrations des estroprogestatifs, avec pour conséquence un risque d'inefficacité.",
VÉMURAFÉNIB,IFOSFAMIDE,APEC,"Risque de diminution des concentrations de l'ifosfamide, avec augmentation de son métabolite actif et toxicité majorée.",
VÉMURAFÉNIB,IMMUNOSUPPRESSEURS,AD,"Risque de diminution des concentrations des immunosuppresseurs, avec pour conséquence un risque d'inefficacité.",
VÉMURAFÉNIB,INDUCTEURS ENZYMATIQUES,AD,"Risque de diminution des concentrations du vémurafénib, avec moindre efficacité.",
VÉMURAFÉNIB,THEOPHYLLINE,PE,"Augmentation importante des concentrations de théophylline, avec risques de majoration de ses effets indésirables.",Surveillance clinique et adaptation de la posologie de la théophylline pendant le traitement par vémurafénib et après son arrêt.
VÉNÉTOCLAX,AMIODARONE,PE,Risque d'augmentation des effets indésirables du vénétoclax par diminution de son métabolisme hépatique.,"Surveillance clinique et biologique régulière, notamment hématologique, et adaptation de la posologie du vénétoclax."
VÉNÉTOCLAX,DILTIAZEM,PE,Risque d'augmentation des effets indésirables du vénétoclax par diminution de son métabolisme hépatique.,"Surveillance clinique et biologique régulière, notamment hématologique, et adaptation de la posologie du vénétoclax."
VÉNÉTOCLAX,INDUCTEURS ENZYMATIQUES,AD,"Diminution importante des concentrations de vénétoclax, avec risque de perte d'efficacité.",
VÉNÉTOCLAX,INHIBITEURS PUISSANTS DU CYP3A4,PE,"Augmentation très importante des concentrations de vénétoclax par diminution de son métabolisme hépatique, avec risque de majoration de la toxicité, notamment hématologique.",CI - PE Contre-indication : - pendant la phase de titration. : - réduction de posologie de 75% en phase de stabilisation.
VÉNÉTOCLAX,MILLEPERTUIS,CI,"Diminution importante des concentrations de vénétoclax, avec risque de perte d'efficacité.",
VÉNÉTOCLAX,PAMPLEMOUSSE (JUS ET FRUIT),AD,"Augmentation des concentrations de vénétoclax, avec risque de majoration des effets indésirables.",
VÉNÉTOCLAX,VERAPAMIL,PE,Risque d'augmentation des effets indésirables du vénétoclax par diminution de son métabolisme hépatique.,"Surveillance clinique et biologique régulière, notamment hématologique, et adaptation de la posologie du vénétoclax."
VENLAFAXINE,CLARITHROMYCINE,APEC,Augmentation des concentrations de venlafaxine avec risque de surdosage.,
VENLAFAXINE,ERYTHROMYCINE,APEC,Augmentation des concentrations de venlafaxine avec risque de surdosage.,
VENLAFAXINE,INHIBITEURS DE PROTÉASES BOOSTÉS PAR RITONAVIR,APEC,Augmentation des concentrations de venlafaxine avec risque de surdosage.,
VENLAFAXINE,ITRACONAZOLE,APEC,Augmentation des concentrations de venlafaxine avec risque de surdosage.,
VENLAFAXINE,KETOCONAZOLE,APEC,Augmentation des concentrations de venlafaxine avec risque de surdosage.,
VENLAFAXINE,TELITHROMYCINE,APEC,Augmentation des concentrations de venlafaxine avec risque de surdosage.,
VENLAFAXINE,TRAMADOL,APEC,Risque d'apparition de convulsions et/ou d'un syndrome sérotoninergique.,
VENLAFAXINE,VORICONAZOLE,APEC,Augmentation des concentrations de venlafaxine avec risque de surdosage.,
VERAPAMIL,AFATINIB,PE,Augmentation des concentrations plasmatique d'afatinib par augmentation de son absorption par le vérapamil.,"Il est recommandé d'administrer le vérapamil le plus à distance possible de l'afatinib, en respectant de préférence un intervalle de 6 heures ou de 12 heures par rapport à la prise d'afatinib."
VERAPAMIL,AMIODARONE,PE,"Pour vérapamil voie injectable : -risque de bradycardie ou de bloc auriculo-ventriculaire. Pour vérapamil per os : -risque de bradycardie ou de bloc auriculo-ventriculaire, notamment chez les personnes âgées.","ASDEC - PE Association déconseillée avec : - le vérapamil IV Si l'association ne peut être évitée, surveillance clinique et ECG continu. avec : - le vérapamil per os Surveillance clinique et ECG."
VERAPAMIL,ANTIHYPERTENSEURS CENTRAUX,APEC,Troubles de l'automatisme (troubles de la conduction auriculo- ventriculaire par addition des effets négatifs sur la conduction).,
VERAPAMIL,ATORVASTATINE,PE,"Risque majoré d'effets indésirables (concentration-dépendants) à type de rhabdomyolyse, par diminution du métabolisme hépatique de l'hypocholestérolémiant.","Utiliser des doses plus faibles d'hypocholestérolémiant. Si l'objectif thérapeutique n'est pas atteint, utiliser une autre statine non concernée par ce type d'interaction."
VERAPAMIL,BÊTA-BLOQUANTS (SAUF ESMOLOL) (Y COMPRIS COLLYRES),AD,"Troubles de l'automatisme (bradycardie excessive, arrêt sinusal), trouble de la conduction sino-auriculaire et auriculo-ventriculaire et défaillance cardiaque.","Une telle association ne doit se faire que sous surveillance clinique et ECG étroite, en particulier chez le sujet âgé ou en début de traitement."
VERAPAMIL,BÊTA-BLOQUANTS DANS L'INSUFFISANCE CARDIAQUE,AD,"Effet inotrope négatif avec risque de décompensation de l'insuffisance cardiaque, troubles de l'automatisme (bradycardie, arrêt sinusal) et troubles de la conduction sino-auriculaire et auriculo-ventriculaire.",
VERAPAMIL,BUSPIRONE,PE,"Augmentation des concentrations plasmatiques de la buspirone par diminution de son métabolisme hépatique par le vérapamil, avec augmentation de ses effets indésirables.",Surveillance clinique et adaptation de la posologie de la buspirone si nécessaire.
VERAPAMIL,CARBAMAZEPINE,PE,"Augmentation des concentrations de carbamazépine et de sa neurotoxicité par inhibition de son métabolisme par le vérapamil. De plus, diminution des concentrations du vérapamil par augmentation de son métabolisme par la carbamazépine.",Surveillance clinique et adaptation éventuelle des posologies des deux médicaments.
VERAPAMIL,CICLOSPORINE,PE,"Augmentation des concentrations sanguines de la ciclosporine (diminution de son métabolisme hépatique), et majoration du risque de gingivopathies.","Dosage des concentrations sanguines de la ciclosporine, contrôle de la fonction rénale et adaptation de la posologie pendant l'association et après son arrêt."
VERAPAMIL,COLCHICINE,AD,"Risque de majoration des effets indésirables de la colchicine, par augmentation de ses concentrations plasmatiques par le vérapamil.",
VERAPAMIL,DABIGATRAN,PE,"Augmentation des concentrations plasmatiques de dabigatran, avec majoration du risque de saignement.","Dans l'indication post-chirurgicale : surveillance clinique et adaptation de la posologie du dabigatran à 150 mg/j en une prise, voire 75 mg/j en cas d'insuffisance rénale modérée. Dans l'indication fibrillation auriculaire : surveillance clinique et adaptation de la posologie du dabigatran à 220 mg/j en deux prises."
VERAPAMIL,DANTROLENE,CI,"Avec le dantrolène administré par perfusion : chez l'animal, des cas de fibrillations ventriculaires mortelles sont constamment observés lors de l'administration de vérapamil et de dantrolène par voie IV. L'association d'un antagoniste du calcium et de dantrolène est donc potentiellement dangereuse. Cependant, quelques patients ont reçu l'association nifédipine et dantrolène sans inconvénient.",
VERAPAMIL,DIGOXINE,PE,Bradycardie excessive et bloc auriculo-ventriculaire par majoration des effets de la digoxine sur l'automatisme et la conduction et par diminution de l'élimination rénale et extrarénale de la digoxine.,"Surveillance clinique, ECG et, éventuellement, contrôle de la digoxinémie. S'il y a lieu, adaptation de la posologie de la digoxine pendant le traitement par le vérapamil et après son arrêt."
VERAPAMIL,DOXORUBICINE,APEC,Risque de majoration de la toxicité de la doxorubicine par augmentation de ses concentrations plasmatiques.,
VERAPAMIL,DRONEDARONE,PE,"Risque de bradycardie ou de bloc auriculo-ventriculaire, notamment chez le sujet âgé. Par ailleurs, légère augmentation des concentrations de dronédarone par diminution de son métabolisme par l'antagoniste des canaux calciques.","Débuter le traitement par l'antagoniste calcique aux posologies minimales recommandées, et ajuster les doses en fonction de l'ECG."
VERAPAMIL,ERYTHROMYCINE,PE,"Bradycardie et/ou troubles de la conduction auriculo-ventriculaire, par diminution du métabolisme hépatique du vérapamil par l'érythromycine.","Surveillance clinique et ECG ; s'il y a lieu, adaptation de la posologie du vérapamil pendant le traitement par l'érythromycine et après son arrêt."
VERAPAMIL,ESMOLOL,PE,"Troubles de l'automatisme (bradycardie excessive, arrêt sinusal), troubles de la conduction sino-auriculaire et auriculo-ventriculaire et défaillance cardiaque.",ASDEC - PE Association déconseillée : - en cas d'altération de la fonction ventriculaire gauche. : - si la fonction ventriculaire gauche est normale. Surveillance clinique et ECG.
VERAPAMIL,EVEROLIMUS,PE,Augmentation des concentrations sanguines de l'évérolimus par diminution de son métabolisme hépatique par le vérapamil.,"Dosage des concentrations sanguines de l'immunosuppresseur, contrôle de la fonction rénale et adaptation de la posologie pendant l'association et après son arrêt."
VERAPAMIL,FIDAXOMICINE,AD,Augmentation des concentrations plasmatiques de la fidaxomicine.,
VERAPAMIL,IBRUTINIB,AD,Risque d'augmentation des concentrations plasmatiques d'ibrutinib par diminution de son métabolisme hépatique par le vérapamil.,"Si l'association ne peut être évitée, surveillance clinique étroite et réduction de la dose d'ibrutinib à 280 mg par jour pendant la durée de l'association."
VERAPAMIL,INHIBITEURS PUISSANTS DU CYP3A4,PE,"Bradycardie et/ou troubles de la conduction auriculo-ventriculaire, par diminution du métabolisme hépatique du vérapamil par l'inhibiteur.","Surveillance clinique et ECG. S'il y a lieu, adaptation de la posologie du vérapamil pendant le traitement par l'inhibiteur, et après son arrêt, le cas échéant."
VERAPAMIL,IVABRADINE,CI,"Augmentation des concentrations plasmatiques de l'ivabradine et de ses effets indésirables, notamment cardiaques (augmentation de son absorption et inhibition de son métabolisme hépatique par le vérapamil), qui s'ajoutent aux effets bradycardisants de ces deux médicaments.",
VERAPAMIL,MIDAZOLAM,PE,Augmentation des concentrations plasmatiques de midazolam (diminution de son métabolisme hépatique avec majoration de la sédation).,Surveillance clinique et réduction de la posologie de midazolam pendant le traitement par le vérapamil.
VERAPAMIL,MILLEPERTUIS,CI,"Réduction importante des concentrations de vérapamil, avec risque de perte de son effet thérapeutique.",
VERAPAMIL,NALOXEGOL,PE,Augmentation des concentrations plasmatiques de naloxegol par le vérapamil.,Adaptation posologique pendant l'association.
VERAPAMIL,NINTÉDANIB,PE,Augmentation des concentrations plasmatiques du nintédanib par augmentation de son absorption par le vérapamil.,Surveillance clinique pendant l'association.
VERAPAMIL,OLAPARIB,AD,Augmentation des concentrations plasmatiques d'olaparib par le vérapamil.,"Si l'association ne peut être évitée, limiter la dose d'olaparib à 200 mg deux fois par jour."
VERAPAMIL,PAMPLEMOUSSE (JUS ET FRUIT),APEC,"Augmentation des concentrations plasmatiques de vérapamil, avec risque de survenue d'effets indésirables.",
VERAPAMIL,PIMOZIDE,CI,"Risque majoré de troubles du rythme ventriculaires, notamment, de torsades de pointes.",
VERAPAMIL,QUINIDINE,AD,"Risque de majoration importante des effets hémodynamiques du vérapamil, avec hypotension et bradycardie sévères.",
VERAPAMIL,SIMVASTATINE,PE,Risque majoré d'effets indésirables (dose-dépendants) à type de rhabdomyolyse (diminution du métabolisme hépatique de l'hypocholestérolémiant).,Ne pas dépasser la posologie de 20 mg/j de simvastatine ou utiliser une autre statine non concernée par ce type d'interaction.
VERAPAMIL,SIROLIMUS,PE,Augmentation des concentrations sanguines du sirolimus (diminution de son métabolisme hépatique par le vérapamil).,"Dosage des concentrations sanguines de l'immunosuppresseur, contrôle de la fonction rénale et adaptation de la posologie pendant l'association et après son arrêt."
VERAPAMIL,TACROLIMUS,PE,Augmentation des concentrations sanguines du tacrolimus (diminution de son métabolisme hépatique par le verapamil).,"Dosage des concentrations sanguines de l'immunosuppresseur, contrôle de la fonction rénale et adaptation de la posologie pendant l'association et après son arrêt."
VERAPAMIL,TALAZOPARIB,PE,Augmentation des concentrations de talazoparib avec risque de majoration de la toxicité.,Réduire la dose de talazoparib.
VERAPAMIL,TAMSULOSINE,PE,"Risque de majoration des effets indésirables de la tamsulosine, par inhibition de son métabolisme hépatique.","Surveillance clinique et adaptation de la posologie de la tamsulosine pensant le traitement par l'inhibiteur enzymatique et après son arrêt, le cas échéant."
VERAPAMIL,TÉNOFOVIR ALAFÉNAMIDE,PE,Augmentation des concentrations plasmatiques du ténofovir alafénamide par augmentation de son absorption.,"En cas de co-administration avec le vérapamil, la dose de ténofovir alafénamide doit être limitée à 10 mg par jour."
VERAPAMIL,TICAGRELOR,APEC,Risque d'augmentation des concentrations plasmatiques de ticagrelor par diminution de son métabolisme hépatique.,
VERAPAMIL,TOLVAPTAN,PE,"Augmentation des concentrations de tolvaptan, avec risque de majoration importante des effets indésirables, notamment diurèse importante, déshydratation, insuffisance rénale aiguë.",Réduire la posologie de tolvaptan de moitié.
VERAPAMIL,VÉNÉTOCLAX,PE,Risque d'augmentation des effets indésirables du vénétoclax par diminution de son métabolisme hépatique.,"Surveillance clinique et biologique régulière, notamment hématologique, et adaptation de la posologie du vénétoclax."
VIDARABINE,ALLOPURINOL,AD,"Risque accru de troubles neurologiques (tremblements, confusion) par inhibition partielle du métabolisme de l'antiviral.",
VINCA-ALCALOÏDES CYTOTOXIQUES,FLUCONAZOLE,PE,Risque de majoration de la toxicité de l'antimitotique par diminution de son métabolisme hépatique par le fluconazole.,Surveillance clinique et biologique étroite pendant l'association.
VINCA-ALCALOÏDES CYTOTOXIQUES,INDUCTEURS ENZYMATIQUES,AD,"Diminution des concentrations plasmatiques du vinca-alcaloïde par l'inducteur, avec possible retentissement sur l'efficacité..",
VINCA-ALCALOÏDES CYTOTOXIQUES,INHIBITEURS PUISSANTS DU CYP3A4,AD,Risque de majoration de la toxicité de l'antimitotique par diminution de son métabolisme hépatique par l'inhibiteur.,"Si l'association ne peut être évitée, surveillance clinique et biologique étroite."
VINCA-ALCALOÏDES CYTOTOXIQUES,MILLEPERTUIS,CI,Risque de moindre efficacité du cytotoxique par augmentation de son métabolisme par le millepertuis.,
VINCA-ALCALOÏDES CYTOTOXIQUES,MITOMYCINE C,APEC,Risque de majoration de la toxicité pulmonaire de la mitomycine et des vinca-alcaloïdes.,
VISMODÉGIB,INDUCTEURS ENZYMATIQUES,AD,Risque de diminution des concentrations plasmatiques de vismodegib par augmentation de son métabolisme hépatique par l'inducteur.,
VISMODÉGIB,MILLEPERTUIS,CI,Risque de diminution des concentrations plasmatiques de vismodégib.,
VITAMINE A,CYCLINES,CI,"En cas d'apport de 10,000 UI/j et plus : risque d'hypertension intracrânienne.",
VITAMINE A,RÉTINOÏDES,CI,Risque de symptômes évocateurs d'une hypervitaminose A.,
VITAMINE D,INDUCTEURS ENZYMATIQUES PUISSANTS,PE,Diminution des concentrations de vitamine D plus marquée qu'en l'absence d'inducteur.,Dosage des concentrations de vitamine D et supplémentation si nécessaire.
VITAMINE D,ORLISTAT,APEC,Diminution de l'absorption de la vitamine D.,
VITAMINE D,RIFAMPICINE,PE,Diminution des concentrations de vitamine D plus marquée qu'en l'absence de traitement par la rifampicine,Dosage des concentrations de vitamine D et supplémentation si nécessaire.
VORICONAZOLE,AMIODARONE,PE,"Risque majoré de troubles du rythme ventriculaire, notamment de torsades de pointes, par possible diminution du métabolisme de l'amiodarone.","Surveillance clinique et ECG, et adaptation éventuelle de la posologie de l'amiodarone."
VORICONAZOLE,ANTIVITAMINES K,PE,Augmentation de l'effet de l'antivitamine K et du risque hémorragique par diminution de son métabolisme hépatique.,Contrôle plus fréquent de l'INR. Adaptation éventuelle de la posologie de l'antivitamine K pendant le traitement par voriconazole et 8 jours après son arrêt.
VORICONAZOLE,EFAVIRENZ,AD,Risque de baisse de l'efficacité du voriconazole par augmentation de son métabolisme hépatique par l'efavirenz.,"Si l'association ne peut être évitée, surveillance clinique étroite et adaptation de la posologie du voriconazole et de l'éfavirenz pendant l'association."
VORICONAZOLE,FLUCLOXACILLINE,AD,"Diminution des concentrations de voriconazole, avec risque d'inefficacité de l'antifongique azolé.",
VORICONAZOLE,GLIPIZIDE,PE,Risque d'augmentation des concentrations plasmatiques du glipizide à l'origine d'hypoglycémies potentiellement sévères.,"Prévenir le patient, renforcer l'autosurveillance glycémique et adapter éventuellement la posologie du sulfamide pendant et après le traitement par voriconazole."
VORICONAZOLE,IMMUNOSUPPRESSEURS,PE,Augmentation des concentrations sanguines de l'immunosuppresseur par inhibition de son métabolisme hépatique par le voriconazole.,"ASDEC - PE Association déconseillée - avec l'évérolimus, le sirolimus, et le temsirolimus. - avec la ciclosporine et le tacrolimus : dosage des concentrations sanguines de l'immunosuppresseur, contrôle de la fonction rénale et adaptation de la posologie pendant l'association et après son arrêt."
VORICONAZOLE,INHIBITEURS DE PROTÉASES BOOSTÉS PAR RITONAVIR,AD,"Baisse très importante des concentrations de l'antifongique par augmentation de son métabolisme par le ritonavir, avec risque d'échec du traitement.",
VORICONAZOLE,LÉTERMOVIR,AD,Diminution de plus de la moitié de l'exposition du voriconazole.,"Si l'association s'avère nécessaire, surveillance clinique étroite, notamment les deux premières semaines après l'instauration ou l'arrêt du traitement par létermovir."
VORICONAZOLE,METHADONE,PE,"Augmentation des concentrations plasmatiques de méthadone avec surdosage et risque majoré d'allongement de l'intervalle QT et de troubles du rythme ventriculaire, notamment de torsades de pointes.","Surveillance clinique et électrocardiographique renforcée ; si besoin, adaptation de la posologie de la méthadone pendant le traitement par le voriconazole et après son arrêt."
VORICONAZOLE,MILLEPERTUIS,CI,"Réduction importante des concentrations de voriconazole, avec risque de perte de son effet thérapeutique.",
VORICONAZOLE,NEVIRAPINE,AD,Risque de baisse de l'efficacité du voriconazole par augmentation de son métabolisme hépatique par la névirapine.,"Si l'association ne peut être évitée, surveillance clinique étroite et adaptation éventuelle de la posologie du voriconazole pendant l'association."
VORICONAZOLE,QUINIDINE,CI,"Risque majoré de troubles du rythme ventriculaire, notamment de torsades de pointes.",
VORICONAZOLE,RIFABUTINE,AD,"Diminution des concentrations plasmatiques du voriconazole avec risque de perte d'efficacité, par augmentation de son métabolisme hépatique par la rifabutine d'une part, et risque d'augmentation des effets indésirables (uvéites) de la rifabutine d'autre part.","Si l'association est jugée néccessaire, surveillance clinique et adaptation de la posologie du voriconazole (en général doublée) pendant le traitement par la rifabutine."
VORICONAZOLE,RIFAMPICINE,CI,"Diminution importante des concentrations plasmatiques du voriconazole avec risque de perte d'efficacité, par augmentation de son métabolisme hépatique par la rifampicine.",
VORICONAZOLE,VENLAFAXINE,APEC,Augmentation des concentrations de venlafaxine avec risque de surdosage.,
VOXELOTOR,INDUCTEURS ENZYMATIQUES PUISSANTS,AD,"Diminution notable des concentrations plasmatiques du voxelotor, avec risque de moindre efficacité.",
VOXELOTOR,RIFAMPICINE,AD,"Diminution notable des concentrations plasmatiques du voxelotor, avec risque de moindre efficacité.",
YOHIMBINE,ANTIHYPERTENSEURS CENTRAUX,AD,Inhibition possible de l'activité antihypertensive par antagonisme au niveau des récepteurs.,
ZIDOVUDINE,AMPHOTERICINE B,PE,Avec l'amphotéricine B administrée par voie IV : augmentation de la toxicité hématologique (addition d'effets de toxicité médullaire).,Contrôle plus fréquent de l'hémogramme.
ZIDOVUDINE,DAPSONE,PE,Augmentation de la toxicité hématologique (addition d'effets de toxicité médullaire).,Contrôle plus fréquent de l'hémogramme.
ZIDOVUDINE,FLUCYTOSINE,PE,Augmentation de la toxicité hématologique (addition d'effets de toxicité médullaire).,Contrôle plus fréquent de l'hémogramme.
ZIDOVUDINE,GANCICLOVIR,PE,Augmentation de la toxicité hématologique (addition d'effets de toxicité médullaire).,"Arrêter de façon transitoire la zidovudine ; contrôler la NFS et réintroduire, si possible, la zidovudine à doses faibles."
ZIDOVUDINE,RIBAVIRINE,PE,"Risque de diminution de l'efficacité de chaque antiviral, par antagonisme compétitif de la réaction de phosphorylation à l'origine des métabolites actifs.","Surveillance clinique et biologique régulière, notamment en début d'association."
ZIDOVUDINE,RIFAMPICINE,AD,Diminution de moitié des concentrations de la zidovudine par augmentation de son métabolisme par la rifampicine.,"Si l'association s'avère nécessaire, surveillance clinique et biologique renforcée."
ZIDOVUDINE,STAVUDINE,AD,Risque de diminution de l'efficacité de chaque antiviral par antagoniste compétitif de la réaction de phosphorylation à l'origine des métabolites actifs.,
ZIDOVUDINE,"VALPROÏQUE (ACIDE) ET, PAR EXTRAPOLATION, VALPROMIDE",PE,"Risque d'augmentation des effets indésirables, notamment hématologiques, de la zidovudine par diminution de son métabolisme par l'acide valproïque.",Surveillance clinique et biologique régulière. Un hémogramme à la recherche d'une anémie devrait être réalisé au cours des deux premiers mois de l'association.
ZINC,CALCIUM,PE,Diminution de l'absorption digestive du zinc par le calcium.,Prendre les sels de calcium à distance du zinc (plus de 2 heures si possible).
ZINC,CYCLINES,PE,Diminution de l'absorption digestive des cyclines.,Prendre les sels de zinc à distance des cyclines (plus de 2 heures si possible).
ZINC,FER,PE,Diminution de l'absorption digestive du zinc par le fer.,Prendre les sels de fer à distance du zinc (plus de 2 heures si possible).
ZINC,FLUOROQUINOLONES,PE,Diminution de l'absorption digestive des fluoroquinolones.,"Prendre les sels de zinc à distance des fluoroquinolones (plus de 2 heures, si possible)."
ZINC,INHIBITEURS D'INTÉGRASE,PE,"Risque de diminution de l'absorption digestive des inhibiteurs d'intégrase, par chélation par le cation divalent.","Prendre les sels de zinc à distance de l'antirétroviral (plus de 2 heures, si possible)."
ZINC,STRONTIUM,PE,Diminution de l'absorption digestive du strontium.,"Prendre le strontium à distance des sels de zinc (plus de deux heures, si possible)."
ZOLPIDEM,INHIBITEURS PUISSANTS DU CYP3A4,APEC,Légère augmentation de l'effet sédatif du zolpidem.,
ZOLPIDEM,RIFAMPICINE,PE,Diminution des concentrations plasmatiques et de l'efficacité du zolpidem par augmentation de son métabolisme hépatique par la rifampicine.,Surveillance clinique. Utiliser éventuellement un autre hypnotique.
ZONISAMIDE,"VALPROÏQUE (ACIDE) ET, PAR EXTRAPOLATION, VALPROMIDE",PE,"Augmentation de l'hyperammoniémie, avec risque accru d'encéphalopathie.",Surveillance clinique et biologique régulière.
ZOPICLONE,INHIBITEURS PUISSANTS DU CYP3A4,APEC,Légère augmentation de l'effet sédatif de la zopiclone.,
ZOPICLONE,RIFAMPICINE,PE,Diminution des concentrations plasmatiques et de l'efficacité de la zopiclone par augmentation de son métabolisme hépatique par la rifampicine.,Surveillance clinique. Utiliser éventuellement un autre hypnotique.
